Kategorie,Modell,Nominal_y_mm,Optimal_y_mm,Defokus_dy_um,RMS_nom_um,RMS_opt_um,r_Airy_um,RMS_opt_durch_r_Airy,Status_le_5,Vektorgrafik_Pfad
endoscopes,US05724190-1.ZMX,3.9053,3.8111,-94.192,28.380,0.000,1.215,0.0000,PASSED,/home/agent/projects/BMO_ZMX_import/examples/../test_data/dan_reiley/endoscopes/US05724190-1_diagram.pdf
endoscopes,US07379252-1.ZMX,6.4719,1.7315,-4740.403,1790.889,0.000,1.014,0.0000,PASSED,/home/agent/projects/BMO_ZMX_import/examples/../test_data/dan_reiley/endoscopes/US07379252-1_diagram.pdf
endoscopes,US08035900-2.ZMX,12.0422,12.0422,0.000,0.000,0.000,35.841,0.0000,PASSED,/home/agent/projects/BMO_ZMX_import/examples/../test_data/dan_reiley/endoscopes/US08035900-2_diagram.pdf
eyepieces,UK565851-1.zmx,49.8119,49.5799,-231.971,36.293,17.601,2.269,7.7571,ATTENTION,/home/agent/projects/BMO_ZMX_import/examples/../test_data/dan_reiley/eyepieces/UK565851-1_diagram.pdf
eyepieces,UK565851-2.zmx,57.8254,57.4013,-424.124,80.493,38.448,1.871,20.5451,ATTENTION,/home/agent/projects/BMO_ZMX_import/examples/../test_data/dan_reiley/eyepieces/UK565851-2_diagram.pdf
eyepieces,US01159233-2.zmx,53.9487,53.7570,-191.714,14.496,1.743,4.103,0.4248,PASSED,/home/agent/projects/BMO_ZMX_import/examples/../test_data/dan_reiley/eyepieces/US01159233-2_diagram.pdf
eyepieces,US01159233-3.zmx,51.5365,51.3458,-190.695,14.118,1.657,4.189,0.3956,PASSED,/home/agent/projects/BMO_ZMX_import/examples/../test_data/dan_reiley/eyepieces/US01159233-3_diagram.pdf
eyepieces,US01159233-4.zmx,55.6049,55.6063,1.426,1.975,1.971,3.986,0.4946,PASSED,/home/agent/projects/BMO_ZMX_import/examples/../test_data/dan_reiley/eyepieces/US01159233-4_diagram.pdf
eyepieces,US01366352-1.zmx,48.5848,48.1739,-410.920,73.346,34.908,1.984,17.5918,ATTENTION,/home/agent/projects/BMO_ZMX_import/examples/../test_data/dan_reiley/eyepieces/US01366352-1_diagram.pdf
eyepieces,US01478704-1.zmx,65.4129,65.1010,-311.868,65.523,31.416,1.700,18.4837,ATTENTION,/home/agent/projects/BMO_ZMX_import/examples/../test_data/dan_reiley/eyepieces/US01478704-1_diagram.pdf
eyepieces,US01478704-2.zmx,62.7498,62.4610,-288.766,56.558,27.086,1.817,14.9072,ATTENTION,/home/agent/projects/BMO_ZMX_import/examples/../test_data/dan_reiley/eyepieces/US01478704-2_diagram.pdf
eyepieces,US01479229-1.zmx,43.0371,42.7139,-323.133,37.962,18.270,2.997,6.0967,ATTENTION,/home/agent/projects/BMO_ZMX_import/examples/../test_data/dan_reiley/eyepieces/US01479229-1_diagram.pdf
eyepieces,US01479229-3.zmx,45.7867,45.4331,-353.646,53.058,25.477,2.355,10.8171,ATTENTION,/home/agent/projects/BMO_ZMX_import/examples/../test_data/dan_reiley/eyepieces/US01479229-3_diagram.pdf
eyepieces,US01479229-4.zmx,42.9099,42.6242,-285.695,33.579,16.197,2.998,5.4028,ATTENTION,/home/agent/projects/BMO_ZMX_import/examples/../test_data/dan_reiley/eyepieces/US01479229-4_diagram.pdf
eyepieces,US01759529-1.zmx,61.2220,60.9576,-264.390,42.691,21.701,2.233,9.7184,ATTENTION,/home/agent/projects/BMO_ZMX_import/examples/../test_data/dan_reiley/eyepieces/US01759529-1_diagram.pdf
eyepieces,US01759529-2.zmx,62.7050,62.4077,-297.320,58.651,28.253,1.808,15.6237,ATTENTION,/home/agent/projects/BMO_ZMX_import/examples/../test_data/dan_reiley/eyepieces/US01759529-2_diagram.pdf
eyepieces,US02206195-2.zmx,59.4656,59.1379,-327.749,55.610,26.753,2.091,12.7943,ATTENTION,/home/agent/projects/BMO_ZMX_import/examples/../test_data/dan_reiley/eyepieces/US02206195-2_diagram.pdf
eyepieces,US02217281-1.zmx,63.0013,64.3250,1323.710,152.338,10.377,2.694,3.8514,PASSED,/home/agent/projects/BMO_ZMX_import/examples/../test_data/dan_reiley/eyepieces/US02217281-1_diagram.pdf
eyepieces,US02528468-1.zmx,68.2797,75.1934,6913.673,841.661,26.421,2.544,10.3875,ATTENTION,/home/agent/projects/BMO_ZMX_import/examples/../test_data/dan_reiley/eyepieces/US02528468-1_diagram.pdf
eyepieces,US02549158-1.zmx,82.2250,82.1001,-124.914,15.527,8.546,2.976,2.8713,PASSED,/home/agent/projects/BMO_ZMX_import/examples/../test_data/dan_reiley/eyepieces/US02549158-1_diagram.pdf
eyepieces,US02549158-2.zmx,79.9512,79.7398,-211.383,32.290,16.864,2.380,7.0867,ATTENTION,/home/agent/projects/BMO_ZMX_import/examples/../test_data/dan_reiley/eyepieces/US02549158-2_diagram.pdf
eyepieces,US02549158-4.zmx,67.8915,67.5107,-380.834,34.857,15.196,3.741,4.0622,PASSED,/home/agent/projects/BMO_ZMX_import/examples/../test_data/dan_reiley/eyepieces/US02549158-4_diagram.pdf
eyepieces,US02621564-1.zmx,80.5062,79.3498,-1156.414,133.756,31.082,2.749,11.3051,ATTENTION,/home/agent/projects/BMO_ZMX_import/examples/../test_data/dan_reiley/eyepieces/US02621564-1_diagram.pdf
eyepieces,US02621564-2.zmx,80.0046,78.9878,-1016.819,120.211,32.235,2.716,11.8681,ATTENTION,/home/agent/projects/BMO_ZMX_import/examples/../test_data/dan_reiley/eyepieces/US02621564-2_diagram.pdf
eyepieces,US02637245-3.zmx,71.0982,70.6673,-430.839,131.098,59.284,1.181,50.1969,ATTENTION,/home/agent/projects/BMO_ZMX_import/examples/../test_data/dan_reiley/eyepieces/US02637245-3_diagram.pdf
eyepieces,US02637245-4.zmx,74.1458,73.7018,-443.965,120.578,56.613,1.324,42.7723,ATTENTION,/home/agent/projects/BMO_ZMX_import/examples/../test_data/dan_reiley/eyepieces/US02637245-4_diagram.pdf
eyepieces,US04099842-1.zmx,286.9694,294.0667,7097.229,707.421,32.265,3.100,10.4071,ATTENTION,/home/agent/projects/BMO_ZMX_import/examples/../test_data/dan_reiley/eyepieces/US04099842-1_diagram.pdf
eyepieces,US04497546-1.zmx,51.9824,50.4191,-1563.267,108.695,2.472,4.427,0.5584,PASSED,/home/agent/projects/BMO_ZMX_import/examples/../test_data/dan_reiley/eyepieces/US04497546-1_diagram.pdf
eyepieces,US04720183-1.zmx,108.0676,95.5251,-12542.550,614.175,0.358,6.277,0.0570,PASSED,/home/agent/projects/BMO_ZMX_import/examples/../test_data/dan_reiley/eyepieces/US04720183-1_diagram.pdf
eyepieces,US04747675-2.zmx,53.2628,46.9825,-6280.357,485.270,1.952,3.987,0.4897,PASSED,/home/agent/projects/BMO_ZMX_import/examples/../test_data/dan_reiley/eyepieces/US04747675-2_diagram.pdf
eyepieces,US05059004-1.zmx,30.7403,30.8798,139.534,27.094,0.378,1.514,0.2499,PASSED,/home/agent/projects/BMO_ZMX_import/examples/../test_data/dan_reiley/eyepieces/US05059004-1_diagram.pdf
eyepieces,US05162945-1.zmx,2.2899,2.0795,-210.407,116.043,26.514,0.623,42.5513,ATTENTION,/home/agent/projects/BMO_ZMX_import/examples/../test_data/dan_reiley/eyepieces/US05162945-1_diagram.pdf
eyepieces,US05227918-1.zmx,2.8966,1.4797,-1416.879,1718.539,214.095,0.405,528.6072,ATTENTION,/home/agent/projects/BMO_ZMX_import/examples/../test_data/dan_reiley/eyepieces/US05227918-1_diagram.pdf
eyepieces,US05255121-1.zmx,68.6508,62.9635,-5687.283,610.220,11.173,2.881,3.8788,PASSED,/home/agent/projects/BMO_ZMX_import/examples/../test_data/dan_reiley/eyepieces/US05255121-1_diagram.pdf
eyepieces,US05546237-1.zmx,43.0678,43.0074,-60.431,4.894,2.282,4.298,0.5309,PASSED,/home/agent/projects/BMO_ZMX_import/examples/../test_data/dan_reiley/eyepieces/US05546237-1_diagram.pdf
eyepieces,US05557464-1.zmx,157.5237,-82997.3969,-83154920.597,8903.791,2004.215,2632.618,0.7613,PASSED,/home/agent/projects/BMO_ZMX_import/examples/../test_data/dan_reiley/eyepieces/US05557464-1_diagram.pdf
eyepieces,US05568319-1.zmx,32.0061,31.8697,-136.390,21.667,8.774,2.140,4.1002,PASSED,/home/agent/projects/BMO_ZMX_import/examples/../test_data/dan_reiley/eyepieces/US05568319-1_diagram.pdf
eyepieces,US05579167-1.zmx,58.5017,52.5490,-5952.662,512.880,2.921,3.579,0.8163,PASSED,/home/agent/projects/BMO_ZMX_import/examples/../test_data/dan_reiley/eyepieces/US05579167-1_diagram.pdf
eyepieces,US05587837-1.zmx,135.1978,135.0888,-108.945,10.430,2.641,3.332,0.7925,PASSED,/home/agent/projects/BMO_ZMX_import/examples/../test_data/dan_reiley/eyepieces/US05587837-1_diagram.pdf
eyepieces,US05612823-1.zmx,59.1644,49.0971,-10067.282,502.250,0.450,6.162,0.0731,PASSED,/home/agent/projects/BMO_ZMX_import/examples/../test_data/dan_reiley/eyepieces/US05612823-1_diagram.pdf
eyepieces,US05638213-1.zmx,50.8670,44.0910,-6776.036,440.297,1.245,4.736,0.2628,PASSED,/home/agent/projects/BMO_ZMX_import/examples/../test_data/dan_reiley/eyepieces/US05638213-1_diagram.pdf
eyepieces,US05659422-1.zmx,28.2664,28.2129,-53.481,7.439,3.735,2.574,1.4512,PASSED,/home/agent/projects/BMO_ZMX_import/examples/../test_data/dan_reiley/eyepieces/US05659422-1_diagram.pdf
eyepieces,US05663834-1.zmx,81.7547,-119.6564,-201411.181,3002.344,278.625,20.049,13.8974,ATTENTION,/home/agent/projects/BMO_ZMX_import/examples/../test_data/dan_reiley/eyepieces/US05663834-1_diagram.pdf
eyepieces,US05691850-1.zmx,51.2678,54.4025,3134.740,284.176,1.195,3.404,0.3511,PASSED,/home/agent/projects/BMO_ZMX_import/examples/../test_data/dan_reiley/eyepieces/US05691850-1_diagram.pdf
eyepieces,US05726808-1.zmx,41.5548,41.4704,-84.428,7.558,3.669,3.935,0.9325,PASSED,/home/agent/projects/BMO_ZMX_import/examples/../test_data/dan_reiley/eyepieces/US05726808-1_diagram.pdf
eyepieces,US05748380-1.zmx,67.1177,53.1289,-13988.763,968.025,1.309,4.448,0.2942,PASSED,/home/agent/projects/BMO_ZMX_import/examples/../test_data/dan_reiley/eyepieces/US05748380-1_diagram.pdf
eyepieces,US05751495-1.zmx,28.9614,28.9226,-38.835,5.182,2.706,2.718,0.9954,PASSED,/home/agent/projects/BMO_ZMX_import/examples/../test_data/dan_reiley/eyepieces/US05751495-1_diagram.pdf
eyepieces,US05774270-1.zmx,49.3860,49.3470,-39.038,3.450,1.704,3.752,0.4541,PASSED,/home/agent/projects/BMO_ZMX_import/examples/../test_data/dan_reiley/eyepieces/US05774270-1_diagram.pdf
eyepieces,US05812324-1.zmx,52.7750,50.4403,-2334.676,244.595,3.431,2.761,1.2424,PASSED,/home/agent/projects/BMO_ZMX_import/examples/../test_data/dan_reiley/eyepieces/US05812324-1_diagram.pdf
eyepieces,US05815317-1.zmx,55.6039,55.4011,-202.810,24.075,11.652,2.973,3.9188,PASSED,/home/agent/projects/BMO_ZMX_import/examples/../test_data/dan_reiley/eyepieces/US05815317-1_diagram.pdf
eyepieces,US05877900-1.zmx,55.5635,55.1298,-433.678,62.218,18.687,2.268,8.2384,ATTENTION,/home/agent/projects/BMO_ZMX_import/examples/../test_data/dan_reiley/eyepieces/US05877900-1_diagram.pdf
eyepieces,US05973847-1.zmx,59.2750,61.2079,1932.832,133.444,2.156,4.459,0.4836,PASSED,/home/agent/projects/BMO_ZMX_import/examples/../test_data/dan_reiley/eyepieces/US05973847-1_diagram.pdf
eyepieces,US05986816-1.zmx,40.8745,40.4705,-403.965,49.862,7.908,2.538,3.1154,PASSED,/home/agent/projects/BMO_ZMX_import/examples/../test_data/dan_reiley/eyepieces/US05986816-1_diagram.pdf
eyepieces,US06008949-1.zmx,59.2750,50.1194,-9155.614,1220.174,3.593,2.329,1.5428,PASSED,/home/agent/projects/BMO_ZMX_import/examples/../test_data/dan_reiley/eyepieces/US06008949-1_diagram.pdf
eyepieces,US06011655-1.zmx,30.5742,30.5431,-31.083,3.052,1.489,3.598,0.4140,PASSED,/home/agent/projects/BMO_ZMX_import/examples/../test_data/dan_reiley/eyepieces/US06011655-1_diagram.pdf
eyepieces,US06069750-1.zmx,58.4322,58.3785,-53.730,5.570,2.694,3.182,0.8465,PASSED,/home/agent/projects/BMO_ZMX_import/examples/../test_data/dan_reiley/eyepieces/US06069750-1_diagram.pdf
eyepieces,US06094310-1.zmx,363.3485,-76327.8150,-76691163.548,19945.244,1565.666,1081.290,1.4480,PASSED,/home/agent/projects/BMO_ZMX_import/examples/../test_data/dan_reiley/eyepieces/US06094310-1_diagram.pdf
eyepieces,US06104542-1.zmx,56.1000,56.0908,-9.241,2.920,2.831,3.984,0.7106,PASSED,/home/agent/projects/BMO_ZMX_import/examples/../test_data/dan_reiley/eyepieces/US06104542-1_diagram.pdf
eyepieces,US06166861-1.zmx,50.1488,42.9588,-7190.031,1187.982,2.877,1.889,1.5229,PASSED,/home/agent/projects/BMO_ZMX_import/examples/../test_data/dan_reiley/eyepieces/US06166861-1_diagram.pdf
eyepieces,US06692163-1.zmx,137.7030,142.4578,4754.796,306.951,5.491,4.767,1.1519,PASSED,/home/agent/projects/BMO_ZMX_import/examples/../test_data/dan_reiley/eyepieces/US06692163-1_diagram.pdf
eyepieces,US06735018-7.zmx,240.6300,-172.3436,-412973.598,16313.999,312.717,7.827,39.9525,ATTENTION,/home/agent/projects/BMO_ZMX_import/examples/../test_data/dan_reiley/eyepieces/US06735018-7_diagram.pdf
eyepieces,US06809875-1.zmx,28.1801,28.3292,149.118,19.127,2.036,2.430,0.8376,PASSED,/home/agent/projects/BMO_ZMX_import/examples/../test_data/dan_reiley/eyepieces/US06809875-1_diagram.pdf
eyepieces,US06962447-1.zmx,133.3451,135.4874,2142.244,142.994,4.610,4.613,0.9994,PASSED,/home/agent/projects/BMO_ZMX_import/examples/../test_data/dan_reiley/eyepieces/US06962447-1_diagram.pdf
eyepieces,US07177087-1.zmx,102.7684,102.4604,-307.955,59.970,22.721,1.738,13.0701,ATTENTION,/home/agent/projects/BMO_ZMX_import/examples/../test_data/dan_reiley/eyepieces/US07177087-1_diagram.pdf
eyepieces,US07509046-1.zmx,205.1096,207.4740,2364.383,178.233,0.808,4.087,0.1978,PASSED,/home/agent/projects/BMO_ZMX_import/examples/../test_data/dan_reiley/eyepieces/US07509046-1_diagram.pdf
eyepieces,US07924507-1.zmx,121.9639,-11.5955,-133559.400,13609.334,0.000,3.431,0.0001,PASSED,/home/agent/projects/BMO_ZMX_import/examples/../test_data/dan_reiley/eyepieces/US07924507-1_diagram.pdf
eyepieces,US07969658-1.zmx,38.9553,38.9998,44.449,6.007,0.609,2.309,0.2637,PASSED,/home/agent/projects/BMO_ZMX_import/examples/../test_data/dan_reiley/eyepieces/US07969658-1_diagram.pdf
eyepieces,US08345139-1.zmx,57.0000,52.1261,-4873.940,2515.152,537.205,0.693,775.6999,ATTENTION,/home/agent/projects/BMO_ZMX_import/examples/../test_data/dan_reiley/eyepieces/US08345139-1_diagram.pdf
eyepieces,US08503089-1.zmx,156.3000,174.5215,18221.548,2184.848,151.979,2.414,62.9655,ATTENTION,/home/agent/projects/BMO_ZMX_import/examples/../test_data/dan_reiley/eyepieces/US08503089-1_diagram.pdf
microscope-objectives,DE10316415-1.zmx,43.3376,43.7072,369.641,607.905,553.008,0.580,953.4146,ATTENTION,/home/agent/projects/BMO_ZMX_import/examples/../test_data/dan_reiley/microscope-objectives/DE10316415-1_diagram.pdf
microscope-objectives,JP1985-063512-1.zmx,23.1863,23.1860,-0.358,0.115,0.000,1.147,0.0000,PASSED,/home/agent/projects/BMO_ZMX_import/examples/../test_data/dan_reiley/microscope-objectives/JP1985-063512-1_diagram.pdf
microscope-objectives,JP1987-049313-2.zmx,24.6206,23.3740,-1246.583,470.182,0.000,0.994,0.0000,PASSED,/home/agent/projects/BMO_ZMX_import/examples/../test_data/dan_reiley/microscope-objectives/JP1987-049313-2_diagram.pdf
microscope-objectives,JP1997-101462-1.zmx,36.8265,36.7637,-62.799,27.774,0.000,0.868,0.0000,PASSED,/home/agent/projects/BMO_ZMX_import/examples/../test_data/dan_reiley/microscope-objectives/JP1997-101462-1_diagram.pdf
microscope-objectives,JP1999-167067-1.zmx,71.0754,70.9428,-132.574,52.493,3.099,0.850,3.6473,PASSED,/home/agent/projects/BMO_ZMX_import/examples/../test_data/dan_reiley/microscope-objectives/JP1999-167067-1_diagram.pdf
microscope-objectives,JP1999-174338-1.zmx,62.1403,62.1420,1.662,0.863,0.844,2.865,0.2945,PASSED,/home/agent/projects/BMO_ZMX_import/examples/../test_data/dan_reiley/microscope-objectives/JP1999-174338-1_diagram.pdf
microscope-objectives,JP1999-174338-2.zmx,52.8003,52.7968,-3.485,0.497,0.087,2.211,0.0393,PASSED,/home/agent/projects/BMO_ZMX_import/examples/../test_data/dan_reiley/microscope-objectives/JP1999-174338-2_diagram.pdf
microscope-objectives,JP1999-174338-4.zmx,46.5000,46.5009,0.864,0.129,0.008,2.089,0.0037,PASSED,/home/agent/projects/BMO_ZMX_import/examples/../test_data/dan_reiley/microscope-objectives/JP1999-174338-4_diagram.pdf
microscope-objectives,JP1999-174338-5.zmx,59.2432,59.2385,-4.650,0.815,0.059,1.790,0.0329,PASSED,/home/agent/projects/BMO_ZMX_import/examples/../test_data/dan_reiley/microscope-objectives/JP1999-174338-5_diagram.pdf
microscope-objectives,JP2007-206404-1.zmx,47.2917,47.2711,-20.639,7.329,0.205,0.931,0.2201,PASSED,/home/agent/projects/BMO_ZMX_import/examples/../test_data/dan_reiley/microscope-objectives/JP2007-206404-1_diagram.pdf
microscope-objectives,US03598473-2.zmx,39.4807,-2319.5000,-2358980.656,2499.598,0.000,330.098,0.0000,PASSED,/home/agent/projects/BMO_ZMX_import/examples/../test_data/dan_reiley/microscope-objectives/US03598473-2_diagram.pdf
microscope-objectives,US03659923-1.zmx,26.6521,26.3762,-275.894,404.407,76.642,0.412,185.8366,ATTENTION,/home/agent/projects/BMO_ZMX_import/examples/../test_data/dan_reiley/microscope-objectives/US03659923-1_diagram.pdf
microscope-objectives,US03659924-1.zmx,17.8848,19.1800,1295.204,615.724,254.770,0.698,365.2207,ATTENTION,/home/agent/projects/BMO_ZMX_import/examples/../test_data/dan_reiley/microscope-objectives/US03659924-1_diagram.pdf
microscope-objectives,US03700311-1.zmx,27.6021,31.8768,4274.610,1263.507,0.000,1.250,0.0000,PASSED,/home/agent/projects/BMO_ZMX_import/examples/../test_data/dan_reiley/microscope-objectives/US03700311-1_diagram.pdf
microscope-objectives,US03711186-2.zmx,45.8735,45.9162,42.771,31.181,1.666,0.549,3.0331,PASSED,/home/agent/projects/BMO_ZMX_import/examples/../test_data/dan_reiley/microscope-objectives/US03711186-2_diagram.pdf
microscope-objectives,US03744881-1.zmx,56.8911,57.5054,614.317,19.361,7.241,10.532,0.6875,PASSED,/home/agent/projects/BMO_ZMX_import/examples/../test_data/dan_reiley/microscope-objectives/US03744881-1_diagram.pdf
microscope-objectives,US03744881-2.zmx,54.8838,54.8722,-11.651,0.597,0.333,7.229,0.0461,PASSED,/home/agent/projects/BMO_ZMX_import/examples/../test_data/dan_reiley/microscope-objectives/US03744881-2_diagram.pdf
microscope-objectives,US03806231-1.zmx,24.2095,24.2092,-0.335,0.089,0.000,1.363,0.0000,PASSED,/home/agent/projects/BMO_ZMX_import/examples/../test_data/dan_reiley/microscope-objectives/US03806231-1_diagram.pdf
microscope-objectives,US03868175-2.zmx,14.8313,16.7439,1912.588,698.508,25.587,0.905,28.2849,ATTENTION,/home/agent/projects/BMO_ZMX_import/examples/../test_data/dan_reiley/microscope-objectives/US03868175-2_diagram.pdf
microscope-objectives,US03902791-2.zmx,18.6280,18.6033,-24.753,16.722,2.230,0.575,3.8762,PASSED,/home/agent/projects/BMO_ZMX_import/examples/../test_data/dan_reiley/microscope-objectives/US03902791-2_diagram.pdf
microscope-objectives,US03925910-1.zmx,28.2951,28.0888,-206.320,61.909,1.560,1.080,1.4454,PASSED,/home/agent/projects/BMO_ZMX_import/examples/../test_data/dan_reiley/microscope-objectives/US03925910-1_diagram.pdf
microscope-objectives,US04009945-1.zmx,15.7382,13.6863,-2051.882,1271.249,600.857,0.724,830.0785,ATTENTION,/home/agent/projects/BMO_ZMX_import/examples/../test_data/dan_reiley/microscope-objectives/US04009945-1_diagram.pdf
microscope-objectives,US04037934-1.zmx,3.5711,3.5636,-7.484,8.573,0.415,0.442,0.9373,PASSED,/home/agent/projects/BMO_ZMX_import/examples/../test_data/dan_reiley/microscope-objectives/US04037934-1_diagram.pdf
microscope-objectives,US04054369-1.zmx,47.5467,47.5454,-1.368,0.351,0.180,1.436,0.1250,PASSED,/home/agent/projects/BMO_ZMX_import/examples/../test_data/dan_reiley/microscope-objectives/US04054369-1_diagram.pdf
microscope-objectives,US04126377-1.zmx,107.8200,-44.0436,-151863.653,2358.580,0.000,22.524,0.0000,PASSED,/home/agent/projects/BMO_ZMX_import/examples/../test_data/dan_reiley/microscope-objectives/US04126377-1_diagram.pdf
microscope-objectives,US04150871-1.zmx,1.4590,0.6128,-846.258,569.630,403.113,0.564,715.0959,ATTENTION,/home/agent/projects/BMO_ZMX_import/examples/../test_data/dan_reiley/microscope-objectives/US04150871-1_diagram.pdf
microscope-objectives,US04174151-1.zmx,5.6425,5.6587,16.225,5.759,0.389,0.933,0.4171,PASSED,/home/agent/projects/BMO_ZMX_import/examples/../test_data/dan_reiley/microscope-objectives/US04174151-1_diagram.pdf
microscope-objectives,US04231637-1.zmx,26.6505,26.6383,-12.159,2.978,0.018,1.299,0.0138,PASSED,/home/agent/projects/BMO_ZMX_import/examples/../test_data/dan_reiley/microscope-objectives/US04231637-1_diagram.pdf
microscope-objectives,US04232941-1.zmx,45.1932,45.1920,-1.223,0.231,0.000,1.882,0.0000,PASSED,/home/agent/projects/BMO_ZMX_import/examples/../test_data/dan_reiley/microscope-objectives/US04232941-1_diagram.pdf
microscope-objectives,US04279477-1.zmx,21.1712,21.1664,-4.841,1.728,0.205,0.932,0.2203,PASSED,/home/agent/projects/BMO_ZMX_import/examples/../test_data/dan_reiley/microscope-objectives/US04279477-1_diagram.pdf
microscope-objectives,US04326779-1.zmx,45.4301,43.1570,-2273.099,674.203,6.753,1.087,6.2110,ATTENTION,/home/agent/projects/BMO_ZMX_import/examples/../test_data/dan_reiley/microscope-objectives/US04326779-1_diagram.pdf
microscope-objectives,US04379623-1.zmx,32.3633,32.1204,-242.885,285.267,8.817,0.438,20.1148,ATTENTION,/home/agent/projects/BMO_ZMX_import/examples/../test_data/dan_reiley/microscope-objectives/US04379623-1_diagram.pdf
microscope-objectives,US04384765-1.zmx,46.0588,45.8035,-255.284,329.484,178.117,0.466,382.2781,ATTENTION,/home/agent/projects/BMO_ZMX_import/examples/../test_data/dan_reiley/microscope-objectives/US04384765-1_diagram.pdf
microscope-objectives,US04403835-1.zmx,23.5263,23.5176,-8.698,3.090,0.075,0.930,0.0801,PASSED,/home/agent/projects/BMO_ZMX_import/examples/../test_data/dan_reiley/microscope-objectives/US04403835-1_diagram.pdf
microscope-objectives,US04417787 -1.zmx,47.1441,41.4749,-5669.187,1960.709,0.000,1.073,0.0000,PASSED,/home/agent/projects/BMO_ZMX_import/examples/../test_data/dan_reiley/microscope-objectives/US04417787 -1_diagram.pdf
microscope-objectives,US04501474-1.zmx,0.9233,0.9233,0.000,428.174,428.174,35.841,11.9464,ATTENTION,/home/agent/projects/BMO_ZMX_import/examples/../test_data/dan_reiley/microscope-objectives/US04501474-1_diagram.pdf
microscope-objectives,US04588264-2.zmx,36.4361,36.4380,1.895,0.602,0.000,1.158,0.0000,PASSED,/home/agent/projects/BMO_ZMX_import/examples/../test_data/dan_reiley/microscope-objectives/US04588264-2_diagram.pdf
microscope-objectives,US04592624_1.zmx,51.1080,51.0036,-104.377,7.645,2.382,4.423,0.5386,PASSED,/home/agent/projects/BMO_ZMX_import/examples/../test_data/dan_reiley/microscope-objectives/US04592624_1_diagram.pdf
microscope-objectives,US04624535-1.zmx,21.4454,21.4470,1.632,1.260,1.118,0.929,1.2037,PASSED,/home/agent/projects/BMO_ZMX_import/examples/../test_data/dan_reiley/microscope-objectives/US04624535-1_diagram.pdf
microscope-objectives,US05132845-1b.zmx,42.0798,40.8557,-1224.068,141.368,4.856,2.714,1.7892,PASSED,/home/agent/projects/BMO_ZMX_import/examples/../test_data/dan_reiley/microscope-objectives/US05132845-1b_diagram.pdf
microscope-objectives,US05406421-1.zmx,20.4863,20.5312,44.885,17.540,0.000,0.985,0.0000,PASSED,/home/agent/projects/BMO_ZMX_import/examples/../test_data/dan_reiley/microscope-objectives/US05406421-1_diagram.pdf
microscope-objectives,US05636058-1.zmx,36.5596,36.5602,0.545,0.976,0.003,0.394,0.0077,PASSED,/home/agent/projects/BMO_ZMX_import/examples/../test_data/dan_reiley/microscope-objectives/US05636058-1_diagram.pdf
microscope-objectives,US05659425-1.zmx,25.5577,16.6214,-8936.280,237.265,0.000,13.179,0.0000,PASSED,/home/agent/projects/BMO_ZMX_import/examples/../test_data/dan_reiley/microscope-objectives/US05659425-1_diagram.pdf
microscope-objectives,US05757552-1.zmx,114.5987,115.4295,830.742,378.092,24.244,0.759,31.9472,ATTENTION,/home/agent/projects/BMO_ZMX_import/examples/../test_data/dan_reiley/microscope-objectives/US05757552-1_diagram.pdf
microscope-objectives,US05757552-2.zmx,99.3333,99.3138,-19.444,3.398,0.063,1.790,0.0353,PASSED,/home/agent/projects/BMO_ZMX_import/examples/../test_data/dan_reiley/microscope-objectives/US05757552-2_diagram.pdf
microscope-objectives,US05774272-3.zmx,59.3215,59.5558,234.290,20.197,1.702,3.590,0.4741,PASSED,/home/agent/projects/BMO_ZMX_import/examples/../test_data/dan_reiley/microscope-objectives/US05774272-3_diagram.pdf
microscope-objectives,US05808807-2.zmx,32.0757,29.5035,-2572.118,1825.765,0.000,0.619,0.0000,PASSED,/home/agent/projects/BMO_ZMX_import/examples/../test_data/dan_reiley/microscope-objectives/US05808807-2_diagram.pdf
microscope-objectives,US05861996-1.zmx,62.8664,61.6196,-1246.858,1408.366,902.440,0.525,1719.4533,ATTENTION,/home/agent/projects/BMO_ZMX_import/examples/../test_data/dan_reiley/microscope-objectives/US05861996-1_diagram.pdf
microscope-objectives,US05886826-1.zmx,64.7787,64.7787,0.000,0.000,0.000,15.128,0.0000,PASSED,/home/agent/projects/BMO_ZMX_import/examples/../test_data/dan_reiley/microscope-objectives/US05886826-1_diagram.pdf
microscope-objectives,US05889618-1.zmx,33.9049,33.8584,-46.519,16.626,0.804,0.926,0.8680,PASSED,/home/agent/projects/BMO_ZMX_import/examples/../test_data/dan_reiley/microscope-objectives/US05889618-1_diagram.pdf
microscope-objectives,US05982559-1.zmx,64.4837,73.5182,9034.586,1628.947,0.000,1.973,0.0000,PASSED,/home/agent/projects/BMO_ZMX_import/examples/../test_data/dan_reiley/microscope-objectives/US05982559-1_diagram.pdf
microscope-objectives,US06016226-1.zmx,98.1900,98.1898,-0.213,0.372,0.347,0.603,0.5764,PASSED,/home/agent/projects/BMO_ZMX_import/examples/../test_data/dan_reiley/microscope-objectives/US06016226-1_diagram.pdf
microscope-objectives,US06128128-2.zmx,221.5300,236.8780,15347.975,636.880,15.527,7.408,2.0959,PASSED,/home/agent/projects/BMO_ZMX_import/examples/../test_data/dan_reiley/microscope-objectives/US06128128-2_diagram.pdf
microscope-objectives,US06128139-2.zmx,237.4569,235.4118,-2045.175,134.286,0.157,4.687,0.0336,PASSED,/home/agent/projects/BMO_ZMX_import/examples/../test_data/dan_reiley/microscope-objectives/US06128139-2_diagram.pdf
microscope-objectives,US06128139-3.zmx,46.2203,46.2324,12.096,2.702,0.442,1.434,0.3083,PASSED,/home/agent/projects/BMO_ZMX_import/examples/../test_data/dan_reiley/microscope-objectives/US06128139-3_diagram.pdf
microscope-objectives,US06507442-1.zmx,47.0312,52.7440,5712.842,908.921,0.000,0.955,0.0000,PASSED,/home/agent/projects/BMO_ZMX_import/examples/../test_data/dan_reiley/microscope-objectives/US06507442-1_diagram.pdf
microscope-objectives,US06519092-1.zmx,45.1823,49.6766,4494.344,1067.766,0.000,1.515,0.0000,PASSED,/home/agent/projects/BMO_ZMX_import/examples/../test_data/dan_reiley/microscope-objectives/US06519092-1_diagram.pdf
microscope-objectives,US07158310-1.zmx,41.3485,41.3348,-13.727,1.076,0.000,3.811,0.0000,PASSED,/home/agent/projects/BMO_ZMX_import/examples/../test_data/dan_reiley/microscope-objectives/US07158310-1_diagram.pdf
microscope-objectives,US07158310-2.zmx,39.0748,39.0694,-5.418,0.655,0.296,2.440,0.1213,PASSED,/home/agent/projects/BMO_ZMX_import/examples/../test_data/dan_reiley/microscope-objectives/US07158310-2_diagram.pdf
microscope-objectives,US07158310-3.zmx,47.2467,47.2603,13.591,1.706,0.302,2.507,0.1205,PASSED,/home/agent/projects/BMO_ZMX_import/examples/../test_data/dan_reiley/microscope-objectives/US07158310-3_diagram.pdf
microscope-objectives,US07245438-1.zmx,44.7613,43.7807,-980.587,437.327,200.941,0.815,246.4962,ATTENTION,/home/agent/projects/BMO_ZMX_import/examples/../test_data/dan_reiley/microscope-objectives/US07245438-1_diagram.pdf
microscope-objectives,US07245438-2.zmx,44.6687,44.6686,-0.090,0.036,0.000,0.932,0.0000,PASSED,/home/agent/projects/BMO_ZMX_import/examples/../test_data/dan_reiley/microscope-objectives/US07245438-2_diagram.pdf
microscope-objectives,US07268953-1.zmx,48.3254,40.9293,-7396.020,1083.899,0.000,2.472,0.0000,PASSED,/home/agent/projects/BMO_ZMX_import/examples/../test_data/dan_reiley/microscope-objectives/US07268953-1_diagram.pdf
microscope-objectives,US07349162-1.zmx,46.0542,45.8304,-223.841,211.014,0.000,0.523,0.0000,PASSED,/home/agent/projects/BMO_ZMX_import/examples/../test_data/dan_reiley/microscope-objectives/US07349162-1_diagram.pdf
microscope-objectives,US07633675-1.zmx,45.2803,45.2803,0.000,0.000,0.000,16.226,0.0000,PASSED,/home/agent/projects/BMO_ZMX_import/examples/../test_data/dan_reiley/microscope-objectives/US07633675-1_diagram.pdf
microscope-objectives,US07672057-1.zmx,40.8629,40.8868,23.951,6.126,1.963,1.312,1.4955,PASSED,/home/agent/projects/BMO_ZMX_import/examples/../test_data/dan_reiley/microscope-objectives/US07672057-1_diagram.pdf
microscope-objectives,US07889433-2.ZMX,64.1787,64.6797,500.970,324.031,0.000,0.649,0.0000,PASSED,/home/agent/projects/BMO_ZMX_import/examples/../test_data/dan_reiley/microscope-objectives/US07889433-2_diagram.pdf
microscope-objectives,US07907348-2.zmx,29.0655,29.0449,-20.543,7.681,0.000,1.002,0.0000,PASSED,/home/agent/projects/BMO_ZMX_import/examples/../test_data/dan_reiley/microscope-objectives/US07907348-2_diagram.pdf
microscope-objectives,US07982961-1.zmx,65.6758,66.1843,508.462,202.204,0.000,0.950,0.0000,PASSED,/home/agent/projects/BMO_ZMX_import/examples/../test_data/dan_reiley/microscope-objectives/US07982961-1_diagram.pdf
microscope-objectives,US09488818-1.zmx,40.4576,40.2223,-235.306,355.530,62.843,0.410,153.2782,ATTENTION,/home/agent/projects/BMO_ZMX_import/examples/../test_data/dan_reiley/microscope-objectives/US09488818-1_diagram.pdf
microscope-objectives,US09696536-1.zmx,32.4827,33.5639,1081.187,400.251,135.248,0.962,140.6244,ATTENTION,/home/agent/projects/BMO_ZMX_import/examples/../test_data/dan_reiley/microscope-objectives/US09696536-1_diagram.pdf
microscope-objectives,US20020034018-1.zmx,56.6257,55.9918,-633.891,221.510,0.899,0.944,0.9523,PASSED,/home/agent/projects/BMO_ZMX_import/examples/../test_data/dan_reiley/microscope-objectives/US20020034018-1_diagram.pdf
microscope-objectives,US20030043473-1.zmx,34.3508,34.3871,36.380,5.531,0.000,2.328,0.0000,PASSED,/home/agent/projects/BMO_ZMX_import/examples/../test_data/dan_reiley/microscope-objectives/US20030043473-1_diagram.pdf
microscope-objectives,US20080247050-1.zmx,33.6639,33.6711,7.140,0.864,0.159,2.603,0.0610,PASSED,/home/agent/projects/BMO_ZMX_import/examples/../test_data/dan_reiley/microscope-objectives/US20080247050-1_diagram.pdf
microscope-objectives,US20150248001-1.zmx,81.2001,102.2487,21048.611,1095.739,0.000,6.729,0.0000,PASSED,/home/agent/projects/BMO_ZMX_import/examples/../test_data/dan_reiley/microscope-objectives/US20150248001-1_diagram.pdf
microscope-objectives,US20150248001-2.zmx,44.6783,44.6650,-13.342,2.205,0.000,2.147,0.0000,PASSED,/home/agent/projects/BMO_ZMX_import/examples/../test_data/dan_reiley/microscope-objectives/US20150248001-2_diagram.pdf
microscope-objectives,US20170261736-3.zmx,44.6195,49.9211,5301.544,849.981,0.000,2.264,0.0000,PASSED,/home/agent/projects/BMO_ZMX_import/examples/../test_data/dan_reiley/microscope-objectives/US20170261736-3_diagram.pdf
microscope-objectives,US20180364466-2.zmx,48.1900,48.1910,0.954,0.828,0.592,0.614,0.9650,PASSED,/home/agent/projects/BMO_ZMX_import/examples/../test_data/dan_reiley/microscope-objectives/US20180364466-2_diagram.pdf
microscope-objectives,US20180364466-4.zmx,47.3520,47.3459,-6.078,1.002,0.000,2.151,0.0000,PASSED,/home/agent/projects/BMO_ZMX_import/examples/../test_data/dan_reiley/microscope-objectives/US20180364466-4_diagram.pdf
photographic-lenses-prime,Cox1-01.zmx,28.6216,28.6474,25.771,2.319,1.055,3.845,0.2744,PASSED,/home/agent/projects/BMO_ZMX_import/examples/../test_data/dan_reiley/photographic-lenses-prime/Cox1-01_diagram.pdf
photographic-lenses-prime,Cox1-03.zmx,26.1565,26.1508,-5.716,0.626,0.386,3.582,0.1079,PASSED,/home/agent/projects/BMO_ZMX_import/examples/../test_data/dan_reiley/photographic-lenses-prime/Cox1-03_diagram.pdf
photographic-lenses-prime,Cox1-04.zmx,27.9772,27.9784,1.208,0.113,0.046,3.588,0.0127,PASSED,/home/agent/projects/BMO_ZMX_import/examples/../test_data/dan_reiley/photographic-lenses-prime/Cox1-04_diagram.pdf
photographic-lenses-prime,Cox1-05.zmx,27.8428,27.8425,-0.271,0.019,0.011,5.518,0.0021,PASSED,/home/agent/projects/BMO_ZMX_import/examples/../test_data/dan_reiley/photographic-lenses-prime/Cox1-05_diagram.pdf
photographic-lenses-prime,Cox1-06.zmx,27.4259,27.4303,4.435,0.494,0.124,2.868,0.0432,PASSED,/home/agent/projects/BMO_ZMX_import/examples/../test_data/dan_reiley/photographic-lenses-prime/Cox1-06_diagram.pdf
photographic-lenses-prime,HandbookCamFig16.zmx,191.7357,191.7357,0.000,0.000,0.000,34.038,0.0000,PASSED,/home/agent/projects/BMO_ZMX_import/examples/../test_data/dan_reiley/photographic-lenses-prime/HandbookCamFig16_diagram.pdf
photographic-lenses-prime,Note02Fig1.zmx,68.3998,95.3948,26995.028,2629.387,22.838,3.173,7.1975,ATTENTION,/home/agent/projects/BMO_ZMX_import/examples/../test_data/dan_reiley/photographic-lenses-prime/Note02Fig1_diagram.pdf
photographic-lenses-prime,Note02Fig2.zmx,69.8545,93.3693,23514.789,1252.790,16.817,5.780,2.9096,PASSED,/home/agent/projects/BMO_ZMX_import/examples/../test_data/dan_reiley/photographic-lenses-prime/Note02Fig2_diagram.pdf
photographic-lenses-prime,Note03Fig1.zmx,47.3193,65.5850,18265.737,1826.042,33.238,3.098,10.7300,ATTENTION,/home/agent/projects/BMO_ZMX_import/examples/../test_data/dan_reiley/photographic-lenses-prime/Note03Fig1_diagram.pdf
photographic-lenses-prime,Note05Fig1.zmx,606.9049,729.7404,122835.551,7787.837,8.729,4.852,1.7989,PASSED,/home/agent/projects/BMO_ZMX_import/examples/../test_data/dan_reiley/photographic-lenses-prime/Note05Fig1_diagram.pdf
photographic-lenses-prime,Note05Fig2.zmx,118.1817,113.9511,-4230.652,439.727,27.830,2.976,9.3507,ATTENTION,/home/agent/projects/BMO_ZMX_import/examples/../test_data/dan_reiley/photographic-lenses-prime/Note05Fig2_diagram.pdf
photographic-lenses-prime,Note06Fig1.zmx,159.7452,186.5469,26801.687,3352.436,0.000,2.819,0.0000,PASSED,/home/agent/projects/BMO_ZMX_import/examples/../test_data/dan_reiley/photographic-lenses-prime/Note06Fig1_diagram.pdf
photographic-lenses-prime,Note07Fig1.zmx,83.6516,113.4246,29773.042,3031.628,36.089,3.038,11.8775,ATTENTION,/home/agent/projects/BMO_ZMX_import/examples/../test_data/dan_reiley/photographic-lenses-prime/Note07Fig1_diagram.pdf
photographic-lenses-prime,Note10Fig1.zmx,971.3721,877.2629,-94109.165,8658.229,0.000,3.819,0.0000,PASSED,/home/agent/projects/BMO_ZMX_import/examples/../test_data/dan_reiley/photographic-lenses-prime/Note10Fig1_diagram.pdf
photographic-lenses-prime,Note11-Fig1.zmx,311.8575,246.7533,-65104.214,7547.465,33.826,2.668,12.6806,ATTENTION,/home/agent/projects/BMO_ZMX_import/examples/../test_data/dan_reiley/photographic-lenses-prime/Note11-Fig1_diagram.pdf
photographic-lenses-prime,Note12Fig1.zmx,99.2928,114.8559,15563.114,1520.094,33.046,3.155,10.4729,ATTENTION,/home/agent/projects/BMO_ZMX_import/examples/../test_data/dan_reiley/photographic-lenses-prime/Note12Fig1_diagram.pdf
photographic-lenses-prime,Note14-Fig1.zmx,123.9806,132.6627,8682.104,981.518,15.211,2.733,5.5652,ATTENTION,/home/agent/projects/BMO_ZMX_import/examples/../test_data/dan_reiley/photographic-lenses-prime/Note14-Fig1_diagram.pdf
photographic-lenses-prime,Note16-Fig1.zmx,87.2651,105.7856,18520.483,2898.433,87.233,1.996,43.6986,ATTENTION,/home/agent/projects/BMO_ZMX_import/examples/../test_data/dan_reiley/photographic-lenses-prime/Note16-Fig1_diagram.pdf
photographic-lenses-prime,Note16-Fig1b.zmx,984.4985,1471.0898,486591.338,56319.420,1950.094,2.689,725.2562,ATTENTION,/home/agent/projects/BMO_ZMX_import/examples/../test_data/dan_reiley/photographic-lenses-prime/Note16-Fig1b_diagram.pdf
photographic-lenses-prime,Note17-Fig1.zmx,123.8027,138.4484,14645.676,1725.671,50.266,2.622,19.1730,ATTENTION,/home/agent/projects/BMO_ZMX_import/examples/../test_data/dan_reiley/photographic-lenses-prime/Note17-Fig1_diagram.pdf
photographic-lenses-prime,Note19-Fig1.zmx,107.7145,117.9507,10236.252,1436.209,2.271,2.215,1.0254,PASSED,/home/agent/projects/BMO_ZMX_import/examples/../test_data/dan_reiley/photographic-lenses-prime/Note19-Fig1_diagram.pdf
photographic-lenses-prime,Note20-Fig1.zmx,121.6392,105.1333,-16505.875,3484.450,122.154,1.486,82.2297,ATTENTION,/home/agent/projects/BMO_ZMX_import/examples/../test_data/dan_reiley/photographic-lenses-prime/Note20-Fig1_diagram.pdf
photographic-lenses-prime,Note21-Fig1.zmx,128.5546,144.4799,15925.296,1033.257,4.725,4.742,0.9965,PASSED,/home/agent/projects/BMO_ZMX_import/examples/../test_data/dan_reiley/photographic-lenses-prime/Note21-Fig1_diagram.pdf
photographic-lenses-prime,Note23-Fig1.zmx,112.8735,152.3885,39515.035,2601.093,33.085,4.683,7.0650,ATTENTION,/home/agent/projects/BMO_ZMX_import/examples/../test_data/dan_reiley/photographic-lenses-prime/Note23-Fig1_diagram.pdf
photographic-lenses-prime,Note24-Fig2.zmx,37.6072,64.6217,27014.493,532.927,1.135,15.552,0.0730,PASSED,/home/agent/projects/BMO_ZMX_import/examples/../test_data/dan_reiley/photographic-lenses-prime/Note24-Fig2_diagram.pdf
photographic-lenses-prime,Note24-Fig3.zmx,24.3424,72.4832,48140.719,1292.133,14.469,11.397,1.2695,PASSED,/home/agent/projects/BMO_ZMX_import/examples/../test_data/dan_reiley/photographic-lenses-prime/Note24-Fig3_diagram.pdf
photographic-lenses-prime,Note24-Fig4.zmx,61.1925,50.4070,-10785.512,357.701,1.032,9.258,0.1114,PASSED,/home/agent/projects/BMO_ZMX_import/examples/../test_data/dan_reiley/photographic-lenses-prime/Note24-Fig4_diagram.pdf
photographic-lenses-prime,Note26-Fig1.zmx,74.7482,167.9429,93194.770,4118.722,45.219,6.973,6.4850,ATTENTION,/home/agent/projects/BMO_ZMX_import/examples/../test_data/dan_reiley/photographic-lenses-prime/Note26-Fig1_diagram.pdf
photographic-lenses-prime,Note27-Fig1.zmx,116.6340,238.6182,121984.163,13837.835,12715.717,4.679,2717.6050,ATTENTION,/home/agent/projects/BMO_ZMX_import/examples/../test_data/dan_reiley/photographic-lenses-prime/Note27-Fig1_diagram.pdf
photographic-lenses-prime,Note28-Fig1.zmx,1278.2048,1143.9891,-134215.755,75494.648,0.001,0.718,0.0018,PASSED,/home/agent/projects/BMO_ZMX_import/examples/../test_data/dan_reiley/photographic-lenses-prime/Note28-Fig1_diagram.pdf
photographic-lenses-prime,Note30-Fig1.zmx,1487.2951,1082.9740,-404321.036,39402.102,966.462,3.156,306.2400,ATTENTION,/home/agent/projects/BMO_ZMX_import/examples/../test_data/dan_reiley/photographic-lenses-prime/Note30-Fig1_diagram.pdf
photographic-lenses-prime,Note31-Fig1.zmx,498.8106,1068.4680,569657.391,12734.437,124.854,13.768,9.0685,ATTENTION,/home/agent/projects/BMO_ZMX_import/examples/../test_data/dan_reiley/photographic-lenses-prime/Note31-Fig1_diagram.pdf
photographic-lenses-prime,Note32-Fig1.zmx,103.5131,153.6414,50128.301,4074.339,60.401,3.800,15.8932,ATTENTION,/home/agent/projects/BMO_ZMX_import/examples/../test_data/dan_reiley/photographic-lenses-prime/Note32-Fig1_diagram.pdf
photographic-lenses-prime,Note32-Fig2.zmx,171.6537,207.1508,35497.094,3007.599,40.133,3.643,11.0169,ATTENTION,/home/agent/projects/BMO_ZMX_import/examples/../test_data/dan_reiley/photographic-lenses-prime/Note32-Fig2_diagram.pdf
photographic-lenses-prime,Note33-Fig1.zmx,38.3899,38.0489,-341.054,63.048,31.518,1.942,16.2315,ATTENTION,/home/agent/projects/BMO_ZMX_import/examples/../test_data/dan_reiley/photographic-lenses-prime/Note33-Fig1_diagram.pdf
photographic-lenses-prime,Note34-Fig1.zmx,54.6249,98.4780,43853.058,2626.955,58.611,5.161,11.3559,ATTENTION,/home/agent/projects/BMO_ZMX_import/examples/../test_data/dan_reiley/photographic-lenses-prime/Note34-Fig1_diagram.pdf
photographic-lenses-prime,Note36-Fig1.zmx,89.6877,140.6018,50914.080,3040.873,29.697,5.160,5.7554,ATTENTION,/home/agent/projects/BMO_ZMX_import/examples/../test_data/dan_reiley/photographic-lenses-prime/Note36-Fig1_diagram.pdf
photographic-lenses-prime,Note37-Fig1.zmx,45.4670,54.8526,9385.539,949.654,14.548,3.057,4.7592,PASSED,/home/agent/projects/BMO_ZMX_import/examples/../test_data/dan_reiley/photographic-lenses-prime/Note37-Fig1_diagram.pdf
photographic-lenses-prime,Note38-Fig1.zmx,114.7923,139.0777,24285.393,2507.584,48.069,2.986,16.0954,ATTENTION,/home/agent/projects/BMO_ZMX_import/examples/../test_data/dan_reiley/photographic-lenses-prime/Note38-Fig1_diagram.pdf
photographic-lenses-prime,Note38-Fig2.zmx,95.1412,98.9432,3801.958,607.909,18.765,1.949,9.6264,ATTENTION,/home/agent/projects/BMO_ZMX_import/examples/../test_data/dan_reiley/photographic-lenses-prime/Note38-Fig2_diagram.pdf
photographic-lenses-prime,Note38-Fig3.zmx,88.6579,152.1051,63447.200,3300.591,0.000,6.733,0.0000,PASSED,/home/agent/projects/BMO_ZMX_import/examples/../test_data/dan_reiley/photographic-lenses-prime/Note38-Fig3_diagram.pdf
photographic-lenses-prime,Note40-Fig1.zmx,55.3306,152.4367,97106.080,3919.232,211.271,7.745,27.2794,ATTENTION,/home/agent/projects/BMO_ZMX_import/examples/../test_data/dan_reiley/photographic-lenses-prime/Note40-Fig1_diagram.pdf
photographic-lenses-prime,Note41-Fig1.zmx,126.7705,190.9457,64175.155,4195.024,38.122,4.715,8.0852,ATTENTION,/home/agent/projects/BMO_ZMX_import/examples/../test_data/dan_reiley/photographic-lenses-prime/Note41-Fig1_diagram.pdf
photographic-lenses-prime,Note43-Fig1.zmx,124.5647,89.7939,-34770.826,3205.811,19.854,3.342,5.9400,ATTENTION,/home/agent/projects/BMO_ZMX_import/examples/../test_data/dan_reiley/photographic-lenses-prime/Note43-Fig1_diagram.pdf
photographic-lenses-prime,Note44-Fig1.zmx,89.7263,115.2343,25507.964,3577.056,136.700,2.224,61.4581,ATTENTION,/home/agent/projects/BMO_ZMX_import/examples/../test_data/dan_reiley/photographic-lenses-prime/Note44-Fig1_diagram.pdf
photographic-lenses-prime,Note45-Fig1.zmx,109.0906,133.7179,24627.335,1527.470,3.003,4.959,0.6055,PASSED,/home/agent/projects/BMO_ZMX_import/examples/../test_data/dan_reiley/photographic-lenses-prime/Note45-Fig1_diagram.pdf
photographic-lenses-prime,Note48-Fig1.zmx,737.8644,760.1140,22249.600,2755.707,126.195,2.501,50.4557,ATTENTION,/home/agent/projects/BMO_ZMX_import/examples/../test_data/dan_reiley/photographic-lenses-prime/Note48-Fig1_diagram.pdf
photographic-lenses-prime,Note50-Fig1.zmx,1420.4065,852.4528,-567953.645,35678.889,28.553,4.897,5.8309,ATTENTION,/home/agent/projects/BMO_ZMX_import/examples/../test_data/dan_reiley/photographic-lenses-prime/Note50-Fig1_diagram.pdf
photographic-lenses-prime,Note53-Fig1.zmx,115.7424,147.8150,32072.601,4626.104,0.000,2.451,0.0000,PASSED,/home/agent/projects/BMO_ZMX_import/examples/../test_data/dan_reiley/photographic-lenses-prime/Note53-Fig1_diagram.pdf
photographic-lenses-prime,Note57-Fig1.zmx,88.3745,-3.6574,-92031.899,15397.592,6520.208,1.518,4294.3854,ATTENTION,/home/agent/projects/BMO_ZMX_import/examples/../test_data/dan_reiley/photographic-lenses-prime/Note57-Fig1_diagram.pdf
photographic-lenses-prime,Note59-Fig1.zmx,119.5093,155.5317,36022.410,3674.734,47.259,3.033,15.5811,ATTENTION,/home/agent/projects/BMO_ZMX_import/examples/../test_data/dan_reiley/photographic-lenses-prime/Note59-Fig1_diagram.pdf
photographic-lenses-prime,Note60-Fig1.zmx,67.7129,119.6428,51929.895,4833.939,237.011,3.350,70.7462,ATTENTION,/home/agent/projects/BMO_ZMX_import/examples/../test_data/dan_reiley/photographic-lenses-prime/Note60-Fig1_diagram.pdf
photographic-lenses-prime,Samy&amp;Gao-1(220deg).zmx,17.6800,17.6800,0.000,0.000,0.000,35.841,0.0000,PASSED,/home/agent/projects/BMO_ZMX_import/examples/../test_data/dan_reiley/photographic-lenses-prime/Samy&amp;Gao-1(220deg)_diagram.pdf
photographic-lenses-prime,US00252682-1.zmx,34.2114,81.6073,47395.978,3142.195,272.677,4.773,57.1250,ATTENTION,/home/agent/projects/BMO_ZMX_import/examples/../test_data/dan_reiley/photographic-lenses-prime/US00252682-1_diagram.pdf
photographic-lenses-prime,US00583336-2-scaled.zmx,61.8817,61.9909,109.181,18.887,17.163,4.270,4.0190,PASSED,/home/agent/projects/BMO_ZMX_import/examples/../test_data/dan_reiley/photographic-lenses-prime/US00583336-2-scaled_diagram.pdf
photographic-lenses-prime,US01786916-1.zmx,94.7005,100.4511,5750.596,989.311,18.875,1.818,10.3842,ATTENTION,/home/agent/projects/BMO_ZMX_import/examples/../test_data/dan_reiley/photographic-lenses-prime/US01786916-1_diagram.pdf
photographic-lenses-prime,US01998704-1.zmx,27.6194,27.5873,-32.080,4.978,2.745,2.394,1.1462,PASSED,/home/agent/projects/BMO_ZMX_import/examples/../test_data/dan_reiley/photographic-lenses-prime/US01998704-1_diagram.pdf
photographic-lenses-prime,US02012822-1.zmx,31.6041,31.5786,-25.533,5.829,2.969,1.599,1.8566,PASSED,/home/agent/projects/BMO_ZMX_import/examples/../test_data/dan_reiley/photographic-lenses-prime/US02012822-1_diagram.pdf
photographic-lenses-prime,US02019985-1.zmx,39.2085,39.2150,6.462,0.902,0.280,2.338,0.1197,PASSED,/home/agent/projects/BMO_ZMX_import/examples/../test_data/dan_reiley/photographic-lenses-prime/US02019985-1_diagram.pdf
photographic-lenses-prime,US02029806-1.zmx,36.1749,36.0947,-80.228,14.551,3.240,1.769,1.8314,PASSED,/home/agent/projects/BMO_ZMX_import/examples/../test_data/dan_reiley/photographic-lenses-prime/US02029806-1_diagram.pdf
photographic-lenses-prime,US02031792-2.zmx,28.9965,28.9863,-10.169,0.421,0.235,8.937,0.0263,PASSED,/home/agent/projects/BMO_ZMX_import/examples/../test_data/dan_reiley/photographic-lenses-prime/US02031792-2_diagram.pdf
photographic-lenses-prime,US02076190-1.zmx,38.5125,38.5030,-9.541,1.792,1.035,2.032,0.5096,PASSED,/home/agent/projects/BMO_ZMX_import/examples/../test_data/dan_reiley/photographic-lenses-prime/US02076190-1_diagram.pdf
photographic-lenses-prime,US02084714-1.zmx,1.1363,1.3952,258.836,24.499,3.196,3.112,1.0270,PASSED,/home/agent/projects/BMO_ZMX_import/examples/../test_data/dan_reiley/photographic-lenses-prime/US02084714-1_diagram.pdf
photographic-lenses-prime,US02105799-1.zmx,27.9473,27.8836,-63.735,7.951,5.240,3.287,1.5943,PASSED,/home/agent/projects/BMO_ZMX_import/examples/../test_data/dan_reiley/photographic-lenses-prime/US02105799-1_diagram.pdf
photographic-lenses-prime,US02106077-1.zmx,34.4281,23.2002,-11227.909,1495.455,22.505,2.326,9.6750,ATTENTION,/home/agent/projects/BMO_ZMX_import/examples/../test_data/dan_reiley/photographic-lenses-prime/US02106077-1_diagram.pdf
photographic-lenses-prime,US02116264-1.zmx,29.7169,29.7073,-9.605,0.546,0.358,7.158,0.0501,PASSED,/home/agent/projects/BMO_ZMX_import/examples/../test_data/dan_reiley/photographic-lenses-prime/US02116264-1_diagram.pdf
photographic-lenses-prime,US02117252-1.zmx,35.1568,29.1828,-5973.949,1027.768,18.177,1.813,10.0231,ATTENTION,/home/agent/projects/BMO_ZMX_import/examples/../test_data/dan_reiley/photographic-lenses-prime/US02117252-1_diagram.pdf
photographic-lenses-prime,US02124301-1.zmx,26.8908,26.8206,-70.256,7.046,3.605,3.576,1.0080,PASSED,/home/agent/projects/BMO_ZMX_import/examples/../test_data/dan_reiley/photographic-lenses-prime/US02124301-1_diagram.pdf
photographic-lenses-prime,US02124356-1.zmx,31.6320,31.5996,-32.368,5.467,2.832,2.151,1.3163,PASSED,/home/agent/projects/BMO_ZMX_import/examples/../test_data/dan_reiley/photographic-lenses-prime/US02124356-1_diagram.pdf
photographic-lenses-prime,US02126126-1.zmx,231.2095,-741.1821,-972391.537,3634.902,0.429,82.112,0.0052,PASSED,/home/agent/projects/BMO_ZMX_import/examples/../test_data/dan_reiley/photographic-lenses-prime/US02126126-1_diagram.pdf
photographic-lenses-prime,US02158179-1.zmx,33.7345,30.2814,-3453.143,420.126,5.065,2.545,1.9903,PASSED,/home/agent/projects/BMO_ZMX_import/examples/../test_data/dan_reiley/photographic-lenses-prime/US02158179-1_diagram.pdf
photographic-lenses-prime,US02158201-1.zmx,32.0117,31.9885,-23.110,2.162,1.049,3.768,0.2784,PASSED,/home/agent/projects/BMO_ZMX_import/examples/../test_data/dan_reiley/photographic-lenses-prime/US02158201-1_diagram.pdf
photographic-lenses-prime,US02158202-1.zmx,44.8135,44.8000,-13.487,3.222,1.832,1.599,1.1456,PASSED,/home/agent/projects/BMO_ZMX_import/examples/../test_data/dan_reiley/photographic-lenses-prime/US02158202-1_diagram.pdf
photographic-lenses-prime,US02158507-1.zmx,20.2043,24.9479,4743.600,136.370,0.726,10.686,0.0679,PASSED,/home/agent/projects/BMO_ZMX_import/examples/../test_data/dan_reiley/photographic-lenses-prime/US02158507-1_diagram.pdf
photographic-lenses-prime,US02164028-1.zmx,30.0037,29.9994,-4.321,0.620,0.409,2.868,0.1427,PASSED,/home/agent/projects/BMO_ZMX_import/examples/../test_data/dan_reiley/photographic-lenses-prime/US02164028-1_diagram.pdf
photographic-lenses-prime,US02165328-1.ZMX,69.7609,69.5812,-179.705,17.649,3.046,3.191,0.9547,PASSED,/home/agent/projects/BMO_ZMX_import/examples/../test_data/dan_reiley/photographic-lenses-prime/US02165328-1_diagram.pdf
photographic-lenses-prime,US02170428-1.zmx,31.4179,182.8920,151474.094,2335.128,565.600,22.740,24.8723,ATTENTION,/home/agent/projects/BMO_ZMX_import/examples/../test_data/dan_reiley/photographic-lenses-prime/US02170428-1_diagram.pdf
photographic-lenses-prime,US02171274-1.zmx,24.8193,38.2978,13478.442,397.765,0.909,10.410,0.0873,PASSED,/home/agent/projects/BMO_ZMX_import/examples/../test_data/dan_reiley/photographic-lenses-prime/US02171274-1_diagram.pdf
photographic-lenses-prime,US02171274-2.zmx,21.3108,20.0291,-1281.656,57.486,1.831,6.849,0.2673,PASSED,/home/agent/projects/BMO_ZMX_import/examples/../test_data/dan_reiley/photographic-lenses-prime/US02171274-2_diagram.pdf
photographic-lenses-prime,US02171640-1.zmx,36.5301,36.4520,-78.121,10.975,1.397,2.229,0.6266,PASSED,/home/agent/projects/BMO_ZMX_import/examples/../test_data/dan_reiley/photographic-lenses-prime/US02171640-1_diagram.pdf
photographic-lenses-prime,US02171641-1.zmx,31.1005,31.0845,-16.029,3.135,2.266,2.296,0.9870,PASSED,/home/agent/projects/BMO_ZMX_import/examples/../test_data/dan_reiley/photographic-lenses-prime/US02171641-1_diagram.pdf
photographic-lenses-prime,US02186621-2.zmx,30.2404,92.3330,62092.647,2557.008,237.241,7.744,30.6366,ATTENTION,/home/agent/projects/BMO_ZMX_import/examples/../test_data/dan_reiley/photographic-lenses-prime/US02186621-2_diagram.pdf
photographic-lenses-prime,US02186622-1.zmx,27.4766,27.5513,74.735,7.574,3.837,3.527,1.0880,PASSED,/home/agent/projects/BMO_ZMX_import/examples/../test_data/dan_reiley/photographic-lenses-prime/US02186622-1_diagram.pdf
photographic-lenses-prime,US02187780-1.zmx,35.9309,35.9120,-18.962,4.105,2.388,1.776,1.3443,PASSED,/home/agent/projects/BMO_ZMX_import/examples/../test_data/dan_reiley/photographic-lenses-prime/US02187780-1_diagram.pdf
photographic-lenses-prime,US02194413-1.ZMX,292.9757,294.4823,1506.540,331.204,13.153,1.439,9.1427,ATTENTION,/home/agent/projects/BMO_ZMX_import/examples/../test_data/dan_reiley/photographic-lenses-prime/US02194413-1_diagram.pdf
photographic-lenses-prime,US02194413-1.zmx,36.7472,36.7436,-3.659,0.663,0.460,2.375,0.1935,PASSED,/home/agent/projects/BMO_ZMX_import/examples/../test_data/dan_reiley/photographic-lenses-prime/US02194413-1_diagram.pdf
photographic-lenses-prime,US02250337-1.zmx,37.4681,36.8353,-632.789,74.599,4.971,2.632,1.8887,PASSED,/home/agent/projects/BMO_ZMX_import/examples/../test_data/dan_reiley/photographic-lenses-prime/US02250337-1_diagram.pdf
photographic-lenses-prime,US02252681-1.zmx,36.5102,34.4952,-2014.993,259.229,1.339,2.410,0.5557,PASSED,/home/agent/projects/BMO_ZMX_import/examples/../test_data/dan_reiley/photographic-lenses-prime/US02252681-1_diagram.pdf
photographic-lenses-prime,US02252682-1.zmx,33.0637,33.0389,-24.794,3.580,1.796,2.481,0.7240,PASSED,/home/agent/projects/BMO_ZMX_import/examples/../test_data/dan_reiley/photographic-lenses-prime/US02252682-1_diagram.pdf
photographic-lenses-prime,US02254511-1.zmx,30.7856,40.4215,9635.884,756.181,18.789,3.940,4.7692,PASSED,/home/agent/projects/BMO_ZMX_import/examples/../test_data/dan_reiley/photographic-lenses-prime/US02254511-1_diagram.pdf
photographic-lenses-prime,US02259004-1.zmx,34.7041,29.6084,-5095.717,917.148,15.811,1.738,9.0995,ATTENTION,/home/agent/projects/BMO_ZMX_import/examples/../test_data/dan_reiley/photographic-lenses-prime/US02259004-1_diagram.pdf
photographic-lenses-prime,US02270234-1.zmx,33.8157,34.1660,350.260,32.210,1.094,3.356,0.3261,PASSED,/home/agent/projects/BMO_ZMX_import/examples/../test_data/dan_reiley/photographic-lenses-prime/US02270234-1_diagram.pdf
photographic-lenses-prime,US02288502-1.zmx,28.6521,28.6147,-37.367,3.017,1.613,4.509,0.3577,PASSED,/home/agent/projects/BMO_ZMX_import/examples/../test_data/dan_reiley/photographic-lenses-prime/US02288502-1_diagram.pdf
photographic-lenses-prime,US02297452-1.zmx,32.2274,33.7870,1559.625,268.363,0.503,1.816,0.2771,PASSED,/home/agent/projects/BMO_ZMX_import/examples/../test_data/dan_reiley/photographic-lenses-prime/US02297452-1_diagram.pdf
photographic-lenses-prime,US02298090-1.zmx,30.5166,30.4811,-35.478,3.692,1.995,3.521,0.5668,PASSED,/home/agent/projects/BMO_ZMX_import/examples/../test_data/dan_reiley/photographic-lenses-prime/US02298090-1_diagram.pdf
photographic-lenses-prime,US02310502-1.zmx,32.8936,32.5154,-378.219,51.507,1.615,2.280,0.7084,PASSED,/home/agent/projects/BMO_ZMX_import/examples/../test_data/dan_reiley/photographic-lenses-prime/US02310502-1_diagram.pdf
photographic-lenses-prime,US02325275-1.zmx,27.9549,27.9076,-47.230,2.818,1.564,6.189,0.2527,PASSED,/home/agent/projects/BMO_ZMX_import/examples/../test_data/dan_reiley/photographic-lenses-prime/US02325275-1_diagram.pdf
photographic-lenses-prime,US02336207-1.zmx,36.9428,33.6081,-3334.720,558.248,5.610,1.865,3.0087,PASSED,/home/agent/projects/BMO_ZMX_import/examples/../test_data/dan_reiley/photographic-lenses-prime/US02336207-1_diagram.pdf
photographic-lenses-prime,US02336300-1.zmx,29.2425,13.3814,-15861.089,3703.185,87.989,1.346,65.3610,ATTENTION,/home/agent/projects/BMO_ZMX_import/examples/../test_data/dan_reiley/photographic-lenses-prime/US02336300-1_diagram.pdf
photographic-lenses-prime,US02338614-1.zmx,28.2353,28.2016,-33.715,2.094,1.148,5.916,0.1940,PASSED,/home/agent/projects/BMO_ZMX_import/examples/../test_data/dan_reiley/photographic-lenses-prime/US02338614-1_diagram.pdf
photographic-lenses-prime,US02343385-1.zmx,46.6766,70.7594,24082.784,1247.481,21.571,5.954,3.6230,PASSED,/home/agent/projects/BMO_ZMX_import/examples/../test_data/dan_reiley/photographic-lenses-prime/US02343385-1_diagram.pdf
photographic-lenses-prime,US02343629-1.zmx,29.0231,29.0034,-19.652,1.602,0.876,4.507,0.1944,PASSED,/home/agent/projects/BMO_ZMX_import/examples/../test_data/dan_reiley/photographic-lenses-prime/US02343629-1_diagram.pdf
photographic-lenses-prime,US02346062-1.zmx,33.8540,33.8115,-42.477,2.064,1.008,7.245,0.1391,PASSED,/home/agent/projects/BMO_ZMX_import/examples/../test_data/dan_reiley/photographic-lenses-prime/US02346062-1_diagram.pdf
photographic-lenses-prime,US02348667-1.zmx,31.7801,31.1498,-630.284,69.996,2.085,2.785,0.7487,PASSED,/home/agent/projects/BMO_ZMX_import/examples/../test_data/dan_reiley/photographic-lenses-prime/US02348667-1_diagram.pdf
photographic-lenses-prime,US02350035-1.zmx,38.7803,44.4043,5624.057,679.618,9.034,2.564,3.5237,PASSED,/home/agent/projects/BMO_ZMX_import/examples/../test_data/dan_reiley/photographic-lenses-prime/US02350035-1_diagram.pdf
photographic-lenses-prime,US02363712-1.zmx,28.4882,28.4614,-26.789,2.849,1.477,3.391,0.4355,PASSED,/home/agent/projects/BMO_ZMX_import/examples/../test_data/dan_reiley/photographic-lenses-prime/US02363712-1_diagram.pdf
photographic-lenses-prime,US02379392-1.zmx,36.2956,33.0653,-3230.305,508.187,6.515,1.980,3.2901,PASSED,/home/agent/projects/BMO_ZMX_import/examples/../test_data/dan_reiley/photographic-lenses-prime/US02379392-1_diagram.pdf
photographic-lenses-prime,US02380207-1.zmx,21.8315,21.4992,-332.277,14.173,0.709,7.211,0.0983,PASSED,/home/agent/projects/BMO_ZMX_import/examples/../test_data/dan_reiley/photographic-lenses-prime/US02380207-1_diagram.pdf
photographic-lenses-prime,US02382669-1.zmx,21.9606,21.9474,-13.141,0.656,0.328,7.112,0.0461,PASSED,/home/agent/projects/BMO_ZMX_import/examples/../test_data/dan_reiley/photographic-lenses-prime/US02382669-1_diagram.pdf
photographic-lenses-prime,US02391209-1.ZMX,62.7093,4.2873,-58421.923,24528.888,5937.440,0.654,9081.1887,ATTENTION,/home/agent/projects/BMO_ZMX_import/examples/../test_data/dan_reiley/photographic-lenses-prime/US02391209-1_diagram.pdf
photographic-lenses-prime,US02391209-1.zmx,30.4118,30.3443,-67.500,8.266,4.005,2.884,1.3885,PASSED,/home/agent/projects/BMO_ZMX_import/examples/../test_data/dan_reiley/photographic-lenses-prime/US02391209-1_diagram.pdf
photographic-lenses-prime,US02397714-2.zmx,33.3822,33.5563,174.168,11.856,0.745,4.532,0.1645,PASSED,/home/agent/projects/BMO_ZMX_import/examples/../test_data/dan_reiley/photographic-lenses-prime/US02397714-2_diagram.pdf
photographic-lenses-prime,US02416443-1.zmx,26.0986,26.1627,64.110,5.688,0.461,3.487,0.1321,PASSED,/home/agent/projects/BMO_ZMX_import/examples/../test_data/dan_reiley/photographic-lenses-prime/US02416443-1_diagram.pdf
photographic-lenses-prime,US02417736-1.zmx,29.3313,27.9682,-1363.140,60.560,1.127,6.920,0.1629,PASSED,/home/agent/projects/BMO_ZMX_import/examples/../test_data/dan_reiley/photographic-lenses-prime/US02417736-1_diagram.pdf
photographic-lenses-prime,US02418001-1.zmx,33.6489,33.6542,5.256,0.406,0.037,4.008,0.0092,PASSED,/home/agent/projects/BMO_ZMX_import/examples/../test_data/dan_reiley/photographic-lenses-prime/US02418001-1_diagram.pdf
photographic-lenses-prime,US02430548-1.zmx,27.9108,21.0670,-6843.851,529.451,4.115,3.978,1.0346,PASSED,/home/agent/projects/BMO_ZMX_import/examples/../test_data/dan_reiley/photographic-lenses-prime/US02430548-1_diagram.pdf
photographic-lenses-prime,US02432387-1.zmx,35.4161,35.3879,-28.188,4.318,2.288,2.386,0.9586,PASSED,/home/agent/projects/BMO_ZMX_import/examples/../test_data/dan_reiley/photographic-lenses-prime/US02432387-1_diagram.pdf
photographic-lenses-prime,US02437505-1.zmx,21.1953,21.2715,76.207,4.854,0.679,4.878,0.1391,PASSED,/home/agent/projects/BMO_ZMX_import/examples/../test_data/dan_reiley/photographic-lenses-prime/US02437505-1_diagram.pdf
photographic-lenses-prime,US02441093-2.zmx,20.9506,-82.3641,-103314.737,433.711,0.475,73.161,0.0065,PASSED,/home/agent/projects/BMO_ZMX_import/examples/../test_data/dan_reiley/photographic-lenses-prime/US02441093-2_diagram.pdf
photographic-lenses-prime,US02443156-1.zmx,29.3134,56.6189,27305.478,792.685,8.262,10.601,0.7794,PASSED,/home/agent/projects/BMO_ZMX_import/examples/../test_data/dan_reiley/photographic-lenses-prime/US02443156-1_diagram.pdf
photographic-lenses-prime,US02452909-1.zmx,21.9958,8.9206,-13075.212,1468.132,7.127,2.749,2.5921,PASSED,/home/agent/projects/BMO_ZMX_import/examples/../test_data/dan_reiley/photographic-lenses-prime/US02452909-1_diagram.pdf
photographic-lenses-prime,US02458636-1.zmx,21.0423,16.6488,-4393.518,486.462,5.033,2.788,1.8053,PASSED,/home/agent/projects/BMO_ZMX_import/examples/../test_data/dan_reiley/photographic-lenses-prime/US02458636-1_diagram.pdf
photographic-lenses-prime,US02466424-1.zmx,31.9458,-92.5315,-124477.378,2283.722,85.506,16.489,5.1857,ATTENTION,/home/agent/projects/BMO_ZMX_import/examples/../test_data/dan_reiley/photographic-lenses-prime/US02466424-1_diagram.pdf
photographic-lenses-prime,US02466424-2.zmx,31.7666,-157.3178,-189084.386,2306.506,144.276,24.645,5.8542,ATTENTION,/home/agent/projects/BMO_ZMX_import/examples/../test_data/dan_reiley/photographic-lenses-prime/US02466424-2_diagram.pdf
photographic-lenses-prime,US02475938-1.zmx,31.9194,31.9223,2.933,0.169,0.076,5.989,0.0127,PASSED,/home/agent/projects/BMO_ZMX_import/examples/../test_data/dan_reiley/photographic-lenses-prime/US02475938-1_diagram.pdf
photographic-lenses-prime,US02487749-1.zmx,30.9345,48.6656,17731.147,1496.809,55.556,3.678,15.1066,ATTENTION,/home/agent/projects/BMO_ZMX_import/examples/../test_data/dan_reiley/photographic-lenses-prime/US02487749-1_diagram.pdf
photographic-lenses-prime,US02499264-2.zmx,30.1489,30.1448,-4.166,2.327,2.279,2.745,0.8303,PASSED,/home/agent/projects/BMO_ZMX_import/examples/../test_data/dan_reiley/photographic-lenses-prime/US02499264-2_diagram.pdf
photographic-lenses-prime,US02502508-1.zmx,30.8976,62.3170,31419.360,913.781,23.700,10.615,2.2328,PASSED,/home/agent/projects/BMO_ZMX_import/examples/../test_data/dan_reiley/photographic-lenses-prime/US02502508-1_diagram.pdf
photographic-lenses-prime,US02518719-1.zmx,30.0087,29.9970,-11.685,0.588,0.295,7.067,0.0418,PASSED,/home/agent/projects/BMO_ZMX_import/examples/../test_data/dan_reiley/photographic-lenses-prime/US02518719-1_diagram.pdf
photographic-lenses-prime,US02528212-1.zmx,33.0352,30.4447,-2590.489,415.943,9.860,1.941,5.0806,ATTENTION,/home/agent/projects/BMO_ZMX_import/examples/../test_data/dan_reiley/photographic-lenses-prime/US02528212-1_diagram.pdf
photographic-lenses-prime,US02532751-1.zmx,35.2692,27.7817,-7487.422,1236.508,14.713,1.888,7.7940,ATTENTION,/home/agent/projects/BMO_ZMX_import/examples/../test_data/dan_reiley/photographic-lenses-prime/US02532751-1_diagram.pdf
photographic-lenses-prime,US02532752-1.zmx,32.5894,32.5786,-10.886,1.676,1.053,2.585,0.4073,PASSED,/home/agent/projects/BMO_ZMX_import/examples/../test_data/dan_reiley/photographic-lenses-prime/US02532752-1_diagram.pdf
photographic-lenses-prime,US02536508-1.zmx,45.3965,45.4578,61.298,9.663,1.133,1.990,0.5691,PASSED,/home/agent/projects/BMO_ZMX_import/examples/../test_data/dan_reiley/photographic-lenses-prime/US02536508-1_diagram.pdf
photographic-lenses-prime,US02541484-1.zmx,41.5412,42.7818,1240.597,196.975,2.421,1.964,1.2327,PASSED,/home/agent/projects/BMO_ZMX_import/examples/../test_data/dan_reiley/photographic-lenses-prime/US02541484-1_diagram.pdf
photographic-lenses-prime,US02548569-1.ZMX,235.4500,235.3947,-55.349,10.746,0.000,1.719,0.0000,PASSED,/home/agent/projects/BMO_ZMX_import/examples/../test_data/dan_reiley/photographic-lenses-prime/US02548569-1_diagram.pdf
photographic-lenses-prime,US02548569-1.zmx,120.2066,119.9483,-258.287,31.535,4.479,2.563,1.7475,PASSED,/home/agent/projects/BMO_ZMX_import/examples/../test_data/dan_reiley/photographic-lenses-prime/US02548569-1_diagram.pdf
photographic-lenses-prime,US02559875-1.zmx,33.0332,11.2555,-21777.697,3807.691,46.679,1.781,26.2085,ATTENTION,/home/agent/projects/BMO_ZMX_import/examples/../test_data/dan_reiley/photographic-lenses-prime/US02559875-1_diagram.pdf
photographic-lenses-prime,US02562012-1.zmx,28.7390,28.7246,-14.447,1.519,0.926,3.697,0.2505,PASSED,/home/agent/projects/BMO_ZMX_import/examples/../test_data/dan_reiley/photographic-lenses-prime/US02562012-1_diagram.pdf
photographic-lenses-prime,US02576436-1.zmx,20.9996,26.2749,5275.304,151.403,0.608,10.704,0.0568,PASSED,/home/agent/projects/BMO_ZMX_import/examples/../test_data/dan_reiley/photographic-lenses-prime/US02576436-1_diagram.pdf
photographic-lenses-prime,US02586866-8.zmx,39.2448,38.7220,-522.782,101.042,0.522,1.624,0.3211,PASSED,/home/agent/projects/BMO_ZMX_import/examples/../test_data/dan_reiley/photographic-lenses-prime/US02586866-8_diagram.pdf
photographic-lenses-prime,US02594020-1.zmx,199.0075,236.8786,37871.095,2088.616,22.014,5.579,3.9455,PASSED,/home/agent/projects/BMO_ZMX_import/examples/../test_data/dan_reiley/photographic-lenses-prime/US02594020-1_diagram.pdf
photographic-lenses-prime,US02600207-3.zmx,34.6763,33.1541,-1522.226,260.797,8.050,1.824,4.4139,PASSED,/home/agent/projects/BMO_ZMX_import/examples/../test_data/dan_reiley/photographic-lenses-prime/US02600207-3_diagram.pdf
photographic-lenses-prime,US02600208-1.zmx,25.6405,20.8956,-4744.916,1078.939,965.720,2.927,329.9893,ATTENTION,/home/agent/projects/BMO_ZMX_import/examples/../test_data/dan_reiley/photographic-lenses-prime/US02600208-1_diagram.pdf
photographic-lenses-prime,US02601367-1.zmx,29.5620,29.5587,-3.303,0.389,0.184,2.976,0.0619,PASSED,/home/agent/projects/BMO_ZMX_import/examples/../test_data/dan_reiley/photographic-lenses-prime/US02601367-1_diagram.pdf
photographic-lenses-prime,US02601369-1.ZMX,1.1643,1.1517,-12.607,2.006,0.098,1.961,0.0500,PASSED,/home/agent/projects/BMO_ZMX_import/examples/../test_data/dan_reiley/photographic-lenses-prime/US02601369-1_diagram.pdf
photographic-lenses-prime,US02601592-1.zmx,30.1038,-15.1492,-45253.015,2343.204,27.956,5.886,4.7497,PASSED,/home/agent/projects/BMO_ZMX_import/examples/../test_data/dan_reiley/photographic-lenses-prime/US02601592-1_diagram.pdf
photographic-lenses-prime,US02601593-1.zmx,29.7605,37.3786,7618.087,381.117,8.806,6.158,1.4298,PASSED,/home/agent/projects/BMO_ZMX_import/examples/../test_data/dan_reiley/photographic-lenses-prime/US02601593-1_diagram.pdf
photographic-lenses-prime,US02601594-1.zmx,30.1811,-17.8199,-48000.920,2514.120,48.551,5.795,8.3777,ATTENTION,/home/agent/projects/BMO_ZMX_import/examples/../test_data/dan_reiley/photographic-lenses-prime/US02601594-1_diagram.pdf
photographic-lenses-prime,US02601805-1.ZMX,309.3081,315.9468,6638.665,812.532,11.001,2.532,4.3454,PASSED,/home/agent/projects/BMO_ZMX_import/examples/../test_data/dan_reiley/photographic-lenses-prime/US02601805-1_diagram.pdf
photographic-lenses-prime,US02601805-1.zmx,39.3962,39.4024,6.152,1.041,0.464,2.056,0.2256,PASSED,/home/agent/projects/BMO_ZMX_import/examples/../test_data/dan_reiley/photographic-lenses-prime/US02601805-1_diagram.pdf
photographic-lenses-prime,US02614461-1.zmx,33.4603,29.4550,-4005.293,613.340,8.602,2.031,4.2345,PASSED,/home/agent/projects/BMO_ZMX_import/examples/../test_data/dan_reiley/photographic-lenses-prime/US02614461-1_diagram.pdf
photographic-lenses-prime,US02622478-1.zmx,32.4397,42.2450,9805.321,466.336,2.958,6.467,0.4575,PASSED,/home/agent/projects/BMO_ZMX_import/examples/../test_data/dan_reiley/photographic-lenses-prime/US02622478-1_diagram.pdf
photographic-lenses-prime,US02622479-1.zmx,24.5702,49.0418,24471.645,1117.115,2.550,6.752,0.3777,PASSED,/home/agent/projects/BMO_ZMX_import/examples/../test_data/dan_reiley/photographic-lenses-prime/US02622479-1_diagram.pdf
photographic-lenses-prime,US02622480-1.zmx,30.2985,30.2813,-17.200,1.563,0.814,3.971,0.2049,PASSED,/home/agent/projects/BMO_ZMX_import/examples/../test_data/dan_reiley/photographic-lenses-prime/US02622480-1_diagram.pdf
photographic-lenses-prime,US02623434-1.zmx,37.3684,37.3626,-5.832,0.854,0.736,4.158,0.1771,PASSED,/home/agent/projects/BMO_ZMX_import/examples/../test_data/dan_reiley/photographic-lenses-prime/US02623434-1_diagram.pdf
photographic-lenses-prime,US02627204-2.zmx,33.9864,37.4716,3485.166,407.202,1.699,2.650,0.6413,PASSED,/home/agent/projects/BMO_ZMX_import/examples/../test_data/dan_reiley/photographic-lenses-prime/US02627204-2_diagram.pdf
photographic-lenses-prime,US02627205-3.zmx,33.8365,-282.5331,-316369.580,2672.875,449.479,35.146,12.7889,ATTENTION,/home/agent/projects/BMO_ZMX_import/examples/../test_data/dan_reiley/photographic-lenses-prime/US02627205-3_diagram.pdf
photographic-lenses-prime,US02629285-1.zmx,22.7004,16.7002,-6000.168,655.276,3.137,2.828,1.1089,PASSED,/home/agent/projects/BMO_ZMX_import/examples/../test_data/dan_reiley/photographic-lenses-prime/US02629285-1_diagram.pdf
photographic-lenses-prime,US02641966-1.zmx,35.5083,35.4880,-20.396,2.898,1.537,2.570,0.5981,PASSED,/home/agent/projects/BMO_ZMX_import/examples/../test_data/dan_reiley/photographic-lenses-prime/US02641966-1_diagram.pdf
photographic-lenses-prime,US02645156-1.zmx,33.0858,33.1342,48.382,2.965,1.251,5.537,0.2260,PASSED,/home/agent/projects/BMO_ZMX_import/examples/../test_data/dan_reiley/photographic-lenses-prime/US02645156-1_diagram.pdf
photographic-lenses-prime,US02645157-1.zmx,29.7744,29.7345,-39.895,3.725,1.995,3.906,0.5106,PASSED,/home/agent/projects/BMO_ZMX_import/examples/../test_data/dan_reiley/photographic-lenses-prime/US02645157-1_diagram.pdf
photographic-lenses-prime,US02645973-1.zmx,32.9426,32.9266,-15.925,2.703,1.446,2.167,0.6673,PASSED,/home/agent/projects/BMO_ZMX_import/examples/../test_data/dan_reiley/photographic-lenses-prime/US02645973-1_diagram.pdf
photographic-lenses-prime,US02645974-1.zmx,35.3031,35.2600,-43.106,3.045,1.479,4.983,0.2969,PASSED,/home/agent/projects/BMO_ZMX_import/examples/../test_data/dan_reiley/photographic-lenses-prime/US02645974-1_diagram.pdf
photographic-lenses-prime,US02645975-1.zmx,32.3894,32.3611,-28.312,3.263,1.484,3.009,0.4931,PASSED,/home/agent/projects/BMO_ZMX_import/examples/../test_data/dan_reiley/photographic-lenses-prime/US02645975-1_diagram.pdf
photographic-lenses-prime,US02646721-1.zmx,36.1131,-6.9941,-43107.157,7292.168,1475.907,1.828,807.3343,ATTENTION,/home/agent/projects/BMO_ZMX_import/examples/../test_data/dan_reiley/photographic-lenses-prime/US02646721-1_diagram.pdf
photographic-lenses-prime,US02662447-1.zmx,38.0099,22.4597,-15550.156,4522.508,51.560,1.116,46.1856,ATTENTION,/home/agent/projects/BMO_ZMX_import/examples/../test_data/dan_reiley/photographic-lenses-prime/US02662447-1_diagram.pdf
photographic-lenses-prime,US02663221-1.zmx,29.4123,29.5856,173.340,13.495,0.543,3.960,0.1370,PASSED,/home/agent/projects/BMO_ZMX_import/examples/../test_data/dan_reiley/photographic-lenses-prime/US02663221-1_diagram.pdf
photographic-lenses-prime,US02670659-2.zmx,28.5082,106.8419,78333.708,892.266,31.992,27.238,1.1745,PASSED,/home/agent/projects/BMO_ZMX_import/examples/../test_data/dan_reiley/photographic-lenses-prime/US02670659-2_diagram.pdf
photographic-lenses-prime,US02671380-1.zmx,30.9491,30.9359,-13.271,1.071,0.526,4.382,0.1201,PASSED,/home/agent/projects/BMO_ZMX_import/examples/../test_data/dan_reiley/photographic-lenses-prime/US02671380-1_diagram.pdf
photographic-lenses-prime,US02673491-1.ZMX,65.0847,65.0478,-36.896,5.721,0.367,1.885,0.1950,PASSED,/home/agent/projects/BMO_ZMX_import/examples/../test_data/dan_reiley/photographic-lenses-prime/US02673491-1_diagram.pdf
photographic-lenses-prime,US02676517-1.zmx,28.9904,29.2446,254.266,17.358,1.821,4.532,0.4019,PASSED,/home/agent/projects/BMO_ZMX_import/examples/../test_data/dan_reiley/photographic-lenses-prime/US02676517-1_diagram.pdf
photographic-lenses-prime,US02677989-1.zmx,30.7354,-45.6933,-76428.622,2368.054,114.682,9.704,11.8176,ATTENTION,/home/agent/projects/BMO_ZMX_import/examples/../test_data/dan_reiley/photographic-lenses-prime/US02677989-1_diagram.pdf
photographic-lenses-prime,US02682198-1.zmx,37.3389,53.9859,16647.058,1357.585,24.007,3.789,6.3356,ATTENTION,/home/agent/projects/BMO_ZMX_import/examples/../test_data/dan_reiley/photographic-lenses-prime/US02682198-1_diagram.pdf
photographic-lenses-prime,US02683396-1.zmx,34.0546,34.5166,461.936,59.232,1.019,2.418,0.4213,PASSED,/home/agent/projects/BMO_ZMX_import/examples/../test_data/dan_reiley/photographic-lenses-prime/US02683396-1_diagram.pdf
photographic-lenses-prime,US02687063-1.zmx,49.9414,61.4717,11530.366,954.493,18.825,3.730,5.0462,ATTENTION,/home/agent/projects/BMO_ZMX_import/examples/../test_data/dan_reiley/photographic-lenses-prime/US02687063-1_diagram.pdf
photographic-lenses-prime,US02687064-1.zmx,29.4434,29.4143,-29.117,3.115,1.550,3.324,0.4662,PASSED,/home/agent/projects/BMO_ZMX_import/examples/../test_data/dan_reiley/photographic-lenses-prime/US02687064-1_diagram.pdf
photographic-lenses-prime,US02696758-1.zmx,84.1470,84.2037,56.726,3.256,0.806,5.528,0.1457,PASSED,/home/agent/projects/BMO_ZMX_import/examples/../test_data/dan_reiley/photographic-lenses-prime/US02696758-1_diagram.pdf
photographic-lenses-prime,US02701982-1.zmx,46.3249,46.3200,-4.895,1.765,1.491,1.627,0.9159,PASSED,/home/agent/projects/BMO_ZMX_import/examples/../test_data/dan_reiley/photographic-lenses-prime/US02701982-1_diagram.pdf
photographic-lenses-prime,US02720139-1.zmx,31.4212,-52.6084,-84029.632,2434.906,166.228,10.326,16.0984,ATTENTION,/home/agent/projects/BMO_ZMX_import/examples/../test_data/dan_reiley/photographic-lenses-prime/US02720139-1_diagram.pdf
photographic-lenses-prime,US02720814-1.zmx,39.4136,35.9721,-3441.413,385.974,7.698,2.756,2.7932,PASSED,/home/agent/projects/BMO_ZMX_import/examples/../test_data/dan_reiley/photographic-lenses-prime/US02720814-1_diagram.pdf
photographic-lenses-prime,US02720816-1.zmx,30.5353,30.5137,-21.656,2.369,1.315,3.391,0.3878,PASSED,/home/agent/projects/BMO_ZMX_import/examples/../test_data/dan_reiley/photographic-lenses-prime/US02720816-1_diagram.pdf
photographic-lenses-prime,US02721501-1.zmx,24.1401,-32.4579,-56598.005,3123.758,117.706,5.479,21.4816,ATTENTION,/home/agent/projects/BMO_ZMX_import/examples/../test_data/dan_reiley/photographic-lenses-prime/US02721501-1_diagram.pdf
photographic-lenses-prime,US02724992-1.zmx,31.6061,36.3338,4727.724,324.907,6.198,4.485,1.3820,PASSED,/home/agent/projects/BMO_ZMX_import/examples/../test_data/dan_reiley/photographic-lenses-prime/US02724992-1_diagram.pdf
photographic-lenses-prime,US02724994-1.zmx,30.8194,10.4629,-20356.527,7141.804,116.596,0.930,125.3624,ATTENTION,/home/agent/projects/BMO_ZMX_import/examples/../test_data/dan_reiley/photographic-lenses-prime/US02724994-1_diagram.pdf
photographic-lenses-prime,US02730015-1.zmx,28.8909,13.8845,-15006.409,1628.382,1.335,2.848,0.4688,PASSED,/home/agent/projects/BMO_ZMX_import/examples/../test_data/dan_reiley/photographic-lenses-prime/US02730015-1_diagram.pdf
photographic-lenses-prime,US02730017-1.zmx,21.0475,21.0293,-18.205,1.003,0.510,6.483,0.0787,PASSED,/home/agent/projects/BMO_ZMX_import/examples/../test_data/dan_reiley/photographic-lenses-prime/US02730017-1_diagram.pdf
photographic-lenses-prime,US02731884-1.zmx,29.9722,29.9336,-38.529,3.943,2.131,3.580,0.5954,PASSED,/home/agent/projects/BMO_ZMX_import/examples/../test_data/dan_reiley/photographic-lenses-prime/US02731884-1_diagram.pdf
photographic-lenses-prime,US02732762-1.zmx,29.9040,29.4631,-440.906,38.727,2.981,3.520,0.8469,PASSED,/home/agent/projects/BMO_ZMX_import/examples/../test_data/dan_reiley/photographic-lenses-prime/US02732762-1_diagram.pdf
photographic-lenses-prime,US02733636-1.zmx,31.0566,16.4674,-14589.179,1628.576,1526.952,6.690,228.2563,ATTENTION,/home/agent/projects/BMO_ZMX_import/examples/../test_data/dan_reiley/photographic-lenses-prime/US02733636-1_diagram.pdf
photographic-lenses-prime,US02736234-1.zmx,30.3625,30.0631,-299.406,28.821,1.699,3.211,0.5291,PASSED,/home/agent/projects/BMO_ZMX_import/examples/../test_data/dan_reiley/photographic-lenses-prime/US02736234-1_diagram.pdf
photographic-lenses-prime,US02744447-2.zmx,32.4325,32.4101,-22.436,2.423,1.319,3.406,0.3874,PASSED,/home/agent/projects/BMO_ZMX_import/examples/../test_data/dan_reiley/photographic-lenses-prime/US02744447-2_diagram.pdf
photographic-lenses-prime,US02750839-1.zmx,28.8802,26.7605,-2119.728,183.116,3.503,3.568,0.9819,PASSED,/home/agent/projects/BMO_ZMX_import/examples/../test_data/dan_reiley/photographic-lenses-prime/US02750839-1_diagram.pdf
photographic-lenses-prime,US02760406-1.ZMX,139.3000,138.4449,-855.112,136.029,23.794,1.994,11.9347,ATTENTION,/home/agent/projects/BMO_ZMX_import/examples/../test_data/dan_reiley/photographic-lenses-prime/US02760406-1_diagram.pdf
photographic-lenses-prime,US02760406-1.zmx,35.3014,35.1762,-125.180,15.175,4.239,2.658,1.5948,PASSED,/home/agent/projects/BMO_ZMX_import/examples/../test_data/dan_reiley/photographic-lenses-prime/US02760406-1_diagram.pdf
photographic-lenses-prime,US02764062-1.zmx,29.8915,9.8051,-20086.410,8270.968,37.830,0.832,45.4423,ATTENTION,/home/agent/projects/BMO_ZMX_import/examples/../test_data/dan_reiley/photographic-lenses-prime/US02764062-1_diagram.pdf
photographic-lenses-prime,US02771006-1.zmx,43.4580,43.4528,-5.198,1.064,0.556,1.791,0.3103,PASSED,/home/agent/projects/BMO_ZMX_import/examples/../test_data/dan_reiley/photographic-lenses-prime/US02771006-1_diagram.pdf
photographic-lenses-prime,US02771817-1.zmx,32.9854,32.3490,-636.450,56.550,0.683,3.471,0.1967,PASSED,/home/agent/projects/BMO_ZMX_import/examples/../test_data/dan_reiley/photographic-lenses-prime/US02771817-1_diagram.pdf
photographic-lenses-prime,US02772601-2.zmx,45.8340,41.0733,-4760.732,450.174,7.270,3.261,2.2298,PASSED,/home/agent/projects/BMO_ZMX_import/examples/../test_data/dan_reiley/photographic-lenses-prime/US02772601-2_diagram.pdf
photographic-lenses-prime,US02774280-1.zmx,30.0010,28.8443,-1156.705,84.644,0.493,4.208,0.1172,PASSED,/home/agent/projects/BMO_ZMX_import/examples/../test_data/dan_reiley/photographic-lenses-prime/US02774280-1_diagram.pdf
photographic-lenses-prime,US02777363-1.ZMX,1.7253,1.7196,-5.769,1.399,0.625,1.361,0.4595,PASSED,/home/agent/projects/BMO_ZMX_import/examples/../test_data/dan_reiley/photographic-lenses-prime/US02777363-1_diagram.pdf
photographic-lenses-prime,US02777363-1.zmx,44.7581,44.5432,-214.945,33.830,3.594,1.990,1.8056,PASSED,/home/agent/projects/BMO_ZMX_import/examples/../test_data/dan_reiley/photographic-lenses-prime/US02777363-1_diagram.pdf
photographic-lenses-prime,US02784643-1.zmx,32.8361,32.7952,-40.855,6.940,3.498,2.119,1.6505,PASSED,/home/agent/projects/BMO_ZMX_import/examples/../test_data/dan_reiley/photographic-lenses-prime/US02784643-1_diagram.pdf
photographic-lenses-prime,US02785602-1.zmx,0.9848,0.9847,-0.100,0.009,0.004,3.994,0.0011,PASSED,/home/agent/projects/BMO_ZMX_import/examples/../test_data/dan_reiley/photographic-lenses-prime/US02785602-1_diagram.pdf
photographic-lenses-prime,US02792749-1.zmx,30.5976,30.5983,0.734,0.118,0.108,4.795,0.0226,PASSED,/home/agent/projects/BMO_ZMX_import/examples/../test_data/dan_reiley/photographic-lenses-prime/US02792749-1_diagram.pdf
photographic-lenses-prime,US02793565-1.zmx,59.4436,66.2417,6798.066,496.562,6.272,4.220,1.4863,PASSED,/home/agent/projects/BMO_ZMX_import/examples/../test_data/dan_reiley/photographic-lenses-prime/US02793565-1_diagram.pdf
photographic-lenses-prime,US02799207-1.zmx,32.8649,21.8248,-11040.086,1818.797,68.802,1.859,37.0123,ATTENTION,/home/agent/projects/BMO_ZMX_import/examples/../test_data/dan_reiley/photographic-lenses-prime/US02799207-1_diagram.pdf
photographic-lenses-prime,US02799207-3.zmx,32.9172,28.9906,-3926.601,288.459,7.831,4.188,1.8698,PASSED,/home/agent/projects/BMO_ZMX_import/examples/../test_data/dan_reiley/photographic-lenses-prime/US02799207-3_diagram.pdf
photographic-lenses-prime,US02807983-2.zmx,32.5707,32.6960,125.290,16.537,7.554,2.639,2.8625,PASSED,/home/agent/projects/BMO_ZMX_import/examples/../test_data/dan_reiley/photographic-lenses-prime/US02807983-2_diagram.pdf
photographic-lenses-prime,US02810322-1.zmx,21.5151,21.4918,-23.349,1.182,0.621,7.131,0.0871,PASSED,/home/agent/projects/BMO_ZMX_import/examples/../test_data/dan_reiley/photographic-lenses-prime/US02810322-1_diagram.pdf
photographic-lenses-prime,US02818776-1.zmx,32.1545,32.1452,-9.283,1.207,0.738,3.003,0.2456,PASSED,/home/agent/projects/BMO_ZMX_import/examples/../test_data/dan_reiley/photographic-lenses-prime/US02818776-1_diagram.pdf
photographic-lenses-prime,US02818777-1.zmx,30.0855,28.9274,-1158.088,92.673,1.854,3.850,0.4814,PASSED,/home/agent/projects/BMO_ZMX_import/examples/../test_data/dan_reiley/photographic-lenses-prime/US02818777-1_diagram.pdf
photographic-lenses-prime,US02824492-3.zmx,22.8545,22.8543,-0.167,0.086,0.085,3.580,0.0237,PASSED,/home/agent/projects/BMO_ZMX_import/examples/../test_data/dan_reiley/photographic-lenses-prime/US02824492-3_diagram.pdf
photographic-lenses-prime,US02824493-2.zmx,30.9215,60.3379,29416.380,844.522,30.783,10.795,2.8517,PASSED,/home/agent/projects/BMO_ZMX_import/examples/../test_data/dan_reiley/photographic-lenses-prime/US02824493-2_diagram.pdf
photographic-lenses-prime,US02824494-1.zmx,34.1572,83.7430,49585.786,1741.404,77.248,8.846,8.7325,ATTENTION,/home/agent/projects/BMO_ZMX_import/examples/../test_data/dan_reiley/photographic-lenses-prime/US02824494-1_diagram.pdf
photographic-lenses-prime,US02824495-1.zmx,65.8631,63.8213,-2041.804,110.962,1.243,5.657,0.2198,PASSED,/home/agent/projects/BMO_ZMX_import/examples/../test_data/dan_reiley/photographic-lenses-prime/US02824495-1_diagram.pdf
photographic-lenses-prime,US02826116-1.zmx,30.6402,30.5194,-120.755,271.807,271.575,3.231,84.0502,ATTENTION,/home/agent/projects/BMO_ZMX_import/examples/../test_data/dan_reiley/photographic-lenses-prime/US02826116-1_diagram.pdf
photographic-lenses-prime,US02827835-1.zmx,42.8567,45.1831,2326.403,251.660,1.391,2.859,0.4866,PASSED,/home/agent/projects/BMO_ZMX_import/examples/../test_data/dan_reiley/photographic-lenses-prime/US02827835-1_diagram.pdf
photographic-lenses-prime,US02828671-1.zmx,41.4339,39.0060,-2427.917,660.785,26.844,1.178,22.7855,ATTENTION,/home/agent/projects/BMO_ZMX_import/examples/../test_data/dan_reiley/photographic-lenses-prime/US02828671-1_diagram.pdf
photographic-lenses-prime,US02833181-1.zmx,26.9061,15.2950,-11611.106,1502.750,2.353,2.394,0.9830,PASSED,/home/agent/projects/BMO_ZMX_import/examples/../test_data/dan_reiley/photographic-lenses-prime/US02833181-1_diagram.pdf
photographic-lenses-prime,US02849918-1.zmx,49.1019,50.4605,1358.532,84.911,0.193,4.922,0.0392,PASSED,/home/agent/projects/BMO_ZMX_import/examples/../test_data/dan_reiley/photographic-lenses-prime/US02849918-1_diagram.pdf
photographic-lenses-prime,US02850945-1.zmx,26.4336,26.4343,0.662,0.057,0.001,3.574,0.0002,PASSED,/home/agent/projects/BMO_ZMX_import/examples/../test_data/dan_reiley/photographic-lenses-prime/US02850945-1_diagram.pdf
photographic-lenses-prime,US02854889-1.zmx,30.2879,-118.6232,-148911.099,2042.223,88.888,22.012,4.0382,PASSED,/home/agent/projects/BMO_ZMX_import/examples/../test_data/dan_reiley/photographic-lenses-prime/US02854889-1_diagram.pdf
photographic-lenses-prime,US02861500-1.zmx,35.0193,35.0258,6.528,1.780,1.365,1.788,0.7637,PASSED,/home/agent/projects/BMO_ZMX_import/examples/../test_data/dan_reiley/photographic-lenses-prime/US02861500-1_diagram.pdf
photographic-lenses-prime,US02862418-1.zmx,100.3305,97.9802,-2350.384,260.657,8.296,2.789,2.9744,PASSED,/home/agent/projects/BMO_ZMX_import/examples/../test_data/dan_reiley/photographic-lenses-prime/US02862418-1_diagram.pdf
photographic-lenses-prime,US02892381-1.zmx,28.4105,20.0609,-8349.608,878.659,19.801,2.926,6.7682,ATTENTION,/home/agent/projects/BMO_ZMX_import/examples/../test_data/dan_reiley/photographic-lenses-prime/US02892381-1_diagram.pdf
photographic-lenses-prime,US02894431-1.zmx,45.8764,45.8808,4.378,2.096,1.916,1.617,1.1851,PASSED,/home/agent/projects/BMO_ZMX_import/examples/../test_data/dan_reiley/photographic-lenses-prime/US02894431-1_diagram.pdf
photographic-lenses-prime,US02895379-1.zmx,40.8693,36.6849,-4184.384,504.541,9.295,2.570,3.6176,PASSED,/home/agent/projects/BMO_ZMX_import/examples/../test_data/dan_reiley/photographic-lenses-prime/US02895379-1_diagram.pdf
photographic-lenses-prime,US02896506-1.zmx,35.3959,43.2018,7805.916,935.994,23.036,2.586,8.9070,ATTENTION,/home/agent/projects/BMO_ZMX_import/examples/../test_data/dan_reiley/photographic-lenses-prime/US02896506-1_diagram.pdf
photographic-lenses-prime,US02897723-1.zmx,37.2190,41.8974,4678.431,230.806,0.871,6.232,0.1398,PASSED,/home/agent/projects/BMO_ZMX_import/examples/../test_data/dan_reiley/photographic-lenses-prime/US02897723-1_diagram.pdf
photographic-lenses-prime,US02897724-1.zmx,56.2616,56.2624,0.763,0.282,0.222,1.391,0.1595,PASSED,/home/agent/projects/BMO_ZMX_import/examples/../test_data/dan_reiley/photographic-lenses-prime/US02897724-1_diagram.pdf
photographic-lenses-prime,US02906173-1.zmx,21.8099,21.7869,-23.040,1.391,0.717,5.940,0.1207,PASSED,/home/agent/projects/BMO_ZMX_import/examples/../test_data/dan_reiley/photographic-lenses-prime/US02906173-1_diagram.pdf
photographic-lenses-prime,US02906174-1.zmx,33.3564,33.3283,-28.097,2.902,1.585,3.563,0.4449,PASSED,/home/agent/projects/BMO_ZMX_import/examples/../test_data/dan_reiley/photographic-lenses-prime/US02906174-1_diagram.pdf
photographic-lenses-prime,US02920528-1.zmx,41.8510,41.8240,-27.074,4.101,2.100,2.383,0.8812,PASSED,/home/agent/projects/BMO_ZMX_import/examples/../test_data/dan_reiley/photographic-lenses-prime/US02920528-1_diagram.pdf
photographic-lenses-prime,US02959100-1.zmx,75.5625,190.8659,115303.356,2922.612,281.549,12.537,22.4567,ATTENTION,/home/agent/projects/BMO_ZMX_import/examples/../test_data/dan_reiley/photographic-lenses-prime/US02959100-1_diagram.pdf
photographic-lenses-prime,US02959100-2.zmx,54.6182,54.0389,-579.275,50.230,2.081,3.558,0.5849,PASSED,/home/agent/projects/BMO_ZMX_import/examples/../test_data/dan_reiley/photographic-lenses-prime/US02959100-2_diagram.pdf
photographic-lenses-prime,US02959102-1.zmx,1.4329,1.4339,0.963,0.175,0.033,1.643,0.0202,PASSED,/home/agent/projects/BMO_ZMX_import/examples/../test_data/dan_reiley/photographic-lenses-prime/US02959102-1_diagram.pdf
photographic-lenses-prime,US02967459-1.zmx,33.3151,33.6289,313.867,17.386,0.904,5.558,0.1627,PASSED,/home/agent/projects/BMO_ZMX_import/examples/../test_data/dan_reiley/photographic-lenses-prime/US02967459-1_diagram.pdf
photographic-lenses-prime,US02968221-1.zmx,31.7017,31.6818,-19.922,2.079,1.179,3.587,0.3286,PASSED,/home/agent/projects/BMO_ZMX_import/examples/../test_data/dan_reiley/photographic-lenses-prime/US02968221-1_diagram.pdf
photographic-lenses-prime,US02983192-1.zmx,34.8357,29.8575,-4978.194,690.197,6.170,2.238,2.7562,PASSED,/home/agent/projects/BMO_ZMX_import/examples/../test_data/dan_reiley/photographic-lenses-prime/US02983192-1_diagram.pdf
photographic-lenses-prime,US02991696-1.zmx,32.2057,32.1803,-25.451,5.449,2.892,1.725,1.6760,PASSED,/home/agent/projects/BMO_ZMX_import/examples/../test_data/dan_reiley/photographic-lenses-prime/US02991696-1_diagram.pdf
photographic-lenses-prime,US02995980-1.zmx,31.4192,32.2056,786.382,64.304,1.057,3.770,0.2802,PASSED,/home/agent/projects/BMO_ZMX_import/examples/../test_data/dan_reiley/photographic-lenses-prime/US02995980-1_diagram.pdf
photographic-lenses-prime,US03005379-1.zmx,37.3411,37.3158,-25.234,4.061,1.847,2.168,0.8518,PASSED,/home/agent/projects/BMO_ZMX_import/examples/../test_data/dan_reiley/photographic-lenses-prime/US03005379-1_diagram.pdf
photographic-lenses-prime,US03006249-1.zmx,36.1784,36.1532,-25.181,3.245,1.855,2.921,0.6349,PASSED,/home/agent/projects/BMO_ZMX_import/examples/../test_data/dan_reiley/photographic-lenses-prime/US03006249-1_diagram.pdf
photographic-lenses-prime,US03012476-1.zmx,36.1874,35.3394,-848.021,122.087,1.366,2.159,0.6328,PASSED,/home/agent/projects/BMO_ZMX_import/examples/../test_data/dan_reiley/photographic-lenses-prime/US03012476-1_diagram.pdf
photographic-lenses-prime,US03018688-1.zmx,30.0810,30.0591,-21.847,2.455,1.316,3.253,0.4046,PASSED,/home/agent/projects/BMO_ZMX_import/examples/../test_data/dan_reiley/photographic-lenses-prime/US03018688-1_diagram.pdf
photographic-lenses-prime,US03023671-2.zmx,33.5351,52.0850,18549.850,1154.291,16.102,4.955,3.2496,PASSED,/home/agent/projects/BMO_ZMX_import/examples/../test_data/dan_reiley/photographic-lenses-prime/US03023671-2_diagram.pdf
photographic-lenses-prime,US03029698-1.zmx,35.5299,35.7735,243.599,30.336,0.662,2.489,0.2660,PASSED,/home/agent/projects/BMO_ZMX_import/examples/../test_data/dan_reiley/photographic-lenses-prime/US03029698-1_diagram.pdf
photographic-lenses-prime,US03030860-1.zmx,112.9361,122.6145,9678.449,714.032,6.965,4.176,1.6678,PASSED,/home/agent/projects/BMO_ZMX_import/examples/../test_data/dan_reiley/photographic-lenses-prime/US03030860-1_diagram.pdf
photographic-lenses-prime,US03033081-1.zmx,25.0840,25.0572,-26.777,3.809,1.977,2.546,0.7766,PASSED,/home/agent/projects/BMO_ZMX_import/examples/../test_data/dan_reiley/photographic-lenses-prime/US03033081-1_diagram.pdf
photographic-lenses-prime,US03043193-1.zmx,36.0254,35.9988,-26.643,4.250,2.219,2.281,0.9728,PASSED,/home/agent/projects/BMO_ZMX_import/examples/../test_data/dan_reiley/photographic-lenses-prime/US03043193-1_diagram.pdf
photographic-lenses-prime,US03045547-1.ZMX,251.2160,259.1235,7907.536,2274.299,346.578,1.142,303.4182,ATTENTION,/home/agent/projects/BMO_ZMX_import/examples/../test_data/dan_reiley/photographic-lenses-prime/US03045547-1_diagram.pdf
photographic-lenses-prime,US03451745-1.zmx,167.4999,171.1138,3613.957,647.477,18.091,1.748,10.3480,ATTENTION,/home/agent/projects/BMO_ZMX_import/examples/../test_data/dan_reiley/photographic-lenses-prime/US03451745-1_diagram.pdf
photographic-lenses-prime,US03524697-1.zmx,143.3582,139.3475,-4010.695,954.798,247.323,1.374,179.9525,ATTENTION,/home/agent/projects/BMO_ZMX_import/examples/../test_data/dan_reiley/photographic-lenses-prime/US03524697-1_diagram.pdf
photographic-lenses-prime,US03524697-2.ZMX,235.9453,235.2608,-684.571,53.644,12.699,4.045,3.1395,PASSED,/home/agent/projects/BMO_ZMX_import/examples/../test_data/dan_reiley/photographic-lenses-prime/US03524697-2_diagram.pdf
photographic-lenses-prime,US03560079-1.zmx,88.2956,163.6342,75338.560,3798.324,165.762,6.152,26.9429,ATTENTION,/home/agent/projects/BMO_ZMX_import/examples/../test_data/dan_reiley/photographic-lenses-prime/US03560079-1_diagram.pdf
photographic-lenses-prime,US03737214-1.zmx,245.9567,245.9567,0.000,0.000,0.000,35.841,0.0000,PASSED,/home/agent/projects/BMO_ZMX_import/examples/../test_data/dan_reiley/photographic-lenses-prime/US03737214-1_diagram.pdf
photographic-lenses-prime,US03741630-1.zmx,15.6078,15.6078,0.000,0.000,0.000,35.841,0.0000,PASSED,/home/agent/projects/BMO_ZMX_import/examples/../test_data/dan_reiley/photographic-lenses-prime/US03741630-1_diagram.pdf
photographic-lenses-prime,US03850509-1.zmx,3.5440,0.4174,-3126.593,1864.109,0.000,0.687,0.0000,PASSED,/home/agent/projects/BMO_ZMX_import/examples/../test_data/dan_reiley/photographic-lenses-prime/US03850509-1_diagram.pdf
photographic-lenses-prime,US03887269-1.zmx,649.2434,649.2170,-26.369,2.121,1.909,8.778,0.2175,PASSED,/home/agent/projects/BMO_ZMX_import/examples/../test_data/dan_reiley/photographic-lenses-prime/US03887269-1_diagram.pdf
photographic-lenses-prime,US03915558-1.zmx,129.2813,129.3891,107.809,27.424,4.824,1.273,3.7891,PASSED,/home/agent/projects/BMO_ZMX_import/examples/../test_data/dan_reiley/photographic-lenses-prime/US03915558-1_diagram.pdf
photographic-lenses-prime,US03994576-1.zmx,49.0315,2.3132,-46718.319,10966.156,158.425,1.340,118.2565,ATTENTION,/home/agent/projects/BMO_ZMX_import/examples/../test_data/dan_reiley/photographic-lenses-prime/US03994576-1_diagram.pdf
photographic-lenses-prime,US03997248-1.zmx,98.1264,98.2236,97.211,21.916,13.288,1.747,7.6074,ATTENTION,/home/agent/projects/BMO_ZMX_import/examples/../test_data/dan_reiley/photographic-lenses-prime/US03997248-1_diagram.pdf
photographic-lenses-prime,US04013349-1.zmx,48.4777,31.4273,-17050.392,7231.794,121.273,0.793,152.9238,ATTENTION,/home/agent/projects/BMO_ZMX_import/examples/../test_data/dan_reiley/photographic-lenses-prime/US04013349-1_diagram.pdf
photographic-lenses-prime,US04099843-1.zmx,92.9652,82.8712,-10094.059,3173.493,2128.380,1.350,1576.7346,ATTENTION,/home/agent/projects/BMO_ZMX_import/examples/../test_data/dan_reiley/photographic-lenses-prime/US04099843-1_diagram.pdf
photographic-lenses-prime,US04099849-2.zmx,101.2890,28.4031,-72885.942,15903.856,0.000,1.643,0.0000,PASSED,/home/agent/projects/BMO_ZMX_import/examples/../test_data/dan_reiley/photographic-lenses-prime/US04099849-2_diagram.pdf
photographic-lenses-prime,US04136931-1.zmx,144.0447,-114.4672,-258511.853,12823.946,0.000,7.060,0.0000,PASSED,/home/agent/projects/BMO_ZMX_import/examples/../test_data/dan_reiley/photographic-lenses-prime/US04136931-1_diagram.pdf
photographic-lenses-prime,US04182550-1.zmx,168.8473,167.7857,-1061.635,221.838,11.170,1.510,7.3966,ATTENTION,/home/agent/projects/BMO_ZMX_import/examples/../test_data/dan_reiley/photographic-lenses-prime/US04182550-1_diagram.pdf
photographic-lenses-prime,US04235519-1.ZMX,236.3490,379.5525,143203.544,13769.850,0.000,3.655,0.0000,PASSED,/home/agent/projects/BMO_ZMX_import/examples/../test_data/dan_reiley/photographic-lenses-prime/US04235519-1_diagram.pdf
photographic-lenses-prime,US04251133-1.zmx,0.7898,0.7898,-0.006,0.002,0.002,3.458,0.0006,PASSED,/home/agent/projects/BMO_ZMX_import/examples/../test_data/dan_reiley/photographic-lenses-prime/US04251133-1_diagram.pdf
photographic-lenses-prime,US04273415-1.ZMX,71.6134,71.6237,10.287,1.521,1.371,4.818,0.2846,PASSED,/home/agent/projects/BMO_ZMX_import/examples/../test_data/dan_reiley/photographic-lenses-prime/US04273415-1_diagram.pdf
photographic-lenses-prime,US04331391-1.zmx,128.6175,90.8961,-37721.447,6893.395,3000.297,1.584,1894.3951,ATTENTION,/home/agent/projects/BMO_ZMX_import/examples/../test_data/dan_reiley/photographic-lenses-prime/US04331391-1_diagram.pdf
photographic-lenses-prime,US04364644-1.zmx,85.9796,135.6045,49624.936,3379.084,104.760,4.544,23.0534,ATTENTION,/home/agent/projects/BMO_ZMX_import/examples/../test_data/dan_reiley/photographic-lenses-prime/US04364644-1_diagram.pdf
photographic-lenses-prime,US04390250-1.zmx,33.6894,33.7724,82.972,9.492,2.091,2.771,0.7545,PASSED,/home/agent/projects/BMO_ZMX_import/examples/../test_data/dan_reiley/photographic-lenses-prime/US04390250-1_diagram.pdf
photographic-lenses-prime,US04396255-1.zmx,65.2880,-47.6234,-112911.382,11703.974,546.062,2.907,187.8742,ATTENTION,/home/agent/projects/BMO_ZMX_import/examples/../test_data/dan_reiley/photographic-lenses-prime/US04396255-1_diagram.pdf
photographic-lenses-prime,US04412726-1.zmx,5.3431,-0.5649,-5908.023,1822.799,15.133,0.745,20.3092,ATTENTION,/home/agent/projects/BMO_ZMX_import/examples/../test_data/dan_reiley/photographic-lenses-prime/US04412726-1_diagram.pdf
photographic-lenses-prime,US04426137-1.zmx,124.5554,127.3787,2823.346,275.183,0.760,3.168,0.2398,PASSED,/home/agent/projects/BMO_ZMX_import/examples/../test_data/dan_reiley/photographic-lenses-prime/US04426137-1_diagram.pdf
photographic-lenses-prime,US04431273-1.zmx,114.2192,95.2609,-18958.269,3848.779,18.086,1.550,11.6660,ATTENTION,/home/agent/projects/BMO_ZMX_import/examples/../test_data/dan_reiley/photographic-lenses-prime/US04431273-1_diagram.pdf
photographic-lenses-prime,US04443070-1.zmx,164.4125,162.8455,-1567.035,251.126,4.794,1.946,2.4632,PASSED,/home/agent/projects/BMO_ZMX_import/examples/../test_data/dan_reiley/photographic-lenses-prime/US04443070-1_diagram.pdf
photographic-lenses-prime,US04447137-1.zmx,139.0328,156.5212,17488.459,1528.120,10.345,3.531,2.9302,PASSED,/home/agent/projects/BMO_ZMX_import/examples/../test_data/dan_reiley/photographic-lenses-prime/US04447137-1_diagram.pdf
photographic-lenses-prime,US04448497-1.zmx,155.8516,156.0197,168.079,37.206,5.940,1.446,4.1085,PASSED,/home/agent/projects/BMO_ZMX_import/examples/../test_data/dan_reiley/photographic-lenses-prime/US04448497-1_diagram.pdf
photographic-lenses-prime,US04483597-1.zmx,213.8096,212.1058,-1703.843,180.915,1.509,2.911,0.5183,PASSED,/home/agent/projects/BMO_ZMX_import/examples/../test_data/dan_reiley/photographic-lenses-prime/US04483597-1_diagram.pdf
photographic-lenses-prime,US04514052-1.zmx,175.7442,175.1200,-624.171,97.944,30.486,2.086,14.6123,ATTENTION,/home/agent/projects/BMO_ZMX_import/examples/../test_data/dan_reiley/photographic-lenses-prime/US04514052-1_diagram.pdf
photographic-lenses-prime,US04553823-1.zmx,70.4628,72.5663,2103.491,311.058,5.900,2.104,2.8039,PASSED,/home/agent/projects/BMO_ZMX_import/examples/../test_data/dan_reiley/photographic-lenses-prime/US04553823-1_diagram.pdf
photographic-lenses-prime,US04556295-1.zmx,117.0838,116.6167,-467.131,16.644,0.275,8.622,0.0318,PASSED,/home/agent/projects/BMO_ZMX_import/examples/../test_data/dan_reiley/photographic-lenses-prime/US04556295-1_diagram.pdf
photographic-lenses-prime,US04621909-1.zmx,82.9467,219.3949,136448.159,6713.703,808.523,6.495,124.4928,ATTENTION,/home/agent/projects/BMO_ZMX_import/examples/../test_data/dan_reiley/photographic-lenses-prime/US04621909-1_diagram.pdf
photographic-lenses-prime,US04647161-1.ZMX,87.5730,81.8306,-5742.362,757.306,189.651,2.396,79.1386,ATTENTION,/home/agent/projects/BMO_ZMX_import/examples/../test_data/dan_reiley/photographic-lenses-prime/US04647161-1_diagram.pdf
photographic-lenses-prime,US04666260-2.zmx,185.3523,181.3640,-3988.327,391.878,4.628,3.142,1.4728,PASSED,/home/agent/projects/BMO_ZMX_import/examples/../test_data/dan_reiley/photographic-lenses-prime/US04666260-2_diagram.pdf
photographic-lenses-prime,US04709998-1.zmx,85.5471,181.4522,95905.123,2509.773,14.027,11.751,1.1937,PASSED,/home/agent/projects/BMO_ZMX_import/examples/../test_data/dan_reiley/photographic-lenses-prime/US04709998-1_diagram.pdf
photographic-lenses-prime,US04786152-1.zmx,92.3221,92.1409,-181.276,28.422,8.270,2.074,3.9870,PASSED,/home/agent/projects/BMO_ZMX_import/examples/../test_data/dan_reiley/photographic-lenses-prime/US04786152-1_diagram.pdf
photographic-lenses-prime,US04786153-1.zmx,146.8325,125.2562,-21576.268,2372.310,7.308,2.814,2.5972,PASSED,/home/agent/projects/BMO_ZMX_import/examples/../test_data/dan_reiley/photographic-lenses-prime/US04786153-1_diagram.pdf
photographic-lenses-prime,US04807983-1.zmx,72.6381,73.6546,1016.471,128.354,1.134,2.455,0.4621,PASSED,/home/agent/projects/BMO_ZMX_import/examples/../test_data/dan_reiley/photographic-lenses-prime/US04807983-1_diagram.pdf
photographic-lenses-prime,US04852984-1.ZMX,144.9727,145.9054,932.683,264.995,16.970,1.136,14.9393,ATTENTION,/home/agent/projects/BMO_ZMX_import/examples/../test_data/dan_reiley/photographic-lenses-prime/US04852984-1_diagram.pdf
photographic-lenses-prime,US04852984-2.ZMX,338.2066,338.2087,2.129,2.542,2.508,1.612,1.5559,PASSED,/home/agent/projects/BMO_ZMX_import/examples/../test_data/dan_reiley/photographic-lenses-prime/US04852984-2_diagram.pdf
photographic-lenses-prime,US04923292-1.zmx,96.0747,89.5117,-6562.995,992.918,25.739,2.056,12.5167,ATTENTION,/home/agent/projects/BMO_ZMX_import/examples/../test_data/dan_reiley/photographic-lenses-prime/US04923292-1_diagram.pdf
photographic-lenses-prime,US04934797-1.zmx,161.3712,155.9003,-5470.913,989.319,0.000,1.967,0.0000,PASSED,/home/agent/projects/BMO_ZMX_import/examples/../test_data/dan_reiley/photographic-lenses-prime/US04934797-1_diagram.pdf
photographic-lenses-prime,US04966449-1.zmx,175.3528,134.3899,-40962.891,7451.996,1739.898,1.717,1013.4442,ATTENTION,/home/agent/projects/BMO_ZMX_import/examples/../test_data/dan_reiley/photographic-lenses-prime/US04966449-1_diagram.pdf
photographic-lenses-prime,US04978205-1.zmx,271.3143,243.9786,-27335.653,2383.821,0.000,4.074,0.0000,PASSED,/home/agent/projects/BMO_ZMX_import/examples/../test_data/dan_reiley/photographic-lenses-prime/US04978205-1_diagram.pdf
photographic-lenses-prime,US04986643-1.zmx,200.0000,197.1509,-2849.101,316.013,2.826,2.788,1.0137,PASSED,/home/agent/projects/BMO_ZMX_import/examples/../test_data/dan_reiley/photographic-lenses-prime/US04986643-1_diagram.pdf
photographic-lenses-prime,US04991946-1.zmx,1125.3676,1095.7469,-29620.775,922.219,18.367,9.893,1.8566,PASSED,/home/agent/projects/BMO_ZMX_import/examples/../test_data/dan_reiley/photographic-lenses-prime/US04991946-1_diagram.pdf
photographic-lenses-prime,US05315441-1.zmx,120.7242,-78.9546,-199678.742,12158.268,0.000,5.756,0.0000,PASSED,/home/agent/projects/BMO_ZMX_import/examples/../test_data/dan_reiley/photographic-lenses-prime/US05315441-1_diagram.pdf
photographic-lenses-prime,US05321554-4.ZMX,120.4811,95.2502,-25230.920,5868.781,65.573,1.357,48.3181,ATTENTION,/home/agent/projects/BMO_ZMX_import/examples/../test_data/dan_reiley/photographic-lenses-prime/US05321554-4_diagram.pdf
photographic-lenses-prime,US05323270-1.zmx,319.0300,336.1934,17163.373,1700.449,33.035,3.119,10.5911,ATTENTION,/home/agent/projects/BMO_ZMX_import/examples/../test_data/dan_reiley/photographic-lenses-prime/US05323270-1_diagram.pdf
photographic-lenses-prime,US05323270-5.zmx,433.9967,2985.2744,2551277.655,11417.302,811.205,70.522,11.5028,ATTENTION,/home/agent/projects/BMO_ZMX_import/examples/../test_data/dan_reiley/photographic-lenses-prime/US05323270-5_diagram.pdf
photographic-lenses-prime,US05325234-1.zmx,184.1683,238.2859,54117.539,1978.189,22.915,8.415,2.7232,PASSED,/home/agent/projects/BMO_ZMX_import/examples/../test_data/dan_reiley/photographic-lenses-prime/US05325234-1_diagram.pdf
photographic-lenses-prime,US05402268-1.zmx,226.5789,71.9831,-154595.797,23404.974,0.000,2.261,0.0000,PASSED,/home/agent/projects/BMO_ZMX_import/examples/../test_data/dan_reiley/photographic-lenses-prime/US05402268-1_diagram.pdf
photographic-lenses-prime,US05434713-1.zmx,99.2845,99.2845,0.000,0.000,0.000,35.841,0.0000,PASSED,/home/agent/projects/BMO_ZMX_import/examples/../test_data/dan_reiley/photographic-lenses-prime/US05434713-1_diagram.pdf
photographic-lenses-prime,US05438455-1.zmx,374.2544,546.9924,172738.083,7468.700,62.606,7.115,8.7992,ATTENTION,/home/agent/projects/BMO_ZMX_import/examples/../test_data/dan_reiley/photographic-lenses-prime/US05438455-1_diagram.pdf
photographic-lenses-prime,US05490014-1.zmx,234.4608,232.3409,-2119.898,396.386,6.941,1.677,4.1383,PASSED,/home/agent/projects/BMO_ZMX_import/examples/../test_data/dan_reiley/photographic-lenses-prime/US05490014-1_diagram.pdf
photographic-lenses-prime,US05557473-1.ZMX,87.3300,-17.2029,-104532.942,16632.932,5650.188,1.829,3088.7575,ATTENTION,/home/agent/projects/BMO_ZMX_import/examples/../test_data/dan_reiley/photographic-lenses-prime/US05557473-1_diagram.pdf
photographic-lenses-prime,US05579160-2.zmx,241.2192,136.2775,-104941.652,13601.472,3689.696,2.050,1800.2276,ATTENTION,/home/agent/projects/BMO_ZMX_import/examples/../test_data/dan_reiley/photographic-lenses-prime/US05579160-2_diagram.pdf
photographic-lenses-prime,US05589988-1.zmx,133.4307,183.8614,50430.743,6672.273,738.458,2.411,306.2679,ATTENTION,/home/agent/projects/BMO_ZMX_import/examples/../test_data/dan_reiley/photographic-lenses-prime/US05589988-1_diagram.pdf
photographic-lenses-prime,US05589988-4.zmx,139.5595,339.5656,200006.075,13365.691,0.000,5.246,0.0000,PASSED,/home/agent/projects/BMO_ZMX_import/examples/../test_data/dan_reiley/photographic-lenses-prime/US05589988-4_diagram.pdf
photographic-lenses-prime,US05598299-1.zmx,109.1880,105.9552,-3232.845,328.438,3.339,3.040,1.0982,PASSED,/home/agent/projects/BMO_ZMX_import/examples/../test_data/dan_reiley/photographic-lenses-prime/US05598299-1_diagram.pdf
photographic-lenses-prime,US05610769-1.zmx,453.2462,253.4645,-199781.684,14607.691,29.180,4.210,6.9314,ATTENTION,/home/agent/projects/BMO_ZMX_import/examples/../test_data/dan_reiley/photographic-lenses-prime/US05610769-1_diagram.pdf
photographic-lenses-prime,US05623371-1.zmx,75.9630,77.6825,1719.508,210.967,6.179,2.527,2.4455,PASSED,/home/agent/projects/BMO_ZMX_import/examples/../test_data/dan_reiley/photographic-lenses-prime/US05623371-1_diagram.pdf
photographic-lenses-prime,US05627685-1.zmx,288.4784,288.4950,16.665,0.957,0.325,5.692,0.0571,PASSED,/home/agent/projects/BMO_ZMX_import/examples/../test_data/dan_reiley/photographic-lenses-prime/US05627685-1_diagram.pdf
photographic-lenses-prime,US05631780-1.ZMX,122.7543,35.8518,-86902.478,7452.434,0.000,4.094,0.0000,PASSED,/home/agent/projects/BMO_ZMX_import/examples/../test_data/dan_reiley/photographic-lenses-prime/US05631780-1_diagram.pdf
photographic-lenses-prime,US05631780-3.ZMX,121.4392,121.4392,0.000,0.000,0.000,35.841,0.0000,PASSED,/home/agent/projects/BMO_ZMX_import/examples/../test_data/dan_reiley/photographic-lenses-prime/US05631780-3_diagram.pdf
photographic-lenses-prime,US05631780-4.ZMX,118.8701,59.1807,-59689.360,6405.266,0.000,3.279,0.0000,PASSED,/home/agent/projects/BMO_ZMX_import/examples/../test_data/dan_reiley/photographic-lenses-prime/US05631780-4_diagram.pdf
photographic-lenses-prime,US05737129-1.zmx,112.6482,87.5772,-25071.036,2176.550,0.000,4.045,0.0000,PASSED,/home/agent/projects/BMO_ZMX_import/examples/../test_data/dan_reiley/photographic-lenses-prime/US05737129-1_diagram.pdf
photographic-lenses-prime,US05745306-1.zmx,306.1052,-2908.8396,-3214944.835,18172.061,0.000,61.882,0.0000,PASSED,/home/agent/projects/BMO_ZMX_import/examples/../test_data/dan_reiley/photographic-lenses-prime/US05745306-1_diagram.pdf
photographic-lenses-prime,US05745306-2.zmx,430.1595,288.7194,-141440.126,7205.024,2853.478,6.397,446.0902,ATTENTION,/home/agent/projects/BMO_ZMX_import/examples/../test_data/dan_reiley/photographic-lenses-prime/US05745306-2_diagram.pdf
photographic-lenses-prime,US05745306-3.zmx,467.1043,3579.9502,3112845.942,5257.729,111.010,183.061,0.6064,PASSED,/home/agent/projects/BMO_ZMX_import/examples/../test_data/dan_reiley/photographic-lenses-prime/US05745306-3_diagram.pdf
photographic-lenses-prime,US05757555-1.ZMX,284.5247,255.7889,-28735.867,1301.149,3.998,6.786,0.5892,PASSED,/home/agent/projects/BMO_ZMX_import/examples/../test_data/dan_reiley/photographic-lenses-prime/US05757555-1_diagram.pdf
photographic-lenses-prime,US05757555-6.ZMX,393.3963,375.3854,-18010.879,620.440,0.797,8.916,0.0894,PASSED,/home/agent/projects/BMO_ZMX_import/examples/../test_data/dan_reiley/photographic-lenses-prime/US05757555-6_diagram.pdf
photographic-lenses-prime,US05808808-1.ZMX,65.4946,26.4866,-39007.948,8999.086,7114.723,1.818,3912.8004,ATTENTION,/home/agent/projects/BMO_ZMX_import/examples/../test_data/dan_reiley/photographic-lenses-prime/US05808808-1_diagram.pdf
photographic-lenses-prime,US05909319-3.ZMX,224.2471,207.9982,-16248.898,1105.826,2.737,4.523,0.6051,PASSED,/home/agent/projects/BMO_ZMX_import/examples/../test_data/dan_reiley/photographic-lenses-prime/US05909319-3_diagram.pdf
photographic-lenses-prime,US05917663-1.zmx,88.8329,31.7560,-57076.936,12672.617,8821.484,1.510,5843.9220,ATTENTION,/home/agent/projects/BMO_ZMX_import/examples/../test_data/dan_reiley/photographic-lenses-prime/US05917663-1_diagram.pdf
photographic-lenses-prime,US05917663-2.zmx,89.2793,80.4230,-8856.333,2498.434,635.499,1.153,551.0900,ATTENTION,/home/agent/projects/BMO_ZMX_import/examples/../test_data/dan_reiley/photographic-lenses-prime/US05917663-2_diagram.pdf
photographic-lenses-prime,US05930056-1.zmx,96.3518,96.3662,14.388,2.034,1.816,4.832,0.3757,PASSED,/home/agent/projects/BMO_ZMX_import/examples/../test_data/dan_reiley/photographic-lenses-prime/US05930056-1_diagram.pdf
photographic-lenses-prime,US05946136-1.zmx,76.8537,73.9063,-2947.364,365.073,5.332,2.501,2.1316,PASSED,/home/agent/projects/BMO_ZMX_import/examples/../test_data/dan_reiley/photographic-lenses-prime/US05946136-1_diagram.pdf
photographic-lenses-prime,US06115188-1.zmx,268.6367,268.6296,-7.075,0.389,0.140,5.990,0.0234,PASSED,/home/agent/projects/BMO_ZMX_import/examples/../test_data/dan_reiley/photographic-lenses-prime/US06115188-1_diagram.pdf
photographic-lenses-prime,US06115188-10.zmx,409.1736,1643.4268,1234253.211,10871.340,10.449,34.831,0.3000,PASSED,/home/agent/projects/BMO_ZMX_import/examples/../test_data/dan_reiley/photographic-lenses-prime/US06115188-10_diagram.pdf
photographic-lenses-prime,US06115188-15.zmx,465.4166,465.4450,28.403,0.776,0.097,11.323,0.0086,PASSED,/home/agent/projects/BMO_ZMX_import/examples/../test_data/dan_reiley/photographic-lenses-prime/US06115188-15_diagram.pdf
photographic-lenses-prime,US06115188-22.ZMX,475.9212,472.3868,-3534.487,107.587,0.119,10.089,0.0118,PASSED,/home/agent/projects/BMO_ZMX_import/examples/../test_data/dan_reiley/photographic-lenses-prime/US06115188-22_diagram.pdf
photographic-lenses-prime,US06115188-7.zmx,348.6254,348.6049,-20.535,0.862,0.043,7.333,0.0059,PASSED,/home/agent/projects/BMO_ZMX_import/examples/../test_data/dan_reiley/photographic-lenses-prime/US06115188-7_diagram.pdf
photographic-lenses-prime,US06154324-1.ZMX,160.4300,159.9631,-466.909,39.562,0.183,3.639,0.0502,PASSED,/home/agent/projects/BMO_ZMX_import/examples/../test_data/dan_reiley/photographic-lenses-prime/US06154324-1_diagram.pdf
photographic-lenses-prime,US06239919-2.zmx,517.4764,519.1849,1708.535,48.187,0.042,10.888,0.0039,PASSED,/home/agent/projects/BMO_ZMX_import/examples/../test_data/dan_reiley/photographic-lenses-prime/US06239919-2_diagram.pdf
photographic-lenses-prime,US06317275-1.zmx,163.6250,114.1976,-49427.445,8537.672,22.321,1.809,12.3366,ATTENTION,/home/agent/projects/BMO_ZMX_import/examples/../test_data/dan_reiley/photographic-lenses-prime/US06317275-1_diagram.pdf
photographic-lenses-prime,US06366412-1.zmx,193.2616,68.5807,-124680.904,15174.168,98.892,2.534,39.0313,ATTENTION,/home/agent/projects/BMO_ZMX_import/examples/../test_data/dan_reiley/photographic-lenses-prime/US06366412-1_diagram.pdf
photographic-lenses-prime,US06384975-1.zmx,130.3688,129.2202,-1148.583,142.817,3.027,2.492,1.2146,PASSED,/home/agent/projects/BMO_ZMX_import/examples/../test_data/dan_reiley/photographic-lenses-prime/US06384975-1_diagram.pdf
photographic-lenses-prime,US06476982-1.ZMX,8.2695,0.3275,-7942.037,1777.570,454.475,1.384,328.2810,ATTENTION,/home/agent/projects/BMO_ZMX_import/examples/../test_data/dan_reiley/photographic-lenses-prime/US06476982-1_diagram.pdf
photographic-lenses-prime,US06549343-1.zmx,114.9198,114.9320,12.249,2.781,2.127,2.125,1.0007,PASSED,/home/agent/projects/BMO_ZMX_import/examples/../test_data/dan_reiley/photographic-lenses-prime/US06549343-1_diagram.pdf
photographic-lenses-prime,US06560042-2.zmx,98.9557,98.9557,0.000,0.000,0.000,35.841,0.0000,PASSED,/home/agent/projects/BMO_ZMX_import/examples/../test_data/dan_reiley/photographic-lenses-prime/US06560042-2_diagram.pdf
photographic-lenses-prime,US06580568-1.zmx,245.9874,245.9853,-2.132,0.126,0.070,6.255,0.0112,PASSED,/home/agent/projects/BMO_ZMX_import/examples/../test_data/dan_reiley/photographic-lenses-prime/US06580568-1_diagram.pdf
photographic-lenses-prime,US06844991-1.zmx,101.8636,101.8636,0.000,0.000,0.000,35.841,0.0000,PASSED,/home/agent/projects/BMO_ZMX_import/examples/../test_data/dan_reiley/photographic-lenses-prime/US06844991-1_diagram.pdf
photographic-lenses-prime,US06891684-1.zmx,121.8390,39.5636,-82275.460,14042.602,12836.299,3.284,3908.9337,ATTENTION,/home/agent/projects/BMO_ZMX_import/examples/../test_data/dan_reiley/photographic-lenses-prime/US06891684-1_diagram.pdf
photographic-lenses-prime,US06894847-1.zmx,184.0292,176.6487,-7380.439,1080.056,0.000,2.417,0.0000,PASSED,/home/agent/projects/BMO_ZMX_import/examples/../test_data/dan_reiley/photographic-lenses-prime/US06894847-1_diagram.pdf
photographic-lenses-prime,US06917479-1.ZMX,8.0429,10.8394,2796.540,292.138,200.970,3.981,50.4842,ATTENTION,/home/agent/projects/BMO_ZMX_import/examples/../test_data/dan_reiley/photographic-lenses-prime/US06917479-1_diagram.pdf
photographic-lenses-prime,US06927926-1.ZMX,302.5100,307.9501,5440.119,242.648,0.021,6.890,0.0031,PASSED,/home/agent/projects/BMO_ZMX_import/examples/../test_data/dan_reiley/photographic-lenses-prime/US06927926-1_diagram.pdf
photographic-lenses-prime,US07023628-1.ZMX,20.1800,20.1800,0.000,0.000,0.000,35.841,0.0000,PASSED,/home/agent/projects/BMO_ZMX_import/examples/../test_data/dan_reiley/photographic-lenses-prime/US07023628-1_diagram.pdf
photographic-lenses-prime,US07054076-1.zmx,13.5639,13.5545,-9.411,1.408,0.696,2.385,0.2919,PASSED,/home/agent/projects/BMO_ZMX_import/examples/../test_data/dan_reiley/photographic-lenses-prime/US07054076-1_diagram.pdf
photographic-lenses-prime,US07057831-1.zmx,217.2398,230.0498,12809.999,443.636,0.353,8.869,0.0399,PASSED,/home/agent/projects/BMO_ZMX_import/examples/../test_data/dan_reiley/photographic-lenses-prime/US07057831-1_diagram.pdf
photographic-lenses-prime,US07061695-1.ZMX,5.9955,6.0209,25.393,3.004,0.728,2.696,0.2702,PASSED,/home/agent/projects/BMO_ZMX_import/examples/../test_data/dan_reiley/photographic-lenses-prime/US07061695-1_diagram.pdf
photographic-lenses-prime,US07095571-1.ZMX,5.0948,-15.4690,-20563.848,437.676,91.081,16.227,5.6128,ATTENTION,/home/agent/projects/BMO_ZMX_import/examples/../test_data/dan_reiley/photographic-lenses-prime/US07095571-1_diagram.pdf
photographic-lenses-prime,US07154681-1.ZMX,11.5618,11.7201,158.327,24.514,5.385,2.069,2.6029,PASSED,/home/agent/projects/BMO_ZMX_import/examples/../test_data/dan_reiley/photographic-lenses-prime/US07154681-1_diagram.pdf
photographic-lenses-prime,US07161746-1.zmx,101.8638,101.8638,0.000,0.000,0.000,35.841,0.0000,PASSED,/home/agent/projects/BMO_ZMX_import/examples/../test_data/dan_reiley/photographic-lenses-prime/US07161746-1_diagram.pdf
photographic-lenses-prime,US07164544-1.zmx,204.7517,204.7517,0.000,0.000,0.000,35.841,0.0000,PASSED,/home/agent/projects/BMO_ZMX_import/examples/../test_data/dan_reiley/photographic-lenses-prime/US07164544-1_diagram.pdf
photographic-lenses-prime,US07173776-1.zmx,63.6600,22.3149,-41345.136,5033.403,0.000,2.953,0.0000,PASSED,/home/agent/projects/BMO_ZMX_import/examples/../test_data/dan_reiley/photographic-lenses-prime/US07173776-1_diagram.pdf
photographic-lenses-prime,US07190532-1.ZMX,7.0421,7.0946,52.521,8.862,2.222,1.912,1.1621,PASSED,/home/agent/projects/BMO_ZMX_import/examples/../test_data/dan_reiley/photographic-lenses-prime/US07190532-1_diagram.pdf
photographic-lenses-prime,US07196855-1.ZMX,5.4669,5.4850,18.124,2.971,1.038,2.029,0.5116,PASSED,/home/agent/projects/BMO_ZMX_import/examples/../test_data/dan_reiley/photographic-lenses-prime/US07196855-1_diagram.pdf
photographic-lenses-prime,US07218457-1.zmx,160.0016,119.4044,-40597.193,9674.514,6058.186,1.264,4792.3298,ATTENTION,/home/agent/projects/BMO_ZMX_import/examples/../test_data/dan_reiley/photographic-lenses-prime/US07218457-1_diagram.pdf
photographic-lenses-prime,US07239455-1.zmx,254.9087,254.8743,-34.351,1.364,0.096,7.759,0.0124,PASSED,/home/agent/projects/BMO_ZMX_import/examples/../test_data/dan_reiley/photographic-lenses-prime/US07239455-1_diagram.pdf
photographic-lenses-prime,US07286303-1.zmx,105.0000,107.3681,2368.083,305.337,13.704,2.409,5.6894,ATTENTION,/home/agent/projects/BMO_ZMX_import/examples/../test_data/dan_reiley/photographic-lenses-prime/US07286303-1_diagram.pdf
photographic-lenses-prime,US07474478-1.ZMX,6.2187,6.2248,6.058,0.920,0.146,2.075,0.0703,PASSED,/home/agent/projects/BMO_ZMX_import/examples/../test_data/dan_reiley/photographic-lenses-prime/US07474478-1_diagram.pdf
photographic-lenses-prime,US07551367-1.zmx,120.6503,264.1968,143546.531,8766.826,5859.284,6.769,865.6115,ATTENTION,/home/agent/projects/BMO_ZMX_import/examples/../test_data/dan_reiley/photographic-lenses-prime/US07551367-1_diagram.pdf
photographic-lenses-prime,US07554753-1.zmx,62.5674,29.1432,-33424.135,2882.118,75.237,3.593,20.9396,ATTENTION,/home/agent/projects/BMO_ZMX_import/examples/../test_data/dan_reiley/photographic-lenses-prime/US07554753-1_diagram.pdf
photographic-lenses-prime,US07558005-1.ZMX,4.8482,4.6388,-209.445,22.641,2.751,2.871,0.9579,PASSED,/home/agent/projects/BMO_ZMX_import/examples/../test_data/dan_reiley/photographic-lenses-prime/US07558005-1_diagram.pdf
photographic-lenses-prime,US07583441-1.zmx,130.2580,195.4991,65241.087,7681.040,386.522,2.604,148.4271,ATTENTION,/home/agent/projects/BMO_ZMX_import/examples/../test_data/dan_reiley/photographic-lenses-prime/US07583441-1_diagram.pdf
photographic-lenses-prime,US07586693-1.ZMX,394.7242,278.5193,-116204.887,10279.125,7542.773,3.480,2167.2402,ATTENTION,/home/agent/projects/BMO_ZMX_import/examples/../test_data/dan_reiley/photographic-lenses-prime/US07586693-1_diagram.pdf
photographic-lenses-prime,US07633690-1.ZMX,4.1970,3.5784,-618.623,91.836,12.460,2.092,5.9550,ATTENTION,/home/agent/projects/BMO_ZMX_import/examples/../test_data/dan_reiley/photographic-lenses-prime/US07633690-1_diagram.pdf
photographic-lenses-prime,US07663815-1.ZMX,13.3013,8.3918,-4909.478,2261.341,374.285,0.738,506.9940,ATTENTION,/home/agent/projects/BMO_ZMX_import/examples/../test_data/dan_reiley/photographic-lenses-prime/US07663815-1_diagram.pdf
photographic-lenses-prime,US07688523-1.ZMX,7.7087,7.6973,-11.418,1.793,0.440,2.045,0.2149,PASSED,/home/agent/projects/BMO_ZMX_import/examples/../test_data/dan_reiley/photographic-lenses-prime/US07688523-1_diagram.pdf
photographic-lenses-prime,US07706087-1.zmx,87.4343,87.6964,262.149,56.487,24.730,1.619,15.2701,ATTENTION,/home/agent/projects/BMO_ZMX_import/examples/../test_data/dan_reiley/photographic-lenses-prime/US07706087-1_diagram.pdf
photographic-lenses-prime,US07715116-2.zmx,235.3097,235.3435,33.827,1.065,0.145,9.846,0.0148,PASSED,/home/agent/projects/BMO_ZMX_import/examples/../test_data/dan_reiley/photographic-lenses-prime/US07715116-2_diagram.pdf
photographic-lenses-prime,US07777974-2.zmx,95.0690,95.0507,-18.315,17.830,17.696,2.607,6.7879,ATTENTION,/home/agent/projects/BMO_ZMX_import/examples/../test_data/dan_reiley/photographic-lenses-prime/US07777974-2_diagram.pdf
photographic-lenses-prime,US07791825-1.zmx,168.7564,168.3439,-412.516,21.402,1.033,6.627,0.1559,PASSED,/home/agent/projects/BMO_ZMX_import/examples/../test_data/dan_reiley/photographic-lenses-prime/US07791825-1_diagram.pdf
photographic-lenses-prime,US07864451-1.ZMX,162.9200,195.6949,32774.871,3252.678,48.779,3.116,15.6562,ATTENTION,/home/agent/projects/BMO_ZMX_import/examples/../test_data/dan_reiley/photographic-lenses-prime/US07864451-1_diagram.pdf
photographic-lenses-prime,US07864452-1.ZMX,130.4001,130.4001,0.000,0.000,0.000,35.841,0.0000,PASSED,/home/agent/projects/BMO_ZMX_import/examples/../test_data/dan_reiley/photographic-lenses-prime/US07864452-1_diagram.pdf
photographic-lenses-prime,US07869141-1.zmx,18.7151,18.7151,0.000,0.000,0.000,35.841,0.0000,PASSED,/home/agent/projects/BMO_ZMX_import/examples/../test_data/dan_reiley/photographic-lenses-prime/US07869141-1_diagram.pdf
photographic-lenses-prime,US07889441-1.ZMX,7.8315,7.9862,154.701,28.076,9.660,1.841,5.2461,ATTENTION,/home/agent/projects/BMO_ZMX_import/examples/../test_data/dan_reiley/photographic-lenses-prime/US07889441-1_diagram.pdf
photographic-lenses-prime,US07898744-7.ZMX,121.6473,116.5572,-5090.065,567.375,0.000,3.158,0.0000,PASSED,/home/agent/projects/BMO_ZMX_import/examples/../test_data/dan_reiley/photographic-lenses-prime/US07898744-7_diagram.pdf
photographic-lenses-prime,US07944625-3.zmx,129.3600,121.0052,-8354.781,11045.304,10887.983,1.506,7229.5087,ATTENTION,/home/agent/projects/BMO_ZMX_import/examples/../test_data/dan_reiley/photographic-lenses-prime/US07944625-3_diagram.pdf
photographic-lenses-prime,US07957079-1.ZMX,6.7441,6.4835,-260.563,42.687,5.611,1.916,2.9288,PASSED,/home/agent/projects/BMO_ZMX_import/examples/../test_data/dan_reiley/photographic-lenses-prime/US07957079-1_diagram.pdf
photographic-lenses-prime,US07961406-1.ZMX,4.0590,-2.8391,-6898.123,615.087,57.223,3.341,17.1259,ATTENTION,/home/agent/projects/BMO_ZMX_import/examples/../test_data/dan_reiley/photographic-lenses-prime/US07961406-1_diagram.pdf
photographic-lenses-prime,US07969664-1.ZMX,4.7280,4.6380,-89.979,12.131,0.560,2.303,0.2431,PASSED,/home/agent/projects/BMO_ZMX_import/examples/../test_data/dan_reiley/photographic-lenses-prime/US07969664-1_diagram.pdf
photographic-lenses-prime,US07974016-1.ZMX,5.0195,4.8526,-166.910,25.559,2.198,2.039,1.0784,PASSED,/home/agent/projects/BMO_ZMX_import/examples/../test_data/dan_reiley/photographic-lenses-prime/US07974016-1_diagram.pdf
photographic-lenses-prime,US08000031-1.ZMX,6.4138,6.3910,-22.806,3.810,1.339,1.990,0.6728,PASSED,/home/agent/projects/BMO_ZMX_import/examples/../test_data/dan_reiley/photographic-lenses-prime/US08000031-1_diagram.pdf
photographic-lenses-prime,US08004780-1.ZMX,4.5040,4.4982,-5.837,1.277,1.115,2.901,0.3843,PASSED,/home/agent/projects/BMO_ZMX_import/examples/../test_data/dan_reiley/photographic-lenses-prime/US08004780-1_diagram.pdf
photographic-lenses-prime,US08014080-1.ZMX,7.7088,7.5744,-134.380,16.084,0.000,2.944,0.0000,PASSED,/home/agent/projects/BMO_ZMX_import/examples/../test_data/dan_reiley/photographic-lenses-prime/US08014080-1_diagram.pdf
photographic-lenses-prime,US08027100-1.zmx,35.5605,51.6417,16081.167,1162.965,101.762,4.322,23.5428,ATTENTION,/home/agent/projects/BMO_ZMX_import/examples/../test_data/dan_reiley/photographic-lenses-prime/US08027100-1_diagram.pdf
photographic-lenses-prime,US08031409-1.zmx,131.1137,106.2493,-24864.452,4686.068,2871.664,1.984,1447.2656,ATTENTION,/home/agent/projects/BMO_ZMX_import/examples/../test_data/dan_reiley/photographic-lenses-prime/US08031409-1_diagram.pdf
photographic-lenses-prime,US08068290-1.ZMX,3.9252,4.0279,102.707,20.570,0.291,1.571,0.1850,PASSED,/home/agent/projects/BMO_ZMX_import/examples/../test_data/dan_reiley/photographic-lenses-prime/US08068290-1_diagram.pdf
photographic-lenses-prime,US08072695-1.ZMX,6.3213,6.2373,-83.977,14.256,0.879,1.843,0.4773,PASSED,/home/agent/projects/BMO_ZMX_import/examples/../test_data/dan_reiley/photographic-lenses-prime/US08072695-1_diagram.pdf
photographic-lenses-prime,US08089708-1.zmx,47.9995,47.9888,-10.691,2.619,0.462,1.318,0.3506,PASSED,/home/agent/projects/BMO_ZMX_import/examples/../test_data/dan_reiley/photographic-lenses-prime/US08089708-1_diagram.pdf
photographic-lenses-prime,US08102607-1.ZMX,4.2770,1.7436,-2533.416,1992.754,230.150,0.503,457.6834,ATTENTION,/home/agent/projects/BMO_ZMX_import/examples/../test_data/dan_reiley/photographic-lenses-prime/US08102607-1_diagram.pdf
photographic-lenses-prime,US08107174-4.zmx,65.0778,20.9754,-44102.433,12252.910,0.000,1.309,0.0000,PASSED,/home/agent/projects/BMO_ZMX_import/examples/../test_data/dan_reiley/photographic-lenses-prime/US08107174-4_diagram.pdf
photographic-lenses-prime,US08107174B2-2.zmx,68.7413,-14.2628,-83004.156,9066.046,5812.994,3.867,1503.1904,ATTENTION,/home/agent/projects/BMO_ZMX_import/examples/../test_data/dan_reiley/photographic-lenses-prime/US08107174B2-2_diagram.pdf
photographic-lenses-prime,US08107175-1.ZMX,58.1250,58.9133,788.277,105.159,0.000,2.646,0.0000,PASSED,/home/agent/projects/BMO_ZMX_import/examples/../test_data/dan_reiley/photographic-lenses-prime/US08107175-1_diagram.pdf
photographic-lenses-prime,US08116013-2.ZMX,15.7540,12.8287,-2925.341,1745.806,583.150,0.725,804.6037,ATTENTION,/home/agent/projects/BMO_ZMX_import/examples/../test_data/dan_reiley/photographic-lenses-prime/US08116013-2_diagram.pdf
photographic-lenses-prime,US08116014-1.ZMX,4.9638,4.8055,-158.356,24.367,8.856,2.148,4.1233,PASSED,/home/agent/projects/BMO_ZMX_import/examples/../test_data/dan_reiley/photographic-lenses-prime/US08116014-1_diagram.pdf
photographic-lenses-prime,US08125719-1.ZMX,4.1040,3.6087,-495.299,96.445,3.985,1.610,2.4751,PASSED,/home/agent/projects/BMO_ZMX_import/examples/../test_data/dan_reiley/photographic-lenses-prime/US08125719-1_diagram.pdf
photographic-lenses-prime,US08130455-1.ZMX,6.6139,3.3919,-3221.974,786.876,665.638,2.035,327.1139,ATTENTION,/home/agent/projects/BMO_ZMX_import/examples/../test_data/dan_reiley/photographic-lenses-prime/US08130455-1_diagram.pdf
photographic-lenses-prime,US08134787-1.ZMX,11.8340,-34.2299,-46063.905,877.729,0.000,18.360,0.0000,PASSED,/home/agent/projects/BMO_ZMX_import/examples/../test_data/dan_reiley/photographic-lenses-prime/US08134787-1_diagram.pdf
photographic-lenses-prime,US08144405-1.ZMX,13.5857,22.9529,9367.189,812.451,0.000,4.096,0.0000,PASSED,/home/agent/projects/BMO_ZMX_import/examples/../test_data/dan_reiley/photographic-lenses-prime/US08144405-1_diagram.pdf
photographic-lenses-prime,US08164678-1.ZMX,4.5020,3.8819,-620.056,104.871,14.888,1.833,8.1240,ATTENTION,/home/agent/projects/BMO_ZMX_import/examples/../test_data/dan_reiley/photographic-lenses-prime/US08164678-1_diagram.pdf
photographic-lenses-prime,US08169528-1.ZMX,3.8860,3.8232,-62.819,9.322,0.401,2.100,0.1909,PASSED,/home/agent/projects/BMO_ZMX_import/examples/../test_data/dan_reiley/photographic-lenses-prime/US08169528-1_diagram.pdf
photographic-lenses-prime,US08179470-1.ZMX,4.0813,3.1239,-957.430,176.787,23.528,1.680,14.0037,ATTENTION,/home/agent/projects/BMO_ZMX_import/examples/../test_data/dan_reiley/photographic-lenses-prime/US08179470-1_diagram.pdf
photographic-lenses-prime,US08179613-1.ZMX,5.9245,5.6768,-247.720,37.079,0.045,2.079,0.0218,PASSED,/home/agent/projects/BMO_ZMX_import/examples/../test_data/dan_reiley/photographic-lenses-prime/US08179613-1_diagram.pdf
photographic-lenses-prime,US08179615-1.ZMX,5.3245,6.9139,1589.423,146.212,41.646,3.657,11.3883,ATTENTION,/home/agent/projects/BMO_ZMX_import/examples/../test_data/dan_reiley/photographic-lenses-prime/US08179615-1_diagram.pdf
photographic-lenses-prime,US08179617-1.zmx,149.9000,73.0394,-76860.626,28579.825,0.000,0.977,0.0000,PASSED,/home/agent/projects/BMO_ZMX_import/examples/../test_data/dan_reiley/photographic-lenses-prime/US08179617-1_diagram.pdf
photographic-lenses-prime,US08203795-1.ZMX,113.7776,114.2849,507.259,38.640,0.584,4.044,0.1443,PASSED,/home/agent/projects/BMO_ZMX_import/examples/../test_data/dan_reiley/photographic-lenses-prime/US08203795-1_diagram.pdf
photographic-lenses-prime,US08223439-1.zmx,106.6655,106.6655,0.000,0.000,0.000,35.841,0.0000,PASSED,/home/agent/projects/BMO_ZMX_import/examples/../test_data/dan_reiley/photographic-lenses-prime/US08223439-1_diagram.pdf
photographic-lenses-prime,US08233223-1.zmx,279.6383,275.4500,-4188.295,214.505,0.929,6.003,0.1548,PASSED,/home/agent/projects/BMO_ZMX_import/examples/../test_data/dan_reiley/photographic-lenses-prime/US08233223-1_diagram.pdf
photographic-lenses-prime,US08238044-2.ZMX,241.9119,70.5126,-171399.269,15880.793,417.269,3.364,124.0482,ATTENTION,/home/agent/projects/BMO_ZMX_import/examples/../test_data/dan_reiley/photographic-lenses-prime/US08238044-2_diagram.pdf
photographic-lenses-prime,US08294806-4.zmx,142.3428,142.3428,0.000,0.000,0.000,35.841,0.0000,PASSED,/home/agent/projects/BMO_ZMX_import/examples/../test_data/dan_reiley/photographic-lenses-prime/US08294806-4_diagram.pdf
photographic-lenses-prime,US08305692-1.ZMX,123.2435,120.7132,-2530.319,39.332,0.130,19.749,0.0066,PASSED,/home/agent/projects/BMO_ZMX_import/examples/../test_data/dan_reiley/photographic-lenses-prime/US08305692-1_diagram.pdf
photographic-lenses-prime,US08411369-2.ZMX,86.9423,86.9876,45.286,4.070,0.000,3.908,0.0000,PASSED,/home/agent/projects/BMO_ZMX_import/examples/../test_data/dan_reiley/photographic-lenses-prime/US08411369-2_diagram.pdf
photographic-lenses-prime,US08416512-1.zmx,127.8533,-57.2993,-185152.593,15824.533,0.000,4.108,0.0000,PASSED,/home/agent/projects/BMO_ZMX_import/examples/../test_data/dan_reiley/photographic-lenses-prime/US08416512-1_diagram.pdf
photographic-lenses-prime,US08422143-1.ZMX,195.8651,410.8494,214984.272,9238.811,0.000,8.243,0.0000,PASSED,/home/agent/projects/BMO_ZMX_import/examples/../test_data/dan_reiley/photographic-lenses-prime/US08422143-1_diagram.pdf
photographic-lenses-prime,US08427762-1.zmx,126.0600,105.6064,-20453.563,5892.830,95.650,1.118,85.5290,ATTENTION,/home/agent/projects/BMO_ZMX_import/examples/../test_data/dan_reiley/photographic-lenses-prime/US08427762-1_diagram.pdf
photographic-lenses-prime,US08427762-3.zmx,120.0000,119.9689,-31.065,4.286,0.913,2.303,0.3963,PASSED,/home/agent/projects/BMO_ZMX_import/examples/../test_data/dan_reiley/photographic-lenses-prime/US08427762-3_diagram.pdf
photographic-lenses-prime,US08427762-4.zmx,160.0836,160.0836,0.000,0.000,0.000,35.841,0.0000,PASSED,/home/agent/projects/BMO_ZMX_import/examples/../test_data/dan_reiley/photographic-lenses-prime/US08427762-4_diagram.pdf
photographic-lenses-prime,US08427762-5.zmx,223.5000,177.0761,-46423.880,120.831,0.000,117.923,0.0000,PASSED,/home/agent/projects/BMO_ZMX_import/examples/../test_data/dan_reiley/photographic-lenses-prime/US08427762-5_diagram.pdf
photographic-lenses-prime,US08427762-6.zmx,89.9300,91.0064,1076.384,212.598,6.281,1.490,4.2141,PASSED,/home/agent/projects/BMO_ZMX_import/examples/../test_data/dan_reiley/photographic-lenses-prime/US08427762-6_diagram.pdf
photographic-lenses-prime,US08427763-1.ZMX,54.7403,416.4514,361711.090,5462.752,12.757,20.309,0.6282,PASSED,/home/agent/projects/BMO_ZMX_import/examples/../test_data/dan_reiley/photographic-lenses-prime/US08427763-1_diagram.pdf
photographic-lenses-prime,US08427765-1.ZMX,44.4942,44.6006,106.377,15.864,2.745,2.117,1.2963,PASSED,/home/agent/projects/BMO_ZMX_import/examples/../test_data/dan_reiley/photographic-lenses-prime/US08427765-1_diagram.pdf
photographic-lenses-prime,US08456765-1.zmx,74.6960,-615586.7715,-615661467.469,7342.495,3699.478,26240.202,0.1410,PASSED,/home/agent/projects/BMO_ZMX_import/examples/../test_data/dan_reiley/photographic-lenses-prime/US08456765-1_diagram.pdf
photographic-lenses-prime,US08493664-1.ZMX,115.6643,96.2478,-19416.543,6945.229,1050.844,0.899,1169.4159,ATTENTION,/home/agent/projects/BMO_ZMX_import/examples/../test_data/dan_reiley/photographic-lenses-prime/US08493664-1_diagram.pdf
photographic-lenses-prime,US08493664-2.ZMX,124.1663,103.0221,-21144.223,7732.536,328.879,0.902,364.7317,ATTENTION,/home/agent/projects/BMO_ZMX_import/examples/../test_data/dan_reiley/photographic-lenses-prime/US08493664-2_diagram.pdf
photographic-lenses-prime,US08493664-6.ZMX,139.0175,324.7740,185756.547,6777.503,374.767,8.583,43.6663,ATTENTION,/home/agent/projects/BMO_ZMX_import/examples/../test_data/dan_reiley/photographic-lenses-prime/US08493664-6_diagram.pdf
photographic-lenses-prime,US08498065-1.zmx,86.3874,86.7657,378.324,77.462,0.092,1.538,0.0598,PASSED,/home/agent/projects/BMO_ZMX_import/examples/../test_data/dan_reiley/photographic-lenses-prime/US08498065-1_diagram.pdf
photographic-lenses-prime,US08503096-1.ZMX,60.7235,60.6158,-107.706,24.688,2.144,1.387,1.5456,PASSED,/home/agent/projects/BMO_ZMX_import/examples/../test_data/dan_reiley/photographic-lenses-prime/US08503096-1_diagram.pdf
photographic-lenses-prime,US08514500-1.zmx,4.8335,4.7437,-89.796,8.300,0.000,3.801,0.0000,PASSED,/home/agent/projects/BMO_ZMX_import/examples/../test_data/dan_reiley/photographic-lenses-prime/US08514500-1_diagram.pdf
photographic-lenses-prime,US08547645-1.ZMX,166.3686,167.4903,1121.722,153.596,0.212,2.268,0.0935,PASSED,/home/agent/projects/BMO_ZMX_import/examples/../test_data/dan_reiley/photographic-lenses-prime/US08547645-1_diagram.pdf
photographic-lenses-prime,US08605370-1.ZMX,168.5000,168.5000,0.000,0.000,0.000,35.841,0.0000,PASSED,/home/agent/projects/BMO_ZMX_import/examples/../test_data/dan_reiley/photographic-lenses-prime/US08605370-1_diagram.pdf
photographic-lenses-prime,US08625209-1.zmx,120.1067,102.5465,-17560.245,2804.852,340.625,1.952,174.4934,ATTENTION,/home/agent/projects/BMO_ZMX_import/examples/../test_data/dan_reiley/photographic-lenses-prime/US08625209-1_diagram.pdf
photographic-lenses-prime,US08638507-1.zmx,28.9946,28.9946,0.000,0.000,0.000,35.841,0.0000,PASSED,/home/agent/projects/BMO_ZMX_import/examples/../test_data/dan_reiley/photographic-lenses-prime/US08638507-1_diagram.pdf
photographic-lenses-prime,US08670193-1.ZMX,137.5688,118.9247,-18644.156,7391.045,291.290,0.791,368.2992,ATTENTION,/home/agent/projects/BMO_ZMX_import/examples/../test_data/dan_reiley/photographic-lenses-prime/US08670193-1_diagram.pdf
photographic-lenses-prime,US08681435-1.ZMX,114.3170,47.0216,-67295.413,8072.086,0.000,2.938,0.0000,PASSED,/home/agent/projects/BMO_ZMX_import/examples/../test_data/dan_reiley/photographic-lenses-prime/US08681435-1_diagram.pdf
photographic-lenses-prime,US08699151-1.zmx,285.1371,296.1013,10964.184,438.377,0.310,7.684,0.0403,PASSED,/home/agent/projects/BMO_ZMX_import/examples/../test_data/dan_reiley/photographic-lenses-prime/US08699151-1_diagram.pdf
photographic-lenses-prime,US08717686-1.zmx,120.0386,88.7155,-31323.025,8566.626,61.028,1.174,51.9677,ATTENTION,/home/agent/projects/BMO_ZMX_import/examples/../test_data/dan_reiley/photographic-lenses-prime/US08717686-1_diagram.pdf
photographic-lenses-prime,US08721094-1.zmx,95.7231,95.7261,3.047,2.549,2.445,1.343,1.8200,PASSED,/home/agent/projects/BMO_ZMX_import/examples/../test_data/dan_reiley/photographic-lenses-prime/US08721094-1_diagram.pdf
photographic-lenses-prime,US08773783-1.zmx,122.5600,124.7525,2192.484,358.491,9.664,1.909,5.0623,ATTENTION,/home/agent/projects/BMO_ZMX_import/examples/../test_data/dan_reiley/photographic-lenses-prime/US08773783-1_diagram.pdf
photographic-lenses-prime,US08773783-4.zmx,87.8500,88.0753,225.284,45.952,13.414,1.610,8.3315,ATTENTION,/home/agent/projects/BMO_ZMX_import/examples/../test_data/dan_reiley/photographic-lenses-prime/US08773783-4_diagram.pdf
photographic-lenses-prime,US08830298-1.zmx,12.2850,6.8898,-5395.228,1866.180,1030.470,1.078,955.8759,ATTENTION,/home/agent/projects/BMO_ZMX_import/examples/../test_data/dan_reiley/photographic-lenses-prime/US08830298-1_diagram.pdf
photographic-lenses-prime,US08830599-1.zmx,51.8475,29.7907,-22056.791,8731.483,1306.107,0.851,1534.1026,ATTENTION,/home/agent/projects/BMO_ZMX_import/examples/../test_data/dan_reiley/photographic-lenses-prime/US08830599-1_diagram.pdf
photographic-lenses-prime,US08854747-1.zmx,41.2043,41.2430,38.777,10.044,5.115,1.419,3.6044,PASSED,/home/agent/projects/BMO_ZMX_import/examples/../test_data/dan_reiley/photographic-lenses-prime/US08854747-1_diagram.pdf
photographic-lenses-prime,US08861085-1.zmx,91.0800,56.9771,-34102.883,8208.926,7032.241,1.376,5111.3278,ATTENTION,/home/agent/projects/BMO_ZMX_import/examples/../test_data/dan_reiley/photographic-lenses-prime/US08861085-1_diagram.pdf
photographic-lenses-prime,US08867146-1.zmx,67.3857,108.4963,41110.583,2855.575,269.015,4.518,59.5453,ATTENTION,/home/agent/projects/BMO_ZMX_import/examples/../test_data/dan_reiley/photographic-lenses-prime/US08867146-1_diagram.pdf
photographic-lenses-prime,US08867147-1.zmx,140.4400,140.4400,0.000,0.000,0.000,35.841,0.0000,PASSED,/home/agent/projects/BMO_ZMX_import/examples/../test_data/dan_reiley/photographic-lenses-prime/US08867147-1_diagram.pdf
photographic-lenses-prime,US08934179-1.zmx,4.7705,6.0512,1280.729,171.761,63.249,2.649,23.8733,ATTENTION,/home/agent/projects/BMO_ZMX_import/examples/../test_data/dan_reiley/photographic-lenses-prime/US08934179-1_diagram.pdf
photographic-lenses-prime,US08934179-2.zmx,4.8244,9.0718,4247.359,282.573,29.982,4.563,6.5704,ATTENTION,/home/agent/projects/BMO_ZMX_import/examples/../test_data/dan_reiley/photographic-lenses-prime/US08934179-2_diagram.pdf
photographic-lenses-prime,US08934179-3.zmx,4.7953,6.3416,1546.390,203.533,83.106,2.788,29.8097,ATTENTION,/home/agent/projects/BMO_ZMX_import/examples/../test_data/dan_reiley/photographic-lenses-prime/US08934179-3_diagram.pdf
photographic-lenses-prime,US08934179-4.zmx,4.5766,4.9173,340.698,59.655,1.743,1.790,0.9742,PASSED,/home/agent/projects/BMO_ZMX_import/examples/../test_data/dan_reiley/photographic-lenses-prime/US08934179-4_diagram.pdf
photographic-lenses-prime,US08934182-1.zmx,85.6852,95.3753,9690.120,1563.236,49.518,1.936,25.5733,ATTENTION,/home/agent/projects/BMO_ZMX_import/examples/../test_data/dan_reiley/photographic-lenses-prime/US08934182-1_diagram.pdf
photographic-lenses-prime,US08941921-1.zmx,172.5089,110.4900,-62018.880,10373.248,5150.575,1.586,3247.3699,ATTENTION,/home/agent/projects/BMO_ZMX_import/examples/../test_data/dan_reiley/photographic-lenses-prime/US08941921-1_diagram.pdf
photographic-lenses-prime,US08953093-1.zmx,94.9430,90.8139,-4129.139,1032.341,246.483,1.301,189.4190,ATTENTION,/home/agent/projects/BMO_ZMX_import/examples/../test_data/dan_reiley/photographic-lenses-prime/US08953093-1_diagram.pdf
photographic-lenses-prime,US08964096-2.zmx,87.7905,20.9323,-66858.190,13107.003,0.000,1.820,0.0000,PASSED,/home/agent/projects/BMO_ZMX_import/examples/../test_data/dan_reiley/photographic-lenses-prime/US08964096-2_diagram.pdf
photographic-lenses-prime,US08970966-1.zmx,57.9900,58.0124,22.391,2.869,0.704,2.495,0.2823,PASSED,/home/agent/projects/BMO_ZMX_import/examples/../test_data/dan_reiley/photographic-lenses-prime/US08970966-1_diagram.pdf
photographic-lenses-prime,US08970966-2.zmx,62.5100,62.4162,-93.846,13.820,3.377,2.176,1.5518,PASSED,/home/agent/projects/BMO_ZMX_import/examples/../test_data/dan_reiley/photographic-lenses-prime/US08970966-2_diagram.pdf
photographic-lenses-prime,US08970966-3.zmx,63.0200,69.4302,6410.202,877.683,248.465,2.384,104.2140,ATTENTION,/home/agent/projects/BMO_ZMX_import/examples/../test_data/dan_reiley/photographic-lenses-prime/US08970966-3_diagram.pdf
photographic-lenses-prime,US08976458-1.zmx,132.5800,122.8720,-9707.972,8735.139,8716.833,4.224,2063.6633,ATTENTION,/home/agent/projects/BMO_ZMX_import/examples/../test_data/dan_reiley/photographic-lenses-prime/US08976458-1_diagram.pdf
photographic-lenses-prime,US08988789-1.zmx,5.0311,4.8706,-160.452,29.818,3.189,1.693,1.8838,PASSED,/home/agent/projects/BMO_ZMX_import/examples/../test_data/dan_reiley/photographic-lenses-prime/US08988789-1_diagram.pdf
photographic-lenses-prime,US08988789-3.zmx,4.3436,3.5684,-775.166,219.444,38.588,1.130,34.1469,ATTENTION,/home/agent/projects/BMO_ZMX_import/examples/../test_data/dan_reiley/photographic-lenses-prime/US08988789-3_diagram.pdf
photographic-lenses-prime,US08988789-6.zmx,5.0377,4.9051,-132.654,24.548,3.628,1.708,2.1235,PASSED,/home/agent/projects/BMO_ZMX_import/examples/../test_data/dan_reiley/photographic-lenses-prime/US08988789-6_diagram.pdf
photographic-lenses-prime,US09001440-1.zmx,90.1300,85.9867,-4143.320,525.635,4.540,2.443,1.8584,PASSED,/home/agent/projects/BMO_ZMX_import/examples/../test_data/dan_reiley/photographic-lenses-prime/US09001440-1_diagram.pdf
photographic-lenses-prime,US09128271-1.zmx,8.3428,6.5381,-1804.642,1073.088,0.000,0.689,0.0000,PASSED,/home/agent/projects/BMO_ZMX_import/examples/../test_data/dan_reiley/photographic-lenses-prime/US09128271-1_diagram.pdf
photographic-lenses-prime,US09182570-1.zmx,55.2000,62.5644,7364.411,679.627,0.000,3.807,0.0000,PASSED,/home/agent/projects/BMO_ZMX_import/examples/../test_data/dan_reiley/photographic-lenses-prime/US09182570-1_diagram.pdf
photographic-lenses-prime,US09274322-1.zmx,10.8550,-4.1267,-14981.745,1690.812,15.860,2.720,5.8307,ATTENTION,/home/agent/projects/BMO_ZMX_import/examples/../test_data/dan_reiley/photographic-lenses-prime/US09274322-1_diagram.pdf
photographic-lenses-prime,US09304299-2.zmx,11.1330,-3.6261,-14759.138,1203.797,3.067,3.782,0.8109,PASSED,/home/agent/projects/BMO_ZMX_import/examples/../test_data/dan_reiley/photographic-lenses-prime/US09304299-2_diagram.pdf
photographic-lenses-prime,US09389399-1.zmx,8.4592,5.1296,-3329.642,1123.833,0.000,1.097,0.0000,PASSED,/home/agent/projects/BMO_ZMX_import/examples/../test_data/dan_reiley/photographic-lenses-prime/US09389399-1_diagram.pdf
photographic-lenses-prime,US09405094-1.zmx,505.0670,502.4522,-2614.831,62.518,0.020,12.842,0.0015,PASSED,/home/agent/projects/BMO_ZMX_import/examples/../test_data/dan_reiley/photographic-lenses-prime/US09405094-1_diagram.pdf
photographic-lenses-zoom,HandbookCamFig16.zmx,191.7357,191.7357,0.000,0.000,0.000,34.038,0.0000,PASSED,/home/agent/projects/BMO_ZMX_import/examples/../test_data/dan_reiley/photographic-lenses-zoom/HandbookCamFig16_diagram.pdf
photographic-lenses-zoom,US05825556-1.ZMX,30.0000,30.1052,105.223,20.226,4.811,1.681,2.8620,PASSED,/home/agent/projects/BMO_ZMX_import/examples/../test_data/dan_reiley/photographic-lenses-zoom/US05825556-1_diagram.pdf
photographic-lenses-zoom,US05867325-1.zmx,129.1482,93.0471,-36101.114,3829.667,10.181,2.910,3.4993,PASSED,/home/agent/projects/BMO_ZMX_import/examples/../test_data/dan_reiley/photographic-lenses-zoom/US05867325-1_diagram.pdf
photographic-lenses-zoom,US06014266-1.zmx,84.6897,69.3001,-15389.559,1634.785,14.780,2.919,5.0632,ATTENTION,/home/agent/projects/BMO_ZMX_import/examples/../test_data/dan_reiley/photographic-lenses-zoom/US06014266-1_diagram.pdf
photographic-lenses-zoom,US06104432-1.ZMX,22.3392,32.6630,10323.780,863.047,0.000,4.249,0.0000,PASSED,/home/agent/projects/BMO_ZMX_import/examples/../test_data/dan_reiley/photographic-lenses-zoom/US06104432-1_diagram.pdf
photographic-lenses-zoom,US06122111-1.ZMX,311.8210,311.8210,0.000,0.000,0.000,35.841,0.0000,PASSED,/home/agent/projects/BMO_ZMX_import/examples/../test_data/dan_reiley/photographic-lenses-zoom/US06122111-1_diagram.pdf
photographic-lenses-zoom,US06157496-3.ZMX,77.4140,76.4948,-919.191,185.970,0.000,1.766,0.0000,PASSED,/home/agent/projects/BMO_ZMX_import/examples/../test_data/dan_reiley/photographic-lenses-zoom/US06157496-3_diagram.pdf
photographic-lenses-zoom,US06195210-1.ZMX,80.0176,80.1288,111.186,10.688,1.254,3.234,0.3878,PASSED,/home/agent/projects/BMO_ZMX_import/examples/../test_data/dan_reiley/photographic-lenses-zoom/US06195210-1_diagram.pdf
photographic-lenses-zoom,US06246833-1.ZMX,161.0402,141.8292,-19210.952,2610.808,27.064,2.282,11.8576,ATTENTION,/home/agent/projects/BMO_ZMX_import/examples/../test_data/dan_reiley/photographic-lenses-zoom/US06246833-1_diagram.pdf
photographic-lenses-zoom,US06333824-1.ZMX,65.0000,64.9583,-41.695,4.076,0.304,3.167,0.0960,PASSED,/home/agent/projects/BMO_ZMX_import/examples/../test_data/dan_reiley/photographic-lenses-zoom/US06333824-1_diagram.pdf
photographic-lenses-zoom,US06339508-1.ZMX,56.2081,56.2251,17.088,2.720,0.000,2.227,0.0000,PASSED,/home/agent/projects/BMO_ZMX_import/examples/../test_data/dan_reiley/photographic-lenses-zoom/US06339508-1_diagram.pdf
photographic-lenses-zoom,US06597514-1.ZMX,95.0000,91.5213,-3478.702,380.943,15.819,2.817,5.6154,ATTENTION,/home/agent/projects/BMO_ZMX_import/examples/../test_data/dan_reiley/photographic-lenses-zoom/US06597514-1_diagram.pdf
photographic-lenses-zoom,US06710934-1.ZMX,38.9137,38.9137,0.000,0.000,0.000,35.841,0.0000,PASSED,/home/agent/projects/BMO_ZMX_import/examples/../test_data/dan_reiley/photographic-lenses-zoom/US06710934-1_diagram.pdf
photographic-lenses-zoom,US06754446-1.ZMX,76.9944,76.9944,0.000,0.000,0.000,35.841,0.0000,PASSED,/home/agent/projects/BMO_ZMX_import/examples/../test_data/dan_reiley/photographic-lenses-zoom/US06754446-1_diagram.pdf
photographic-lenses-zoom,US06865026-1.ZMX,45.0700,45.0100,-60.017,10.548,0.000,2.022,0.0000,PASSED,/home/agent/projects/BMO_ZMX_import/examples/../test_data/dan_reiley/photographic-lenses-zoom/US06865026-1_diagram.pdf
photographic-lenses-zoom,US06870688-1.zmx,64.9393,64.9393,0.000,0.000,0.000,35.841,0.0000,PASSED,/home/agent/projects/BMO_ZMX_import/examples/../test_data/dan_reiley/photographic-lenses-zoom/US06870688-1_diagram.pdf
photographic-lenses-zoom,US06930839-2.ZMX,52.0000,59.8204,7820.407,893.037,0.000,3.084,0.0000,PASSED,/home/agent/projects/BMO_ZMX_import/examples/../test_data/dan_reiley/photographic-lenses-zoom/US06930839-2_diagram.pdf
photographic-lenses-zoom,US06961188-3.ZMX,1021.0000,1006.8655,-14134.463,6269.844,0.000,0.842,0.0001,PASSED,/home/agent/projects/BMO_ZMX_import/examples/../test_data/dan_reiley/photographic-lenses-zoom/US06961188-3_diagram.pdf
photographic-lenses-zoom,US06977778-1.ZMX,48.0000,61.8512,13851.236,2548.064,0.000,1.935,0.0000,PASSED,/home/agent/projects/BMO_ZMX_import/examples/../test_data/dan_reiley/photographic-lenses-zoom/US06977778-1_diagram.pdf
photographic-lenses-zoom,US07072121-2.ZMX,10.0000,0.3215,-9678.505,2125.280,0.000,1.633,0.0000,PASSED,/home/agent/projects/BMO_ZMX_import/examples/../test_data/dan_reiley/photographic-lenses-zoom/US07072121-2_diagram.pdf
photographic-lenses-zoom,US07079325-1.ZMX,11.9500,2.1721,-9777.943,2505.267,677.168,0.931,727.5357,ATTENTION,/home/agent/projects/BMO_ZMX_import/examples/../test_data/dan_reiley/photographic-lenses-zoom/US07079325-1_diagram.pdf
photographic-lenses-zoom,US07085067-1.ZMX,13.5597,13.5597,0.000,0.000,0.000,35.841,0.0000,PASSED,/home/agent/projects/BMO_ZMX_import/examples/../test_data/dan_reiley/photographic-lenses-zoom/US07085067-1_diagram.pdf
photographic-lenses-zoom,US07085070-1.ZMX,37.9620,37.9620,0.000,0.000,0.000,35.841,0.0000,PASSED,/home/agent/projects/BMO_ZMX_import/examples/../test_data/dan_reiley/photographic-lenses-zoom/US07085070-1_diagram.pdf
photographic-lenses-zoom,US07106522-1.ZMX,40.0000,39.9449,-55.069,10.547,0.000,1.861,0.0000,PASSED,/home/agent/projects/BMO_ZMX_import/examples/../test_data/dan_reiley/photographic-lenses-zoom/US07106522-1_diagram.pdf
photographic-lenses-zoom,US07123421-1.ZMX,233.0257,233.0257,0.000,0.000,0.000,35.841,0.0000,PASSED,/home/agent/projects/BMO_ZMX_import/examples/../test_data/dan_reiley/photographic-lenses-zoom/US07123421-1_diagram.pdf
photographic-lenses-zoom,US07173768-1.ZMX,55.4587,55.4587,0.000,0.000,0.000,35.841,0.0000,PASSED,/home/agent/projects/BMO_ZMX_import/examples/../test_data/dan_reiley/photographic-lenses-zoom/US07173768-1_diagram.pdf
photographic-lenses-zoom,US07193786-1.ZMX,47.8014,47.8014,0.000,0.000,0.000,35.841,0.0000,PASSED,/home/agent/projects/BMO_ZMX_import/examples/../test_data/dan_reiley/photographic-lenses-zoom/US07193786-1_diagram.pdf
photographic-lenses-zoom,US07215486-1.ZMX,37.9620,37.9620,0.000,0.000,0.000,35.841,0.0000,PASSED,/home/agent/projects/BMO_ZMX_import/examples/../test_data/dan_reiley/photographic-lenses-zoom/US07215486-1_diagram.pdf
photographic-lenses-zoom,US07218455-1.ZMX,57.5913,57.5913,0.000,0.000,0.000,35.841,0.0000,PASSED,/home/agent/projects/BMO_ZMX_import/examples/../test_data/dan_reiley/photographic-lenses-zoom/US07218455-1_diagram.pdf
photographic-lenses-zoom,US07227698-1.ZMX,102.1422,102.1422,0.000,0.000,0.000,35.841,0.0000,PASSED,/home/agent/projects/BMO_ZMX_import/examples/../test_data/dan_reiley/photographic-lenses-zoom/US07227698-1_diagram.pdf
photographic-lenses-zoom,US07227706-1.ZMX,54.8513,53.9605,-890.768,130.156,0.000,2.420,0.0000,PASSED,/home/agent/projects/BMO_ZMX_import/examples/../test_data/dan_reiley/photographic-lenses-zoom/US07227706-1_diagram.pdf
photographic-lenses-zoom,US07274516-1.ZMX,69.2122,52.8615,-16350.673,2155.772,59.634,2.345,25.4355,ATTENTION,/home/agent/projects/BMO_ZMX_import/examples/../test_data/dan_reiley/photographic-lenses-zoom/US07274516-1_diagram.pdf
photographic-lenses-zoom,US07301576-1.ZMX,31.7847,31.8132,28.487,4.841,0.000,2.089,0.0000,PASSED,/home/agent/projects/BMO_ZMX_import/examples/../test_data/dan_reiley/photographic-lenses-zoom/US07301576-1_diagram.pdf
photographic-lenses-zoom,US07315423-1.ZMX,63.5266,63.5266,0.000,0.000,0.000,35.841,0.0000,PASSED,/home/agent/projects/BMO_ZMX_import/examples/../test_data/dan_reiley/photographic-lenses-zoom/US07315423-1_diagram.pdf
photographic-lenses-zoom,US07339744-1.ZMX,48.0300,45.9457,-2084.291,320.088,0.000,2.306,0.0000,PASSED,/home/agent/projects/BMO_ZMX_import/examples/../test_data/dan_reiley/photographic-lenses-zoom/US07339744-1_diagram.pdf
photographic-lenses-zoom,US07379250-1.ZMX,49.4169,49.4169,0.000,0.000,0.000,35.841,0.0000,PASSED,/home/agent/projects/BMO_ZMX_import/examples/../test_data/dan_reiley/photographic-lenses-zoom/US07379250-1_diagram.pdf
photographic-lenses-zoom,US07382548-2.ZMX,69.3580,69.3580,0.000,0.000,0.000,35.841,0.0000,PASSED,/home/agent/projects/BMO_ZMX_import/examples/../test_data/dan_reiley/photographic-lenses-zoom/US07382548-2_diagram.pdf
photographic-lenses-zoom,US07411740-1.ZMX,49.5400,39.0826,-10457.389,2538.277,0.000,1.485,0.0000,PASSED,/home/agent/projects/BMO_ZMX_import/examples/../test_data/dan_reiley/photographic-lenses-zoom/US07411740-1_diagram.pdf
photographic-lenses-zoom,US07411741-1.ZMX,53.3900,52.0422,-1347.829,265.753,0.000,1.810,0.0000,PASSED,/home/agent/projects/BMO_ZMX_import/examples/../test_data/dan_reiley/photographic-lenses-zoom/US07411741-1_diagram.pdf
photographic-lenses-zoom,US07443599-1.ZMX,26.9638,22.1849,-4778.949,2079.296,0.000,0.880,0.0000,PASSED,/home/agent/projects/BMO_ZMX_import/examples/../test_data/dan_reiley/photographic-lenses-zoom/US07443599-1_diagram.pdf
photographic-lenses-zoom,US07443607-2.ZMX,71.6266,56.2589,-15367.712,2202.107,87.119,2.153,40.4584,ATTENTION,/home/agent/projects/BMO_ZMX_import/examples/../test_data/dan_reiley/photographic-lenses-zoom/US07443607-2_diagram.pdf
photographic-lenses-zoom,US07463426-1.ZMX,49.7968,47.8850,-1911.790,364.302,0.000,1.870,0.0000,PASSED,/home/agent/projects/BMO_ZMX_import/examples/../test_data/dan_reiley/photographic-lenses-zoom/US07463426-1_diagram.pdf
photographic-lenses-zoom,US07466495-1.ZMX,49.5960,47.0733,-2522.741,410.251,0.000,2.181,0.0000,PASSED,/home/agent/projects/BMO_ZMX_import/examples/../test_data/dan_reiley/photographic-lenses-zoom/US07466495-1_diagram.pdf
photographic-lenses-zoom,US07471453-1.ZMX,66.8268,66.3797,-447.113,66.771,0.000,2.369,0.0000,PASSED,/home/agent/projects/BMO_ZMX_import/examples/../test_data/dan_reiley/photographic-lenses-zoom/US07471453-1_diagram.pdf
photographic-lenses-zoom,US07486446-1.ZMX,37.9620,37.9620,0.000,0.000,0.000,35.841,0.0000,PASSED,/home/agent/projects/BMO_ZMX_import/examples/../test_data/dan_reiley/photographic-lenses-zoom/US07486446-1_diagram.pdf
photographic-lenses-zoom,US07489452-1.ZMX,286.8962,261.5176,-25378.618,3513.187,0.000,2.552,0.0000,PASSED,/home/agent/projects/BMO_ZMX_import/examples/../test_data/dan_reiley/photographic-lenses-zoom/US07489452-1_diagram.pdf
photographic-lenses-zoom,US07492524-1.ZMX,163.0616,91.4807,-71580.968,13637.165,0.000,1.871,0.0000,PASSED,/home/agent/projects/BMO_ZMX_import/examples/../test_data/dan_reiley/photographic-lenses-zoom/US07492524-1_diagram.pdf
photographic-lenses-zoom,US07492525-1.ZMX,59.0500,55.7303,-3319.729,1119.695,0.000,1.097,0.0000,PASSED,/home/agent/projects/BMO_ZMX_import/examples/../test_data/dan_reiley/photographic-lenses-zoom/US07492525-1_diagram.pdf
photographic-lenses-zoom,US07492526-1.ZMX,64.6724,64.6724,0.000,0.000,0.000,35.841,0.0000,PASSED,/home/agent/projects/BMO_ZMX_import/examples/../test_data/dan_reiley/photographic-lenses-zoom/US07492526-1_diagram.pdf
photographic-lenses-zoom,US07502173-1.zmx,101.9285,101.9285,0.000,0.000,0.000,35.841,0.0000,PASSED,/home/agent/projects/BMO_ZMX_import/examples/../test_data/dan_reiley/photographic-lenses-zoom/US07502173-1_diagram.pdf
photographic-lenses-zoom,US07511898-1.ZMX,10.3995,11.3165,917.019,327.832,297.785,2.032,146.5265,ATTENTION,/home/agent/projects/BMO_ZMX_import/examples/../test_data/dan_reiley/photographic-lenses-zoom/US07511898-1_diagram.pdf
photographic-lenses-zoom,US07515352-1.ZMX,68.9401,84.7540,15813.845,3958.308,3240.758,2.347,1380.7787,ATTENTION,/home/agent/projects/BMO_ZMX_import/examples/../test_data/dan_reiley/photographic-lenses-zoom/US07515352-1_diagram.pdf
photographic-lenses-zoom,US07529035-1.ZMX,25.4998,-4443.6147,-4469114.445,2106.455,0.000,742.093,0.0000,PASSED,/home/agent/projects/BMO_ZMX_import/examples/../test_data/dan_reiley/photographic-lenses-zoom/US07529035-1_diagram.pdf
photographic-lenses-zoom,US07567389-1.ZMX,42.1001,42.1001,0.000,0.000,0.000,35.841,0.0000,PASSED,/home/agent/projects/BMO_ZMX_import/examples/../test_data/dan_reiley/photographic-lenses-zoom/US07567389-1_diagram.pdf
photographic-lenses-zoom,US07589907-1.ZMX,15.9010,10.3271,-5573.911,925.750,21.724,1.866,11.6412,ATTENTION,/home/agent/projects/BMO_ZMX_import/examples/../test_data/dan_reiley/photographic-lenses-zoom/US07589907-1_diagram.pdf
photographic-lenses-zoom,US07589908-1.ZMX,64.3500,64.3500,0.000,0.000,0.000,35.841,0.0000,PASSED,/home/agent/projects/BMO_ZMX_import/examples/../test_data/dan_reiley/photographic-lenses-zoom/US07589908-1_diagram.pdf
photographic-lenses-zoom,US07609460-1.ZMX,18.7345,18.7345,0.000,0.000,0.000,35.841,0.0000,PASSED,/home/agent/projects/BMO_ZMX_import/examples/../test_data/dan_reiley/photographic-lenses-zoom/US07609460-1_diagram.pdf
photographic-lenses-zoom,US07626765-1.ZMX,46.5610,46.5610,0.000,0.000,0.000,35.841,0.0000,PASSED,/home/agent/projects/BMO_ZMX_import/examples/../test_data/dan_reiley/photographic-lenses-zoom/US07626765-1_diagram.pdf
photographic-lenses-zoom,US07639430-1.ZMX,156.0177,-13.2031,-169220.785,16398.009,7106.693,3.149,2256.9385,ATTENTION,/home/agent/projects/BMO_ZMX_import/examples/../test_data/dan_reiley/photographic-lenses-zoom/US07639430-1_diagram.pdf
photographic-lenses-zoom,US07684117-1.ZMX,66.8012,66.3967,-404.566,59.923,0.000,2.389,0.0000,PASSED,/home/agent/projects/BMO_ZMX_import/examples/../test_data/dan_reiley/photographic-lenses-zoom/US07684117-1_diagram.pdf
photographic-lenses-zoom,US07688520-1.ZMX,57.5100,44.8708,-12639.237,4374.163,0.000,1.084,0.0000,PASSED,/home/agent/projects/BMO_ZMX_import/examples/../test_data/dan_reiley/photographic-lenses-zoom/US07688520-1_diagram.pdf
photographic-lenses-zoom,US07692863-1.ZMX,66.8012,66.3967,-404.566,59.923,0.000,2.389,0.0000,PASSED,/home/agent/projects/BMO_ZMX_import/examples/../test_data/dan_reiley/photographic-lenses-zoom/US07692863-1_diagram.pdf
photographic-lenses-zoom,US07777967-1.ZMX,80.0000,83.3000,3300.006,468.495,0.000,2.490,0.0000,PASSED,/home/agent/projects/BMO_ZMX_import/examples/../test_data/dan_reiley/photographic-lenses-zoom/US07777967-1_diagram.pdf
photographic-lenses-zoom,US07782542-1.ZMX,37.9620,37.9620,0.000,0.000,0.000,35.841,0.0000,PASSED,/home/agent/projects/BMO_ZMX_import/examples/../test_data/dan_reiley/photographic-lenses-zoom/US07782542-1_diagram.pdf
photographic-lenses-zoom,US07800832-1.ZMX,66.8500,92.0641,25214.089,2170.700,0.000,4.079,0.0000,PASSED,/home/agent/projects/BMO_ZMX_import/examples/../test_data/dan_reiley/photographic-lenses-zoom/US07800832-1_diagram.pdf
photographic-lenses-zoom,US07830612-1.ZMX,49.0700,48.2856,-784.448,131.918,0.000,2.111,0.0000,PASSED,/home/agent/projects/BMO_ZMX_import/examples/../test_data/dan_reiley/photographic-lenses-zoom/US07830612-1_diagram.pdf
photographic-lenses-zoom,US07835089-1.ZMX,56.9780,56.9780,0.000,0.000,0.000,35.841,0.0000,PASSED,/home/agent/projects/BMO_ZMX_import/examples/../test_data/dan_reiley/photographic-lenses-zoom/US07835089-1_diagram.pdf
photographic-lenses-zoom,US07855841-2.ZMX,28.3843,28.3843,0.000,0.000,0.000,35.841,0.0000,PASSED,/home/agent/projects/BMO_ZMX_import/examples/../test_data/dan_reiley/photographic-lenses-zoom/US07855841-2_diagram.pdf
photographic-lenses-zoom,US07911706-1.ZMX,55.9928,55.9928,0.000,0.000,0.000,35.841,0.0000,PASSED,/home/agent/projects/BMO_ZMX_import/examples/../test_data/dan_reiley/photographic-lenses-zoom/US07911706-1_diagram.pdf
photographic-lenses-zoom,US07920327-1.ZMX,42.0000,70.0093,28009.259,2959.056,0.000,3.330,0.0000,PASSED,/home/agent/projects/BMO_ZMX_import/examples/../test_data/dan_reiley/photographic-lenses-zoom/US07920327-1_diagram.pdf
photographic-lenses-zoom,US07933072-1.ZMX,277.6151,277.6151,0.000,0.000,0.000,35.841,0.0000,PASSED,/home/agent/projects/BMO_ZMX_import/examples/../test_data/dan_reiley/photographic-lenses-zoom/US07933072-1_diagram.pdf
photographic-lenses-zoom,US07940471-1.ZMX,36.6500,40.5359,3885.858,1487.073,441.110,0.886,498.0783,ATTENTION,/home/agent/projects/BMO_ZMX_import/examples/../test_data/dan_reiley/photographic-lenses-zoom/US07940471-1_diagram.pdf
photographic-lenses-zoom,US07982966-1.ZMX,53.9930,53.9930,0.000,0.000,0.000,35.841,0.0000,PASSED,/home/agent/projects/BMO_ZMX_import/examples/../test_data/dan_reiley/photographic-lenses-zoom/US07982966-1_diagram.pdf
photographic-lenses-zoom,US07986467-1.ZMX,27.9591,266.9510,238991.902,2471.403,0.000,34.179,0.0000,PASSED,/home/agent/projects/BMO_ZMX_import/examples/../test_data/dan_reiley/photographic-lenses-zoom/US07986467-1_diagram.pdf
photographic-lenses-zoom,US08004772-1.ZMX,36.4078,28.4543,-7953.528,907.398,3.058,2.714,1.1268,PASSED,/home/agent/projects/BMO_ZMX_import/examples/../test_data/dan_reiley/photographic-lenses-zoom/US08004772-1_diagram.pdf
photographic-lenses-zoom,US08014079-1.ZMX,56.7173,55.2120,-1505.279,312.065,0.000,1.725,0.0000,PASSED,/home/agent/projects/BMO_ZMX_import/examples/../test_data/dan_reiley/photographic-lenses-zoom/US08014079-1_diagram.pdf
photographic-lenses-zoom,US08031409-1.zmx,131.1137,106.2493,-24864.452,4686.068,2871.664,1.984,1447.2656,ATTENTION,/home/agent/projects/BMO_ZMX_import/examples/../test_data/dan_reiley/photographic-lenses-zoom/US08031409-1_diagram.pdf
photographic-lenses-zoom,US08040614-1.ZMX,16.5457,2.3697,-14176.050,2655.303,0.000,1.839,0.0000,PASSED,/home/agent/projects/BMO_ZMX_import/examples/../test_data/dan_reiley/photographic-lenses-zoom/US08040614-1_diagram.pdf
photographic-lenses-zoom,US08068289-1.ZMX,130.5470,135.8561,5309.173,1173.007,0.000,1.623,0.0000,PASSED,/home/agent/projects/BMO_ZMX_import/examples/../test_data/dan_reiley/photographic-lenses-zoom/US08068289-1_diagram.pdf
photographic-lenses-zoom,US08089702-1.ZMX,52.9140,52.9140,0.000,0.000,0.000,35.841,0.0000,PASSED,/home/agent/projects/BMO_ZMX_import/examples/../test_data/dan_reiley/photographic-lenses-zoom/US08089702-1_diagram.pdf
photographic-lenses-zoom,US08111467-1.ZMX,33.1035,33.1035,0.000,0.000,0.000,35.841,0.0000,PASSED,/home/agent/projects/BMO_ZMX_import/examples/../test_data/dan_reiley/photographic-lenses-zoom/US08111467-1_diagram.pdf
photographic-lenses-zoom,US08130451-1.ZMX,69.8620,69.8620,0.000,0.000,0.000,35.841,0.0000,PASSED,/home/agent/projects/BMO_ZMX_import/examples/../test_data/dan_reiley/photographic-lenses-zoom/US08130451-1_diagram.pdf
photographic-lenses-zoom,US08149515-6.ZMX,85.1300,85.1300,0.000,0.000,0.000,35.841,0.0000,PASSED,/home/agent/projects/BMO_ZMX_import/examples/../test_data/dan_reiley/photographic-lenses-zoom/US08149515-6_diagram.pdf
photographic-lenses-zoom,US08149516-1.ZMX,558.9005,558.9005,0.000,0.000,0.000,35.841,0.0000,PASSED,/home/agent/projects/BMO_ZMX_import/examples/../test_data/dan_reiley/photographic-lenses-zoom/US08149516-1_diagram.pdf
photographic-lenses-zoom,US08159757-1.ZMX,56.0000,290.8278,234827.798,2903.895,0.000,28.287,0.0000,PASSED,/home/agent/projects/BMO_ZMX_import/examples/../test_data/dan_reiley/photographic-lenses-zoom/US08159757-1_diagram.pdf
photographic-lenses-zoom,US08169711-1.ZMX,137.0143,137.0143,0.000,0.000,0.000,35.841,0.0000,PASSED,/home/agent/projects/BMO_ZMX_import/examples/../test_data/dan_reiley/photographic-lenses-zoom/US08169711-1_diagram.pdf
photographic-lenses-zoom,US08169712-1.ZMX,112.0753,112.0753,0.000,0.000,0.000,35.841,0.0000,PASSED,/home/agent/projects/BMO_ZMX_import/examples/../test_data/dan_reiley/photographic-lenses-zoom/US08169712-1_diagram.pdf
photographic-lenses-zoom,US08179609-1.ZMX,271.9109,422.2392,150328.207,6665.196,0.000,7.322,0.0000,PASSED,/home/agent/projects/BMO_ZMX_import/examples/../test_data/dan_reiley/photographic-lenses-zoom/US08179609-1_diagram.pdf
photographic-lenses-zoom,US08184377-1.ZMX,91.1900,132.7198,41529.755,1588.661,8.275,8.048,1.0282,PASSED,/home/agent/projects/BMO_ZMX_import/examples/../test_data/dan_reiley/photographic-lenses-zoom/US08184377-1_diagram.pdf
photographic-lenses-zoom,US08218244-2.ZMX,31.9920,28.6045,-3387.567,936.605,0.000,1.315,0.0000,PASSED,/home/agent/projects/BMO_ZMX_import/examples/../test_data/dan_reiley/photographic-lenses-zoom/US08218244-2_diagram.pdf
photographic-lenses-zoom,US08238036-1.ZMX,190.9415,189.4450,-1496.476,117.772,0.000,4.459,0.0000,PASSED,/home/agent/projects/BMO_ZMX_import/examples/../test_data/dan_reiley/photographic-lenses-zoom/US08238036-1_diagram.pdf
photographic-lenses-zoom,US08243183-1.ZMX,53.4100,45.6178,-7792.196,2750.992,1276.113,0.983,1298.6842,ATTENTION,/home/agent/projects/BMO_ZMX_import/examples/../test_data/dan_reiley/photographic-lenses-zoom/US08243183-1_diagram.pdf
photographic-lenses-zoom,US08254035-1.ZMX,57.1845,57.1845,0.000,0.000,0.000,35.841,0.0000,PASSED,/home/agent/projects/BMO_ZMX_import/examples/../test_data/dan_reiley/photographic-lenses-zoom/US08254035-1_diagram.pdf
photographic-lenses-zoom,US08270090-1.ZMX,53.4500,53.4500,0.000,0.000,0.000,35.841,0.0000,PASSED,/home/agent/projects/BMO_ZMX_import/examples/../test_data/dan_reiley/photographic-lenses-zoom/US08270090-1_diagram.pdf
photographic-lenses-zoom,US08279531-1.ZMX,54.8348,54.8348,0.000,0.000,0.000,35.841,0.0000,PASSED,/home/agent/projects/BMO_ZMX_import/examples/../test_data/dan_reiley/photographic-lenses-zoom/US08279531-1_diagram.pdf
photographic-lenses-zoom,US08320053-1.ZMX,81.6980,81.6980,0.000,0.000,0.000,35.841,0.0000,PASSED,/home/agent/projects/BMO_ZMX_import/examples/../test_data/dan_reiley/photographic-lenses-zoom/US08320053-1_diagram.pdf
photographic-lenses-zoom,US08351129-1.ZMX,50.1671,50.1671,0.000,0.000,0.000,35.841,0.0000,PASSED,/home/agent/projects/BMO_ZMX_import/examples/../test_data/dan_reiley/photographic-lenses-zoom/US08351129-1_diagram.pdf
photographic-lenses-zoom,US08363333-2.ZMX,205.6321,107.9575,-97674.687,30541.572,4032.964,0.848,4756.6958,ATTENTION,/home/agent/projects/BMO_ZMX_import/examples/../test_data/dan_reiley/photographic-lenses-zoom/US08363333-2_diagram.pdf
photographic-lenses-zoom,US08369022-1.ZMX,26.8967,26.2473,-649.409,865.728,0.000,0.446,0.0000,PASSED,/home/agent/projects/BMO_ZMX_import/examples/../test_data/dan_reiley/photographic-lenses-zoom/US08369022-1_diagram.pdf
photographic-lenses-zoom,US08373933-1.zmx,130.4562,143.5836,13127.426,2495.528,0.000,1.875,0.0000,PASSED,/home/agent/projects/BMO_ZMX_import/examples/../test_data/dan_reiley/photographic-lenses-zoom/US08373933-1_diagram.pdf
photographic-lenses-zoom,US08373933-2.zmx,202.2900,168.5677,-33722.350,9801.353,0.000,1.202,0.0000,PASSED,/home/agent/projects/BMO_ZMX_import/examples/../test_data/dan_reiley/photographic-lenses-zoom/US08373933-2_diagram.pdf
photographic-lenses-zoom,US08411369-2.ZMX,86.9423,86.9876,45.286,4.070,0.000,3.908,0.0000,PASSED,/home/agent/projects/BMO_ZMX_import/examples/../test_data/dan_reiley/photographic-lenses-zoom/US08411369-2_diagram.pdf
photographic-lenses-zoom,US08427757-1.ZMX,68.4715,79.8506,11379.117,2908.105,0.000,1.430,0.0000,PASSED,/home/agent/projects/BMO_ZMX_import/examples/../test_data/dan_reiley/photographic-lenses-zoom/US08427757-1_diagram.pdf
photographic-lenses-zoom,US08503097-1.ZMX,258.8948,164.5219,-94372.933,10762.464,6.875,2.714,2.5334,PASSED,/home/agent/projects/BMO_ZMX_import/examples/../test_data/dan_reiley/photographic-lenses-zoom/US08503097-1_diagram.pdf
photographic-lenses-zoom,US08503102-1.ZMX,238.2707,238.2707,0.000,0.000,0.000,35.841,0.0000,PASSED,/home/agent/projects/BMO_ZMX_import/examples/../test_data/dan_reiley/photographic-lenses-zoom/US08503102-1_diagram.pdf
photographic-lenses-zoom,US08503102-2.ZMX,322.5936,536.6868,214093.165,13010.292,11569.882,11.904,971.9426,ATTENTION,/home/agent/projects/BMO_ZMX_import/examples/../test_data/dan_reiley/photographic-lenses-zoom/US08503102-2_diagram.pdf
photographic-lenses-zoom,US08526116-1.ZMX,67.2926,67.2926,0.000,0.000,0.000,35.841,0.0000,PASSED,/home/agent/projects/BMO_ZMX_import/examples/../test_data/dan_reiley/photographic-lenses-zoom/US08526116-1_diagram.pdf
photographic-lenses-zoom,US08593736-1.ZMX,600.2157,600.2157,0.000,0.000,0.000,35.841,0.0000,PASSED,/home/agent/projects/BMO_ZMX_import/examples/../test_data/dan_reiley/photographic-lenses-zoom/US08593736-1_diagram.pdf
photographic-lenses-zoom,US08630046-1.ZMX,53.1377,53.3900,252.243,51.790,1.165,1.534,0.7596,PASSED,/home/agent/projects/BMO_ZMX_import/examples/../test_data/dan_reiley/photographic-lenses-zoom/US08630046-1_diagram.pdf
photographic-lenses-zoom,US08854747-1.zmx,41.2043,41.2430,38.777,10.044,5.115,1.419,3.6044,PASSED,/home/agent/projects/BMO_ZMX_import/examples/../test_data/dan_reiley/photographic-lenses-zoom/US08854747-1_diagram.pdf
photographic-lenses-zoom,US08976458-1.zmx,132.5800,122.8720,-9707.972,8735.139,8716.833,4.224,2063.6633,ATTENTION,/home/agent/projects/BMO_ZMX_import/examples/../test_data/dan_reiley/photographic-lenses-zoom/US08976458-1_diagram.pdf
photographic-lenses-zoom,US08988786-1.zmx,240.1597,211.9682,-28191.465,15337.920,0.000,0.740,0.0002,PASSED,/home/agent/projects/BMO_ZMX_import/examples/../test_data/dan_reiley/photographic-lenses-zoom/US08988786-1_diagram.pdf
photographic-lenses-zoom,US09030755-1.zmx,297.5683,297.5683,0.000,0.000,0.000,35.841,0.0000,PASSED,/home/agent/projects/BMO_ZMX_import/examples/../test_data/dan_reiley/photographic-lenses-zoom/US09030755-1_diagram.pdf
photographic-lenses-zoom,US09151935-1.zmx,389.9100,158.6415,-231268.486,22672.540,3459.634,3.353,1031.9244,ATTENTION,/home/agent/projects/BMO_ZMX_import/examples/../test_data/dan_reiley/photographic-lenses-zoom/US09151935-1_diagram.pdf
photographic-lenses-zoom,US09151935-2.zmx,391.3737,477.6795,86305.879,5606.814,0.000,5.396,0.0000,PASSED,/home/agent/projects/BMO_ZMX_import/examples/../test_data/dan_reiley/photographic-lenses-zoom/US09151935-2_diagram.pdf
photographic-lenses-zoom,US09151935-3.zmx,214.0000,214.0000,0.000,0.000,0.000,35.841,0.0000,PASSED,/home/agent/projects/BMO_ZMX_import/examples/../test_data/dan_reiley/photographic-lenses-zoom/US09151935-3_diagram.pdf
photographic-lenses-zoom,US09261684-1.zmx,667.0400,667.0400,0.000,0.000,0.000,35.841,0.0000,PASSED,/home/agent/projects/BMO_ZMX_import/examples/../test_data/dan_reiley/photographic-lenses-zoom/US09261684-1_diagram.pdf
photographic-lenses-zoom,US09310592-1.zmx,324.0371,324.0371,0.000,0.000,0.000,35.841,0.0000,PASSED,/home/agent/projects/BMO_ZMX_import/examples/../test_data/dan_reiley/photographic-lenses-zoom/US09310592-1_diagram.pdf
projectors,US03126786-1.zmx,427.0187,425.3304,-1688.304,1092.209,1080.713,3.261,331.3623,ATTENTION,/home/agent/projects/BMO_ZMX_import/examples/../test_data/dan_reiley/projectors/US03126786-1_diagram.pdf
projectors,US04153337-2.ZMX,73.1908,74.7849,1594.163,406.913,0.000,1.416,0.0000,PASSED,/home/agent/projects/BMO_ZMX_import/examples/../test_data/dan_reiley/projectors/US04153337-2_diagram.pdf
projectors,US04380374-1.zmx,485.5553,483.1362,-2419.124,544.335,524.867,5.120,102.5054,ATTENTION,/home/agent/projects/BMO_ZMX_import/examples/../test_data/dan_reiley/projectors/US04380374-1_diagram.pdf
projectors,US04744641-1.zmx,498.3468,479.7694,-18577.344,731.992,334.351,8.694,38.4563,ATTENTION,/home/agent/projects/BMO_ZMX_import/examples/../test_data/dan_reiley/projectors/US04744641-1_diagram.pdf
projectors,US04988176-1.zmx,404.0910,-647.7649,-1051855.855,27691.372,223.509,11.702,19.1002,ATTENTION,/home/agent/projects/BMO_ZMX_import/examples/../test_data/dan_reiley/projectors/US04988176-1_diagram.pdf
projectors,US05612797-2.ZMX,371.8343,372.0782,243.941,45.601,0.000,1.905,0.0000,PASSED,/home/agent/projects/BMO_ZMX_import/examples/../test_data/dan_reiley/projectors/US05612797-2_diagram.pdf
projectors,US05625495-10.ZMX,75.0585,72.5207,-2537.815,677.891,211.986,1.184,179.0895,ATTENTION,/home/agent/projects/BMO_ZMX_import/examples/../test_data/dan_reiley/projectors/US05625495-10_diagram.pdf
projectors,US05625495-9.ZMX,92.6375,-124.3588,-216996.305,7078.323,3715.219,12.071,307.7839,ATTENTION,/home/agent/projects/BMO_ZMX_import/examples/../test_data/dan_reiley/projectors/US05625495-9_diagram.pdf
projectors,US05831776-1.zmx,889.3725,903.5007,14128.261,9276.324,0.000,0.271,0.0004,PASSED,/home/agent/projects/BMO_ZMX_import/examples/../test_data/dan_reiley/projectors/US05831776-1_diagram.pdf
projectors,US05870228-3.ZMX,388.9964,388.9964,0.000,0.000,0.000,33.550,0.0000,PASSED,/home/agent/projects/BMO_ZMX_import/examples/../test_data/dan_reiley/projectors/US05870228-3_diagram.pdf
projectors,US05870228-6.ZMX,382.0988,382.0988,0.000,0.000,0.000,33.550,0.0000,PASSED,/home/agent/projects/BMO_ZMX_import/examples/../test_data/dan_reiley/projectors/US05870228-6_diagram.pdf
projectors,US05900987-2.ZMX,354.4240,342.3914,-12032.644,1979.146,0.000,2.004,0.0000,PASSED,/home/agent/projects/BMO_ZMX_import/examples/../test_data/dan_reiley/projectors/US05900987-2_diagram.pdf
projectors,US05900987-3.ZMX,411.7507,411.7507,0.000,0.000,0.000,33.306,0.0000,PASSED,/home/agent/projects/BMO_ZMX_import/examples/../test_data/dan_reiley/projectors/US05900987-3_diagram.pdf
projectors,US05900987-4.ZMX,408.3247,408.3247,0.000,0.000,0.000,33.306,0.0000,PASSED,/home/agent/projects/BMO_ZMX_import/examples/../test_data/dan_reiley/projectors/US05900987-4_diagram.pdf
projectors,US05969876-6.ZMX,382.0981,382.0981,0.000,0.000,0.000,33.550,0.0000,PASSED,/home/agent/projects/BMO_ZMX_import/examples/../test_data/dan_reiley/projectors/US05969876-6_diagram.pdf
projectors,US06310731-1.zmx,181.1403,181.2626,122.363,14.791,0.000,2.916,0.0000,PASSED,/home/agent/projects/BMO_ZMX_import/examples/../test_data/dan_reiley/projectors/US06310731-1_diagram.pdf
projectors,US06633436-1.zmx,136.5586,94.7366,-41821.989,10448.842,4242.611,1.423,2980.5674,ATTENTION,/home/agent/projects/BMO_ZMX_import/examples/../test_data/dan_reiley/projectors/US06633436-1_diagram.pdf
projectors,US07215477-1.zmx,152.0593,281.7874,129728.157,9815.259,0.000,4.637,0.0000,PASSED,/home/agent/projects/BMO_ZMX_import/examples/../test_data/dan_reiley/projectors/US07215477-1_diagram.pdf
projectors,US07423819-1.ZMX,239.1372,239.1372,0.000,0.000,0.000,35.841,0.0000,PASSED,/home/agent/projects/BMO_ZMX_import/examples/../test_data/dan_reiley/projectors/US07423819-1_diagram.pdf
projectors,US07679832-1.ZMX,57.0181,56.9365,-81.566,27.048,0.000,1.114,0.0000,PASSED,/home/agent/projects/BMO_ZMX_import/examples/../test_data/dan_reiley/projectors/US07679832-1_diagram.pdf
projectors,US07755843-1.ZMX,241.6820,259.7213,18039.341,3659.701,80.192,1.553,51.6360,ATTENTION,/home/agent/projects/BMO_ZMX_import/examples/../test_data/dan_reiley/projectors/US07755843-1_diagram.pdf
projectors,US07855840-1.ZMX,125.2550,247.0477,121792.719,6919.370,0.000,6.167,0.0000,PASSED,/home/agent/projects/BMO_ZMX_import/examples/../test_data/dan_reiley/projectors/US07855840-1_diagram.pdf
projectors,US07929217-1.ZMX,26.1700,26.1713,1.314,0.293,0.000,1.610,0.0000,PASSED,/home/agent/projects/BMO_ZMX_import/examples/../test_data/dan_reiley/projectors/US07929217-1_diagram.pdf
projectors,US07995283-3.ZMX,150.1100,111.7541,-38355.925,10315.529,0.000,1.349,0.0000,PASSED,/home/agent/projects/BMO_ZMX_import/examples/../test_data/dan_reiley/projectors/US07995283-3_diagram.pdf
projectors,US08072690-1.ZMX,10.2274,10.2274,0.000,0.000,0.000,35.841,0.0000,PASSED,/home/agent/projects/BMO_ZMX_import/examples/../test_data/dan_reiley/projectors/US08072690-1_diagram.pdf
projectors,US08081391-1.ZMX,131.4757,132.2088,733.173,168.875,0.000,1.560,0.0000,PASSED,/home/agent/projects/BMO_ZMX_import/examples/../test_data/dan_reiley/projectors/US08081391-1_diagram.pdf
projectors,US08587873-1.ZMX,80.3607,80.1751,-185.543,37.239,0.000,1.779,0.0000,PASSED,/home/agent/projects/BMO_ZMX_import/examples/../test_data/dan_reiley/projectors/US08587873-1_diagram.pdf
projectors,US08654449-1.zmx,226.1660,226.1058,-60.264,12.331,0.000,1.747,0.0000,PASSED,/home/agent/projects/BMO_ZMX_import/examples/../test_data/dan_reiley/projectors/US08654449-1_diagram.pdf
sample,US08988789-1.zmx,5.0311,4.8706,-160.452,29.818,3.189,1.693,1.8838,PASSED,/home/agent/projects/BMO_ZMX_import/examples/../test_data/sample/US08988789-1_diagram.pdf
sample,US08988789-3.zmx,4.3436,3.5684,-775.166,219.444,38.588,1.130,34.1469,ATTENTION,/home/agent/projects/BMO_ZMX_import/examples/../test_data/sample/US08988789-3_diagram.pdf
sample,US08988789-6.zmx,5.0377,4.9051,-132.654,24.548,3.628,1.708,2.1235,PASSED,/home/agent/projects/BMO_ZMX_import/examples/../test_data/sample/US08988789-6_diagram.pdf
scan-lenses,US05025268-1.ZMX,507.1800,500.7717,-6408.345,7.764,0.002,237.140,0.0000,PASSED,/home/agent/projects/BMO_ZMX_import/examples/../test_data/dan_reiley/scan-lenses/US05025268-1_diagram.pdf
telescopes,Figure1.zmx,99.9562,100.0261,69.832,13.954,0.000,1.712,0.0000,PASSED,/home/agent/projects/BMO_ZMX_import/examples/../test_data/dan_reiley/telescopes/Figure1_diagram.pdf
telescopes,Figure11.zmx,458.5044,458.5083,3.859,5.204,0.978,0.396,2.4700,PASSED,/home/agent/projects/BMO_ZMX_import/examples/../test_data/dan_reiley/telescopes/Figure11_diagram.pdf
telescopes,Figure12.zmx,382.6575,382.6632,5.672,4.470,1.085,0.500,2.1700,PASSED,/home/agent/projects/BMO_ZMX_import/examples/../test_data/dan_reiley/telescopes/Figure12_diagram.pdf
telescopes,Figure13.zmx,375.7825,375.7872,4.741,3.914,1.096,0.490,2.2363,PASSED,/home/agent/projects/BMO_ZMX_import/examples/../test_data/dan_reiley/telescopes/Figure13_diagram.pdf
telescopes,Figure14.zmx,282.6504,278.2934,-4357.028,2423.486,48.345,0.682,70.8888,ATTENTION,/home/agent/projects/BMO_ZMX_import/examples/../test_data/dan_reiley/telescopes/Figure14_diagram.pdf
telescopes,Figure18.zmx,59.2756,59.6966,421.041,185.583,0.000,0.889,0.0000,PASSED,/home/agent/projects/BMO_ZMX_import/examples/../test_data/dan_reiley/telescopes/Figure18_diagram.pdf
telescopes,Figure3.zmx,103.2012,115.5171,12315.888,5828.267,31.313,0.633,49.4468,ATTENTION,/home/agent/projects/BMO_ZMX_import/examples/../test_data/dan_reiley/telescopes/Figure3_diagram.pdf
telescopes,Figure5.zmx,236.9485,236.9476,-0.915,1.005,0.195,0.425,0.4595,PASSED,/home/agent/projects/BMO_ZMX_import/examples/../test_data/dan_reiley/telescopes/Figure5_diagram.pdf
telescopes,Figure6.zmx,312.7921,312.7924,0.292,0.157,0.000,0.707,0.0000,PASSED,/home/agent/projects/BMO_ZMX_import/examples/../test_data/dan_reiley/telescopes/Figure6_diagram.pdf
telescopes,Figure7.zmx,259.8061,259.8124,6.222,6.070,1.349,0.447,3.0145,PASSED,/home/agent/projects/BMO_ZMX_import/examples/../test_data/dan_reiley/telescopes/Figure7_diagram.pdf
telescopes,Figure9.zmx,353.7830,353.7833,0.239,0.105,0.000,0.835,0.0000,PASSED,/home/agent/projects/BMO_ZMX_import/examples/../test_data/dan_reiley/telescopes/Figure9_diagram.pdf
telescopes,GB544694A.zmx,-35.1423,-34.9788,163.540,88.440,39.861,0.682,58.4817,ATTENTION,/home/agent/projects/BMO_ZMX_import/examples/../test_data/dan_reiley/telescopes/GB544694A_diagram.pdf
telescopes,HoO-V2C18Ex02.zmx,-0.3698,-9.1786,-8808.765,862.588,2.203,3.180,0.6929,PASSED,/home/agent/projects/BMO_ZMX_import/examples/../test_data/dan_reiley/telescopes/HoO-V2C18Ex02_diagram.pdf
telescopes,HoO-V2C18Ex11.zmx,-68.2580,-61.5712,6686.789,823.365,54.554,2.597,21.0081,ATTENTION,/home/agent/projects/BMO_ZMX_import/examples/../test_data/dan_reiley/telescopes/HoO-V2C18Ex11_diagram.pdf
telescopes,HoO-V2C18Ex14.zmx,7.1180,5.1116,-2006.427,874.194,48.567,0.742,65.4949,ATTENTION,/home/agent/projects/BMO_ZMX_import/examples/../test_data/dan_reiley/telescopes/HoO-V2C18Ex14_diagram.pdf
telescopes,HoO-V2C18Ex17.zmx,6.2142,-2.7123,-8926.509,2162.598,2008.105,2.735,734.1484,ATTENTION,/home/agent/projects/BMO_ZMX_import/examples/../test_data/dan_reiley/telescopes/HoO-V2C18Ex17_diagram.pdf
telescopes,HoO-V2C18Ex22.zmx,27.1150,27.1157,0.706,0.278,0.075,0.829,0.0904,PASSED,/home/agent/projects/BMO_ZMX_import/examples/../test_data/dan_reiley/telescopes/HoO-V2C18Ex22_diagram.pdf
telescopes,HoO-V2C18Ex23.zmx,15.3480,15.7396,391.644,102.827,0.269,1.228,0.2192,PASSED,/home/agent/projects/BMO_ZMX_import/examples/../test_data/dan_reiley/telescopes/HoO-V2C18Ex23_diagram.pdf
telescopes,HoO-V2C18Ex26.zmx,8.2775,-13.7715,-22048.983,2277.372,0.000,3.266,0.0000,PASSED,/home/agent/projects/BMO_ZMX_import/examples/../test_data/dan_reiley/telescopes/HoO-V2C18Ex26_diagram.pdf
telescopes,HoO-V2C18Ex27.zmx,16.3920,12.3674,-4024.625,1537.536,0.000,0.940,0.0000,PASSED,/home/agent/projects/BMO_ZMX_import/examples/../test_data/dan_reiley/telescopes/HoO-V2C18Ex27_diagram.pdf
telescopes,HoO-V2C18Ex32.zmx,40.0448,40.0448,0.000,0.000,0.000,35.841,0.0000,PASSED,/home/agent/projects/BMO_ZMX_import/examples/../test_data/dan_reiley/telescopes/HoO-V2C18Ex32_diagram.pdf
telescopes,HoO-V2C18Ex34.zmx,-0.9420,-4.0589,-3116.893,415.974,4.117,2.343,1.7567,PASSED,/home/agent/projects/BMO_ZMX_import/examples/../test_data/dan_reiley/telescopes/HoO-V2C18Ex34_diagram.pdf
telescopes,HoO-V2C18Ex36.zmx,49.2000,49.1496,-50.443,33.074,0.000,0.654,0.0000,PASSED,/home/agent/projects/BMO_ZMX_import/examples/../test_data/dan_reiley/telescopes/HoO-V2C18Ex36_diagram.pdf
telescopes,HoO-V2C18Ex37.zmx,26.0284,26.9389,910.493,358.461,18.170,0.805,22.5725,ATTENTION,/home/agent/projects/BMO_ZMX_import/examples/../test_data/dan_reiley/telescopes/HoO-V2C18Ex37_diagram.pdf
telescopes,HoO-V2C18Ex48.zmx,-0.8942,-2.3995,-1505.305,93.958,0.000,5.386,0.0000,PASSED,/home/agent/projects/BMO_ZMX_import/examples/../test_data/dan_reiley/telescopes/HoO-V2C18Ex48_diagram.pdf
telescopes,HoO-V2C18Ex50.zmx,18.5837,18.6592,75.595,14.320,0.000,1.803,0.0000,PASSED,/home/agent/projects/BMO_ZMX_import/examples/../test_data/dan_reiley/telescopes/HoO-V2C18Ex50_diagram.pdf
telescopes,HoO-V2C18Ex51.zmx,18.5663,22.0086,3442.278,508.052,0.000,2.298,0.0000,PASSED,/home/agent/projects/BMO_ZMX_import/examples/../test_data/dan_reiley/telescopes/HoO-V2C18Ex51_diagram.pdf
telescopes,HoO-V2C18Ex67.zmx,-14.0115,-104.6227,-90611.161,3961.384,0.000,7.681,0.0000,PASSED,/home/agent/projects/BMO_ZMX_import/examples/../test_data/dan_reiley/telescopes/HoO-V2C18Ex67_diagram.pdf
telescopes,US08194318-1.zmx,419.9672,420.5755,608.337,40.464,0.596,4.627,0.1289,PASSED,/home/agent/projects/BMO_ZMX_import/examples/../test_data/dan_reiley/telescopes/US08194318-1_diagram.pdf
