Kategorie,Modell,Brennweite_Schnittweite_mm,Nominal_y_mm,Optimal_y_mm,Defokus_dy_um,RMS_nom_um,RMS_opt_um,r_Airy_um,RMS_opt_durch_r_Airy,Status_le_5
Sonstige Fokussierlinsen,110V-E,19.083,19.0833,153.0648,133981.488,785.642,55.954,255.460,0.2190,PASSED
Sonstige Fokussierlinsen,110VM-D,19.083,19.0833,152.1975,133114.171,785.120,55.733,152.370,0.3658,PASSED
Sonstige Fokussierlinsen,110VM-E,19.279,19.2794,153.0648,133785.419,784.498,55.954,255.460,0.2190,PASSED
Sonstige Fokussierlinsen,110VM-F,19.279,19.2794,153.4872,134207.841,784.753,56.062,683.189,0.0821,PASSED
Asphärische Linsen,354060-A,12.605,12.6051,12.5625,-42.577,9.800,0.004,1.411,0.0031,PASSED
Asphärische Linsen,354060-AB,10.534,10.5339,10.4745,-59.390,13.671,0.215,1.411,0.1526,PASSED
Asphärische Linsen,354060-B,12.605,12.6051,12.5625,-42.577,9.800,0.004,1.411,0.0031,PASSED
Asphärische Linsen,354060-C,12.605,12.6051,12.5625,-42.577,9.800,0.004,1.411,0.0031,PASSED
Asphärische Linsen,354061-A,13.983,13.9832,13.9340,-49.170,9.781,0.003,1.619,0.0019,PASSED
Asphärische Linsen,354061-AB,11.898,11.8979,11.8468,-51.095,10.165,0.145,1.619,0.0894,PASSED
Asphärische Linsen,354061-B,13.983,13.9832,13.9340,-49.170,9.781,0.003,1.619,0.0019,PASSED
Asphärische Linsen,354061-C,13.983,13.9832,13.9340,-49.170,9.781,0.003,1.619,0.0019,PASSED
Asphärische Linsen,354061,13.983,13.9832,13.9340,-49.170,9.781,0.003,1.619,0.0019,PASSED
Asphärische Linsen,354105-A,8.668,8.6683,8.6442,-24.039,13.041,0.358,0.682,0.5246,PASSED
Asphärische Linsen,354105-AB,6.583,6.5833,6.5433,-40.076,21.933,2.952,0.682,4.3306,PASSED
Asphärische Linsen,354105-B,8.668,8.6683,8.6442,-24.039,13.041,0.358,0.682,0.5246,PASSED
Asphärische Linsen,354105-C,8.668,8.6683,8.6442,-24.039,13.041,0.358,0.682,0.5246,PASSED
Asphärische Linsen,354105,8.668,8.6683,8.6442,-24.039,13.041,0.358,0.682,0.5246,PASSED
Asphärische Linsen,354140-A,3.824,3.8244,3.8177,-6.622,3.709,0.076,0.820,0.0921,PASSED
Asphärische Linsen,354140-AB,1.824,1.8242,1.8178,-6.333,642.219,642.218,2.558,251.0288,ATTENTION
Asphärische Linsen,354140-B,3.824,3.8244,3.8177,-6.622,3.709,0.076,0.820,0.0921,PASSED
Asphärische Linsen,354140-C,3.824,3.8244,3.8177,-6.622,3.709,0.076,0.820,0.0921,PASSED
Asphärische Linsen,354140,3.824,3.8244,3.8177,-6.622,3.709,0.076,0.820,0.0921,PASSED
Asphärische Linsen,354171-A,9.579,9.5786,9.5534,-25.206,6.483,0.007,1.271,0.0056,PASSED
Asphärische Linsen,354171-AB,7.579,7.5785,7.5533,-25.203,6.482,0.007,1.271,0.0057,PASSED
Asphärische Linsen,354171-B,9.579,9.5786,9.5534,-25.206,6.483,0.007,1.271,0.0056,PASSED
Asphärische Linsen,354171-C,9.579,9.5786,9.5534,-25.206,6.483,0.007,1.271,0.0056,PASSED
Asphärische Linsen,354171,9.579,9.5786,9.5534,-25.206,6.483,0.007,1.271,0.0056,PASSED
Asphärische Linsen,354220-1064,14.941,14.9411,14.8950,-46.126,9.765,0.016,1.526,0.0108,PASSED
Asphärische Linsen,354220-A,14.941,14.9411,14.8950,-46.126,9.765,0.016,1.526,0.0108,PASSED
Asphärische Linsen,354220-AB,12.941,12.9408,12.8949,-45.982,1587.723,1587.713,2.297,691.1777,ATTENTION
Asphärische Linsen,354220-B,14.941,14.9411,14.8950,-46.126,9.765,0.016,1.526,0.0108,PASSED
Asphärische Linsen,354220-C,14.941,14.9411,14.8950,-46.126,9.765,0.016,1.526,0.0108,PASSED
Asphärische Linsen,354220,14.941,14.9411,14.8950,-46.126,9.765,0.016,1.526,0.0108,PASSED
Asphärische Linsen,354240-1064,11.345,11.3448,11.3047,-40.041,19.112,0.443,0.924,0.4795,PASSED
Asphärische Linsen,354240-A,11.345,11.3448,11.3047,-40.041,19.112,0.443,0.924,0.4795,PASSED
Asphärische Linsen,354240-AB,9.345,9.3448,9.3070,-37.780,1947.463,1947.458,2.830,688.2256,ATTENTION
Asphärische Linsen,354240-B,11.345,11.3448,11.3047,-40.041,19.112,0.443,0.924,0.4795,PASSED
Asphärische Linsen,354240-C,11.345,11.3448,11.3047,-40.041,19.112,0.443,0.924,0.4795,PASSED
Asphärische Linsen,354240,11.345,11.3448,11.3047,-40.041,19.112,0.443,0.924,0.4795,PASSED
Asphärische Linsen,354260-A,18.185,18.1853,18.1074,-77.862,10.557,0.019,2.889,0.0064,PASSED
Asphärische Linsen,354260-AB,16.185,16.1851,16.1072,-77.863,10.557,0.019,2.889,0.0064,PASSED
Asphärische Linsen,354260-B,18.185,18.1853,18.1074,-77.862,10.557,0.019,2.889,0.0064,PASSED
Asphärische Linsen,354260-C,18.185,18.1853,18.1074,-77.862,10.557,0.019,2.889,0.0064,PASSED
Asphärische Linsen,354260,18.185,18.1853,18.1074,-77.862,10.557,0.019,2.889,0.0064,PASSED
Asphärische Linsen,354280-1064,21.284,21.2839,21.1896,-94.235,11.652,0.018,3.162,0.0057,PASSED
Asphärische Linsen,354280-A,21.284,21.2839,21.1896,-94.235,11.652,0.018,3.162,0.0057,PASSED
Asphärische Linsen,354280-AB,19.284,19.2838,19.1896,-94.236,11.652,0.018,3.162,0.0057,PASSED
Asphärische Linsen,354280-B,21.284,21.2839,21.1896,-94.235,11.652,0.018,3.162,0.0057,PASSED
Asphärische Linsen,354280-C,21.284,21.2839,21.1896,-94.235,11.652,0.018,3.162,0.0057,PASSED
Asphärische Linsen,354280,21.284,21.2839,21.1896,-94.235,11.652,0.018,3.162,0.0057,PASSED
Asphärische Linsen,354330-A,6.974,6.9740,6.9515,-22.534,16.921,2.155,0.741,2.9070,PASSED
Asphärische Linsen,354330-AB,4.974,4.9741,4.9601,-13.985,2006.933,2006.932,1.921,1044.7722,ATTENTION
Asphärische Linsen,354330-B,6.974,6.9740,6.9515,-22.534,16.921,2.155,0.741,2.9070,PASSED
Asphärische Linsen,354330-C,6.974,6.9740,6.9515,-22.534,16.921,2.155,0.741,2.9070,PASSED
Asphärische Linsen,354330,6.974,6.9740,6.9515,-22.534,16.921,2.155,0.741,2.9070,PASSED
Asphärische Linsen,354340-AB,5.780,5.7796,5.7796,0.000,2182.464,2182.464,83.570,26.1154,ATTENTION
Asphärische Linsen,354350-B,7.833,7.8334,7.8089,-24.497,9.260,0.024,1.397,0.0172,PASSED
Asphärische Linsen,354350-C,7.833,7.8334,7.8089,-24.497,9.260,0.024,1.397,0.0172,PASSED
Asphärische Linsen,354350,7.833,7.8334,7.8089,-24.493,9.259,0.024,1.397,0.0172,PASSED
Asphärische Linsen,354430-B,7.359,7.3588,7.2846,-74.254,9.956,0.032,5.804,0.0055,PASSED
Asphärische Linsen,354430-C,7.359,7.3588,7.2846,-74.254,9.956,0.032,5.804,0.0055,PASSED
Asphärische Linsen,354430,7.359,7.3588,7.2846,-74.254,9.956,0.032,5.804,0.0055,PASSED
Asphärische Linsen,354453-A,7.849,7.8487,7.8300,-18.674,9.635,0.132,0.730,0.1813,PASSED
Asphärische Linsen,354453-AB,5.755,5.7551,5.7202,-34.843,18.169,2.641,0.730,3.6164,PASSED
Asphärische Linsen,354453-B,7.849,7.8487,7.8300,-18.674,9.635,0.132,0.730,0.1813,PASSED
Asphärische Linsen,354453-C,7.849,7.8487,7.8300,-18.674,9.635,0.132,0.730,0.1813,PASSED
Asphärische Linsen,354453,7.849,7.8487,7.8300,-18.671,9.634,0.132,0.730,0.1813,PASSED
Asphärische Linsen,354560-A,16.882,16.8820,16.8193,-62.700,9.596,0.021,2.140,0.0098,PASSED
Asphärische Linsen,354560-AB,14.882,14.8820,14.8193,-62.700,9.596,0.021,2.140,0.0098,PASSED
Asphärische Linsen,354560-B,16.882,16.8820,16.8193,-62.700,9.596,0.021,2.140,0.0098,PASSED
Asphärische Linsen,354560-C,16.882,16.8820,16.8193,-62.700,9.596,0.021,2.140,0.0098,PASSED
Asphärische Linsen,354560,16.882,16.8820,16.8193,-62.700,9.596,0.021,2.140,0.0098,PASSED
Asphärische Linsen,354710-A,3.886,3.8860,3.8665,-19.437,9.727,0.083,1.767,0.0472,PASSED
Asphärische Linsen,354710-AB,1.886,1.8858,1.8665,-19.221,602.081,602.080,5.518,109.1214,ATTENTION
Asphärische Linsen,354710-B,3.886,3.8860,3.8665,-19.437,9.727,0.083,1.767,0.0472,PASSED
Asphärische Linsen,354710-C,3.886,3.8860,3.8665,-19.437,9.727,0.083,1.767,0.0472,PASSED
Asphärische Linsen,354710,3.886,3.8860,3.8665,-19.432,9.725,0.083,1.767,0.0472,PASSED
Sonstige Fokussierlinsen,355110-1064,10.614,10.6143,10.5836,-30.739,10.880,0.123,1.181,0.1044,PASSED
Sonstige Fokussierlinsen,355110-A,10.614,10.6143,10.5836,-30.739,10.880,0.123,1.181,0.1044,PASSED
Sonstige Fokussierlinsen,355110-AB,8.614,8.6141,8.5840,-30.097,1767.774,1767.767,1.769,999.0294,ATTENTION
Sonstige Fokussierlinsen,355110-B,10.614,10.6143,10.5836,-30.739,10.880,0.123,1.181,0.1044,PASSED
Sonstige Fokussierlinsen,355110-C,10.614,10.6143,10.5836,-30.739,10.880,0.123,1.181,0.1044,PASSED
Sonstige Fokussierlinsen,355110,10.614,10.6143,10.5836,-30.738,10.879,0.123,1.181,0.1044,PASSED
Sonstige Fokussierlinsen,355151-A,4.921,4.9213,4.9119,-9.434,4.418,0.057,0.939,0.0607,PASSED
Sonstige Fokussierlinsen,355151-AB,2.921,2.9215,2.9123,-9.155,802.773,802.773,2.833,283.3169,ATTENTION
Sonstige Fokussierlinsen,355151-B,4.921,4.9213,4.9119,-9.434,4.418,0.057,0.939,0.0607,PASSED
Sonstige Fokussierlinsen,355151-C,4.921,4.9213,4.9119,-9.434,4.418,0.057,0.939,0.0607,PASSED
Sonstige Fokussierlinsen,355151,4.921,4.9214,4.9119,-9.439,4.420,0.057,0.939,0.0607,PASSED
Sonstige Fokussierlinsen,355230-AB,5.792,5.7923,5.7923,0.000,2168.342,2168.342,95.160,22.7863,ATTENTION
Sonstige Fokussierlinsen,355390-A,6.055,6.0546,6.0317,-22.927,12.589,1.648,0.912,1.8076,PASSED
Sonstige Fokussierlinsen,355390-AB,4.055,4.0551,4.0317,-23.418,12.854,1.648,0.912,1.8075,PASSED
Sonstige Fokussierlinsen,355390-B,6.055,6.0546,6.0317,-22.927,12.589,1.648,0.912,1.8076,PASSED
Sonstige Fokussierlinsen,355390-C,6.055,6.0546,6.0317,-22.927,12.589,1.648,0.912,1.8076,PASSED
Sonstige Fokussierlinsen,355390,6.055,6.0547,6.0317,-22.975,12.615,1.648,0.912,1.8076,PASSED
Sonstige Fokussierlinsen,355392-A,5.739,5.7393,5.7232,-16.074,10.674,0.634,0.786,0.8061,PASSED
Sonstige Fokussierlinsen,355392-AB,3.739,3.7392,3.7232,-16.074,10.674,0.634,0.786,0.8064,PASSED
Sonstige Fokussierlinsen,355392-B,5.739,5.7393,5.7232,-16.074,10.674,0.634,0.786,0.8061,PASSED
Sonstige Fokussierlinsen,355392-C,5.739,5.7393,5.7232,-16.074,10.674,0.634,0.786,0.8061,PASSED
Sonstige Fokussierlinsen,355392,5.739,5.7393,5.7232,-16.074,10.674,0.634,0.786,0.8061,PASSED
Sonstige Fokussierlinsen,355397-A,13.958,13.9580,13.8924,-65.686,16.846,0.240,1.354,0.1774,PASSED
Sonstige Fokussierlinsen,355397-AB,11.865,11.8647,11.7946,-70.007,17.962,0.568,1.354,0.4199,PASSED
Sonstige Fokussierlinsen,355397-B,13.958,13.9580,13.8924,-65.686,16.846,0.240,1.354,0.1774,PASSED
Sonstige Fokussierlinsen,355397-C,13.958,13.9580,13.8924,-65.686,16.846,0.240,1.354,0.1774,PASSED
Sonstige Fokussierlinsen,355397,13.958,13.9580,13.8924,-65.692,16.848,0.240,1.354,0.1774,PASSED
Sonstige Fokussierlinsen,355440-A,13.630,13.6301,12.2822,-1347.918,823.303,26.175,0.975,26.8588,ATTENTION
Sonstige Fokussierlinsen,355440-AB,6.539,6.5394,-2.1065,-8645.870,1934.622,1162.142,3.220,360.8848,ATTENTION
Sonstige Fokussierlinsen,355440-B,13.630,13.6301,12.2822,-1347.918,823.303,26.175,0.975,26.8588,ATTENTION
Sonstige Fokussierlinsen,355440-C,13.630,13.6301,12.2822,-1347.918,823.303,26.175,0.975,26.8588,ATTENTION
Sonstige Fokussierlinsen,355440,13.630,13.6301,12.2822,-1347.918,823.303,26.175,0.975,26.8588,ATTENTION
Sonstige Fokussierlinsen,355660-A,6.066,6.0660,6.0325,-33.464,20.190,0.771,1.559,0.4947,PASSED
Sonstige Fokussierlinsen,355660-AB,4.062,4.0620,4.0325,-29.417,17.752,0.771,1.559,0.4947,PASSED
Sonstige Fokussierlinsen,355660-B,6.066,6.0660,6.0325,-33.464,20.190,0.771,1.559,0.4947,PASSED
Sonstige Fokussierlinsen,355660-C,6.066,6.0660,6.0325,-33.464,20.190,0.771,1.559,0.4947,PASSED
Sonstige Fokussierlinsen,355660,6.066,6.0659,6.0325,-33.329,20.109,0.771,1.559,0.4947,PASSED
Sonstige Fokussierlinsen,357610-A,10.644,10.6438,89098284.5430,89098273899.218,2400.000,1054.775,50.020,21.0871,ATTENTION
Sonstige Fokussierlinsen,357610-AB,5.644,5.6438,5.6438,0.000,2121.177,2121.177,50.020,42.4066,ATTENTION
Sonstige Fokussierlinsen,357610-B,10.644,10.6438,89098284.5430,89098273899.218,2400.000,1054.775,50.020,21.0871,ATTENTION
Sonstige Fokussierlinsen,357610,10.644,10.6438,89098284.5430,89098273899.218,2400.000,1054.775,50.020,21.0871,ATTENTION
Sonstige Fokussierlinsen,357775-405,5.311,5.3113,4.7626,-548.610,411.230,19.986,0.359,55.6188,ATTENTION
Sonstige Fokussierlinsen,357775-A,5.311,5.3113,4.7626,-548.610,411.230,19.986,0.359,55.6188,ATTENTION
Sonstige Fokussierlinsen,357775-AB,5.311,5.3113,4.7626,-548.610,411.230,19.986,0.359,55.6188,ATTENTION
Sonstige Fokussierlinsen,357775-B,5.311,5.3113,4.7626,-548.610,411.230,19.986,0.359,55.6188,ATTENTION
Sonstige Fokussierlinsen,357775,5.311,5.3113,4.7626,-548.610,411.230,19.986,0.359,55.6188,ATTENTION
Sonstige Fokussierlinsen,390028-D,9.500,9.5000,23.8572,14357.210,1949.928,96.843,14.204,6.8178,ATTENTION
Sonstige Fokussierlinsen,390028-E,9.500,9.5000,23.8572,14357.210,1949.928,96.843,14.204,6.8178,ATTENTION
Sonstige Fokussierlinsen,390036-D,7.549,7.5487,17.0389,9490.182,1386.645,55.938,8.741,6.3991,ATTENTION
Sonstige Fokussierlinsen,390036-E,7.549,7.5487,17.0389,9490.182,1386.645,55.938,8.741,6.3991,ATTENTION
Sonstige Fokussierlinsen,390037-D,5.722,5.7223,10.1100,4387.697,1066.491,111.862,20.936,5.3430,ATTENTION
Sonstige Fokussierlinsen,390037-E,5.722,5.7223,10.1100,4387.697,1066.491,111.862,20.936,5.3430,ATTENTION
Sonstige Fokussierlinsen,390093-D,6.970,6.9695,14.1496,7180.089,1385.665,87.572,21.034,4.1634,PASSED
Sonstige Fokussierlinsen,390093-E,6.970,6.9695,14.1496,7180.089,1385.665,87.572,21.034,4.1634,PASSED
Asphärische Linsen,A110-A,8.755,8.7546,8.7160,-38.635,13.755,0.228,1.174,0.1943,PASSED
Asphärische Linsen,A110-B,8.755,8.7546,8.7160,-38.635,13.755,0.228,1.174,0.1943,PASSED
Asphärische Linsen,A110-C,8.755,8.7546,8.7160,-38.635,13.755,0.228,1.174,0.1943,PASSED
Asphärische Linsen,A110,8.755,8.7546,8.7160,-38.635,13.755,0.228,1.174,0.1943,PASSED
Asphärische Linsen,A110TM-A,8.755,8.7546,8.7160,-38.635,13.755,0.228,1.174,0.1943,PASSED
Asphärische Linsen,A110TM-B,8.755,8.7546,8.7160,-38.635,13.755,0.228,1.174,0.1943,PASSED
Asphärische Linsen,A110TM-C,8.755,8.7546,8.7160,-38.635,13.755,0.228,1.174,0.1943,PASSED
Asphärische Linsen,A110TM,8.755,8.7546,8.7160,-38.635,13.755,0.228,1.174,0.1943,PASSED
Asphärische Linsen,A220-A,12.947,12.9465,12.8925,-54.019,11.487,0.085,1.519,0.0558,PASSED
Asphärische Linsen,A220-B,12.947,12.9465,12.8925,-54.019,11.487,0.085,1.519,0.0558,PASSED
Asphärische Linsen,A220,12.947,12.9465,12.8925,-54.019,11.487,0.085,1.519,0.0558,PASSED
Asphärische Linsen,A220TM-A,12.947,12.9465,12.8925,-54.019,11.487,0.085,1.519,0.0558,PASSED
Asphärische Linsen,A220TM-B,12.947,12.9465,12.8925,-54.019,11.487,0.085,1.519,0.0558,PASSED
Asphärische Linsen,A220TM,12.947,12.9465,12.8925,-54.019,11.487,0.085,1.519,0.0558,PASSED
Asphärische Linsen,A230-A,5.850,5.8500,5.7951,-54.910,28.933,1.182,0.862,1.3708,PASSED
Asphärische Linsen,A230-B,5.850,5.8500,5.7951,-54.910,28.933,1.182,0.862,1.3708,PASSED
Asphärische Linsen,A230-C,5.850,5.8500,5.7951,-54.910,28.933,1.182,0.862,1.3708,PASSED
Asphärische Linsen,A230,5.850,5.8500,5.7955,-54.513,28.265,1.077,0.872,1.2350,PASSED
Asphärische Linsen,A230TM-A,5.850,5.8500,5.7951,-54.910,28.933,1.182,0.862,1.3708,PASSED
Asphärische Linsen,A230TM-B,5.850,5.8500,5.7951,-54.910,28.933,1.182,0.862,1.3708,PASSED
Asphärische Linsen,A240-A,9.608,9.6083,9.5427,-65.532,30.568,3.968,0.949,4.1830,PASSED
Asphärische Linsen,A240-B,9.608,9.6083,9.5427,-65.532,30.568,3.968,0.949,4.1830,PASSED
Asphärische Linsen,A240-C,9.608,9.6083,9.5427,-65.532,30.568,3.968,0.949,4.1830,PASSED
Asphärische Linsen,A240,9.608,9.6083,9.5427,-65.532,30.568,3.968,0.949,4.1830,PASSED
Asphärische Linsen,A240TM-A,9.608,9.6083,9.5427,-65.532,30.568,3.968,0.949,4.1830,PASSED
Asphärische Linsen,A240TM-B,9.608,9.6083,9.5427,-65.532,30.568,3.968,0.949,4.1830,PASSED
Asphärische Linsen,A240TM-C,9.608,9.6083,9.5427,-65.532,30.568,3.968,0.949,4.1830,PASSED
Asphärische Linsen,A240TM,9.608,9.6083,9.5427,-65.532,30.568,3.968,0.949,4.1830,PASSED
Asphärische Linsen,A260-A,16.295,16.2950,16.1816,-113.457,15.370,0.084,2.893,0.0291,PASSED
Asphärische Linsen,A260-B,16.295,16.2950,16.1816,-113.457,15.370,0.084,2.893,0.0291,PASSED
Asphärische Linsen,A260-C,16.295,16.2950,16.1816,-113.457,15.370,0.084,2.893,0.0291,PASSED
Asphärische Linsen,A260TM-A,16.295,16.2950,16.1816,-113.457,15.370,0.084,2.893,0.0291,PASSED
Asphärische Linsen,A260TM-B,16.295,16.2950,16.1816,-113.457,15.370,0.084,2.893,0.0291,PASSED
Asphärische Linsen,A260TM-C,16.295,16.2950,16.1816,-113.457,15.370,0.084,2.893,0.0291,PASSED
Asphärische Linsen,A280-A,19.298,19.2980,19.1967,-101.300,12.718,1.984,3.156,0.6286,PASSED
Asphärische Linsen,A280-B,19.298,19.2980,19.1967,-101.300,12.718,1.984,3.156,0.6286,PASSED
Asphärische Linsen,A280-C,19.298,19.2980,19.1967,-101.300,12.718,1.984,3.156,0.6286,PASSED
Asphärische Linsen,A280TM-A,19.298,19.2980,19.1967,-101.300,12.718,1.984,3.156,0.6286,PASSED
Asphärische Linsen,A280TM-B,19.298,19.2980,19.1967,-101.300,12.718,1.984,3.156,0.6286,PASSED
Asphärische Linsen,A280TM-C,19.298,19.2980,19.1967,-101.300,12.718,1.984,3.156,0.6286,PASSED
Asphärische Linsen,A375-A,8.668,8.6682,8.6149,-53.213,13.661,0.148,1.632,0.0905,PASSED
Asphärische Linsen,A375-B,8.668,8.6682,8.6149,-53.213,13.661,0.148,1.632,0.0905,PASSED
Asphärische Linsen,A375-C,8.668,8.6682,8.6149,-53.213,13.661,0.148,1.632,0.0905,PASSED
Asphärische Linsen,A375TM-A,8.668,8.6682,8.6149,-53.213,13.661,0.148,1.632,0.0905,PASSED
Asphärische Linsen,A375TM-B,8.668,8.6682,8.6149,-53.213,13.661,0.148,1.632,0.0905,PASSED
Asphärische Linsen,A375TM-C,8.668,8.6682,8.6149,-53.213,13.661,0.148,1.632,0.0905,PASSED
Asphärische Linsen,A390-A,6.079,6.0790,6.0461,-32.858,16.389,0.743,0.754,0.9862,PASSED
Asphärische Linsen,A390-B,6.079,6.0790,6.0461,-32.858,16.389,0.743,0.754,0.9862,PASSED
Asphärische Linsen,A390TM-A,6.079,6.0790,6.0461,-32.858,16.389,0.743,0.754,0.9862,PASSED
Asphärische Linsen,A390TM-B,6.079,6.0790,6.0461,-32.858,16.389,0.743,0.754,0.9862,PASSED
Asphärische Linsen,A397-A,11.925,11.9251,11.8419,-83.180,21.310,0.497,1.353,0.3676,PASSED
Asphärische Linsen,A397-B,11.925,11.9251,11.8419,-83.180,21.310,0.497,1.353,0.3676,PASSED
Asphärische Linsen,A397-C,11.925,11.9251,11.8419,-83.180,21.310,0.497,1.353,0.3676,PASSED
Asphärische Linsen,A397TM-A,11.925,11.9251,11.8419,-83.180,21.310,0.497,1.353,0.3676,PASSED
Asphärische Linsen,A397TM-B,11.925,11.9251,11.8419,-83.180,21.310,0.497,1.353,0.3676,PASSED
Asphärische Linsen,A397TM-C,11.925,11.9251,11.8419,-83.180,21.310,0.497,1.353,0.3676,PASSED
Achromate (Doublets/Triplets),AC020-004-A,7.219,7.2195,7.2220,2.530,1.588,1.515,1.583,0.9571,PASSED
Achromate (Doublets/Triplets),AC020-004-B,7.290,7.2896,7.2940,4.325,1.203,0.891,2.325,0.3832,PASSED
Achromate (Doublets/Triplets),AC020-004-C,6.817,6.8169,6.7962,-20.744,4.110,1.086,3.527,0.3079,PASSED
Achromate (Doublets/Triplets),AC050-008-A,9.641,9.6407,9.6516,10.899,3.577,2.240,1.188,1.8857,PASSED
Achromate (Doublets/Triplets),AC050-008-B,9.331,9.3307,9.3349,4.166,2.303,2.035,1.705,1.1935,PASSED
Achromate (Doublets/Triplets),AC050-008-C,9.180,9.1803,9.2071,26.715,8.323,4.691,2.672,1.7557,PASSED
Achromate (Doublets/Triplets),AC050-010-A,12.229,12.2288,12.2456,16.825,4.140,2.669,1.587,1.6819,PASSED
Achromate (Doublets/Triplets),AC050-010-B,11.798,11.7978,11.8021,4.324,1.389,1.126,2.308,0.4878,PASSED
Achromate (Doublets/Triplets),AC050-010-C,10.899,10.8991,10.9248,25.687,6.534,4.286,3.510,1.2209,PASSED
Achromate (Doublets/Triplets),AC050-015-A,18.313,18.3126,18.3096,-2.988,0.727,0.628,2.393,0.2622,PASSED
Achromate (Doublets/Triplets),AC050-015-B,17.023,17.0228,17.0175,-5.343,0.695,0.221,3.472,0.0635,PASSED
Achromate (Doublets/Triplets),AC050-015-C,14.909,14.9092,14.7401,-169.048,22.353,5.535,5.195,1.0655,PASSED
Achromate (Doublets/Triplets),AC060-010-A,11.813,11.8133,11.8517,38.455,11.066,6.703,1.317,5.0892,ATTENTION
Achromate (Doublets/Triplets),AC060-010-B,12.008,12.0079,12.0216,13.660,4.056,2.607,1.929,1.3516,PASSED
Achromate (Doublets/Triplets),AC060-010-C,13.349,13.3494,13.5214,172.007,52.719,37.084,3.157,11.7477,ATTENTION
Achromate (Doublets/Triplets),AC064-013-A,14.284,14.2840,14.2980,13.993,3.352,2.051,1.573,1.3038,PASSED
Achromate (Doublets/Triplets),AC064-013-B,14.569,14.5687,14.5739,5.159,1.651,1.337,2.312,0.5780,PASSED
Achromate (Doublets/Triplets),AC064-013-C,15.499,15.4990,15.5475,48.502,12.159,8.231,3.671,2.2424,PASSED
Achromate (Doublets/Triplets),AC064-015-A,16.969,16.9690,16.9804,11.400,2.666,1.965,1.875,1.0480,PASSED
Achromate (Doublets/Triplets),AC064-015-B,16.934,16.9340,16.9337,-0.282,0.662,0.660,2.735,0.2414,PASSED
Achromate (Doublets/Triplets),AC064-015-C,17.932,17.9320,17.9831,51.098,10.899,7.477,4.338,1.7236,PASSED
Achromate (Doublets/Triplets),AC080-010-A,13.056,13.0560,13.1120,56.012,20.961,11.715,0.999,11.7306,ATTENTION
Achromate (Doublets/Triplets),AC080-010-B,12.645,12.6454,12.7187,73.302,29.818,19.424,1.464,13.2666,ATTENTION
Achromate (Doublets/Triplets),AC080-010-C,12.557,12.5574,12.5917,34.276,29.803,27.831,2.263,12.2985,ATTENTION
Achromate (Doublets/Triplets),AC080-016-A,17.858,17.8576,17.8489,-8.648,2.863,2.356,1.586,1.4861,PASSED
Achromate (Doublets/Triplets),AC080-016-B,17.957,17.9567,17.9620,5.280,1.814,1.519,2.314,0.6566,PASSED
Achromate (Doublets/Triplets),AC080-016-C,17.012,17.0120,17.0529,40.849,10.426,6.870,3.510,1.9572,PASSED
Achromate (Doublets/Triplets),AC080-020-A,21.762,21.7624,21.7658,3.440,1.132,1.008,1.972,0.5110,PASSED
Achromate (Doublets/Triplets),AC080-020-B,21.769,21.7694,21.7682,-1.267,0.808,0.785,2.899,0.2710,PASSED
Achromate (Doublets/Triplets),AC080-020-C,20.244,20.2444,20.2814,37.003,8.209,5.945,4.364,1.3621,PASSED
Achromate (Doublets/Triplets),AC080-030-A,31.760,31.7603,31.7534,-6.916,0.726,0.250,2.977,0.0838,PASSED
Achromate (Doublets/Triplets),AC080-030-B,31.753,31.7528,31.6748,-78.012,7.697,0.113,4.329,0.0260,PASSED
Achromate (Doublets/Triplets),AC127-019-A,21.578,21.5780,21.6114,33.423,10.886,6.704,1.184,5.6600,ATTENTION
Achromate (Doublets/Triplets),AC127-019-AB,20.874,20.8737,20.6383,-235.315,79.128,47.098,1.355,34.7681,ATTENTION
Achromate (Doublets/Triplets),AC127-019-B,21.418,21.4183,21.4830,64.666,22.731,15.495,1.720,9.0075,ATTENTION
Achromate (Doublets/Triplets),AC127-019-C,21.820,21.8203,21.9309,110.641,36.193,22.619,2.697,8.3870,ATTENTION
Achromate (Doublets/Triplets),AC127-025-A,28.360,28.3603,28.3659,5.583,2.859,2.655,1.571,1.6899,PASSED
Achromate (Doublets/Triplets),AC127-025-AB,27.636,27.6356,27.4042,-231.399,51.165,25.477,1.870,13.6246,ATTENTION
Achromate (Doublets/Triplets),AC127-025-B,28.043,28.0430,28.0570,14.010,4.230,3.271,2.269,1.4417,PASSED
Achromate (Doublets/Triplets),AC127-025-C,26.397,26.3971,26.4555,58.364,15.033,9.808,3.455,2.8389,PASSED
Achromate (Doublets/Triplets),AC127-030-A,32.384,32.3843,32.4028,18.510,4.218,3.038,1.875,1.6200,PASSED
Achromate (Doublets/Triplets),AC127-030-AB,32.098,32.0981,31.9958,-102.271,16.336,2.924,2.267,1.2897,PASSED
Achromate (Doublets/Triplets),AC127-030-B,32.305,32.3053,32.3069,1.541,1.684,1.666,2.734,0.6094,PASSED
Achromate (Doublets/Triplets),AC127-030-C,30.647,30.6468,30.7007,53.856,12.435,8.862,4.131,2.1454,PASSED
Achromate (Doublets/Triplets),AC127-050-A,52.211,52.2109,52.1996,-11.282,1.092,0.270,3.129,0.0864,PASSED
Achromate (Doublets/Triplets),AC127-050-AB,52.683,52.6825,52.4541,-228.439,22.005,0.936,3.667,0.2553,PASSED
Achromate (Doublets/Triplets),AC127-050-B,51.171,51.1713,51.1135,-57.745,5.447,0.273,4.527,0.0602,PASSED
Achromate (Doublets/Triplets),AC127-050-C,48.941,48.9412,48.1931,-748.073,72.804,1.567,6.807,0.2303,PASSED
Achromate (Doublets/Triplets),AC127-075-A,76.890,76.8898,76.8691,-20.761,1.304,0.177,4.701,0.0376,PASSED
Achromate (Doublets/Triplets),AC127-075-AB,76.900,76.9001,76.5488,-351.271,21.856,0.643,5.657,0.1138,PASSED
Achromate (Doublets/Triplets),AC127-075-B,76.018,76.0176,75.9263,-91.351,5.707,0.278,6.818,0.0408,PASSED
Achromate (Doublets/Triplets),AC127-075-C,74.294,74.2938,73.0657,-1228.103,78.269,0.589,10.372,0.0567,PASSED
Achromate (Doublets/Triplets),AC254-030-A,35.688,35.6876,35.9663,278.744,110.418,59.203,0.936,63.2207,ATTENTION
Achromate (Doublets/Triplets),AC254-030-AB,35.811,35.8114,36.3537,542.293,210.326,105.396,0.644,163.6528,ATTENTION
Achromate (Doublets/Triplets),AC254-030-B,35.997,35.9974,36.3628,365.452,146.958,86.106,1.396,61.6927,ATTENTION
Achromate (Doublets/Triplets),AC254-030-C,36.621,36.6211,36.7958,174.691,114.507,99.082,2.158,45.9180,ATTENTION
Achromate (Doublets/Triplets),AC254-035-A,40.924,40.9240,41.0530,129.028,44.056,25.392,1.098,23.1202,ATTENTION
Achromate (Doublets/Triplets),AC254-035-B,40.060,40.0601,40.2710,210.931,76.935,49.627,1.602,30.9830,ATTENTION
Achromate (Doublets/Triplets),AC254-035-C,40.420,40.4203,40.3536,-66.781,53.631,50.210,2.463,20.3876,ATTENTION
Achromate (Doublets/Triplets),AC254-040-A,45.254,45.2539,45.3177,63.873,23.282,17.210,1.232,13.9637,ATTENTION
Achromate (Doublets/Triplets),AC254-040-B,45.100,45.0997,45.2079,108.141,37.494,26.779,1.816,14.7469,ATTENTION
Achromate (Doublets/Triplets),AC254-040-C,44.459,44.4587,44.6624,203.691,64.234,40.929,2.821,14.5096,ATTENTION
Achromate (Doublets/Triplets),AC254-045-A,48.912,48.9119,48.9260,14.051,6.644,5.928,1.406,4.2166,PASSED
Achromate (Doublets/Triplets),AC254-045-B,48.811,48.8112,48.8644,53.140,15.485,10.500,2.040,5.1468,ATTENTION
Achromate (Doublets/Triplets),AC254-045-C,47.899,47.8992,48.0663,167.129,47.487,30.507,3.117,9.7859,ATTENTION
Achromate (Doublets/Triplets),AC254-050-A,54.720,54.7202,54.7321,11.932,5.650,5.170,1.564,3.3057,PASSED
Achromate (Doublets/Triplets),AC254-050-AB,55.635,55.6352,55.3718,-263.465,54.952,21.106,1.864,11.3216,ATTENTION
Achromate (Doublets/Triplets),AC254-050-B,54.112,54.1119,54.1478,35.845,10.498,7.968,2.279,3.4968,PASSED
Achromate (Doublets/Triplets),AC254-050-C,51.741,51.7413,51.8555,114.258,28.790,17.988,3.426,5.2501,ATTENTION
Achromate (Doublets/Triplets),AC254-050-E,64.394,64.3936,64.2558,-137.747,22.897,0.112,12.160,0.0092,PASSED
Achromate (Doublets/Triplets),AC254-050-E3,64.869,64.8694,67.9674,3098.017,481.525,4.707,32.440,0.1451,PASSED
Achromate (Doublets/Triplets),AC254-060-A,64.657,64.6572,64.6438,-13.381,3.792,3.152,1.882,1.6752,PASSED
Achromate (Doublets/Triplets),AC254-060-B,63.399,63.3991,63.3952,-3.864,2.505,2.429,2.733,0.8888,PASSED
Achromate (Doublets/Triplets),AC254-060-C,60.466,60.4662,60.5939,127.675,29.354,20.728,4.108,5.0456,ATTENTION
Achromate (Doublets/Triplets),AC254-075-A,79.669,79.6694,79.6508,-18.565,3.321,2.363,2.345,1.0076,PASSED
Achromate (Doublets/Triplets),AC254-075-AB,80.677,80.6765,80.3324,-344.164,44.804,11.111,2.782,3.9932,PASSED
Achromate (Doublets/Triplets),AC254-075-B,76.445,76.4447,76.3688,-75.874,9.730,1.397,3.374,0.4140,PASSED
Achromate (Doublets/Triplets),AC254-075-C,74.468,74.4678,73.6027,-865.103,115.849,26.957,5.109,5.2763,ATTENTION
Achromate (Doublets/Triplets),AC254-075-E,90.390,90.3898,90.1794,-210.381,23.096,0.214,18.231,0.0117,PASSED
Achromate (Doublets/Triplets),AC254-075-E3,89.076,89.0763,94.8743,5798.004,595.667,12.873,48.696,0.2643,PASSED
Achromate (Doublets/Triplets),AC254-080-A,85.202,85.2020,85.1913,-10.716,2.128,1.716,2.508,0.6843,PASSED
Achromate (Doublets/Triplets),AC254-080-B,82.098,82.0980,82.0168,-81.174,9.744,1.685,3.617,0.4658,PASSED
Achromate (Doublets/Triplets),AC254-100-A,103.568,103.5680,103.5247,-43.311,4.893,2.740,3.135,0.8741,PASSED
Achromate (Doublets/Triplets),AC254-100-AB,106.817,106.8170,106.2485,-568.465,57.212,19.879,3.739,5.3165,ATTENTION
Achromate (Doublets/Triplets),AC254-100-B,102.591,102.5914,102.5493,-42.083,3.988,0.629,4.562,0.1379,PASSED
Achromate (Doublets/Triplets),AC254-100-C,98.592,98.5918,97.0880,-1503.821,145.839,3.999,6.832,0.5853,PASSED
Achromate (Doublets/Triplets),AC254-100-E,115.415,115.4150,115.1334,-281.633,23.110,0.207,24.308,0.0085,PASSED
Achromate (Doublets/Triplets),AC254-100-E3,115.231,115.2307,121.2308,6000.135,462.157,7.158,64.735,0.1106,PASSED
Achromate (Doublets/Triplets),AC254-125-A,128.801,128.8009,128.7539,-47.030,3.599,0.777,3.919,0.1982,PASSED
Achromate (Doublets/Triplets),AC254-125-B,127.453,127.4528,126.8283,-624.500,47.278,0.679,5.621,0.1208,PASSED
Achromate (Doublets/Triplets),AC254-125-C,123.335,123.3353,123.2233,-111.998,8.700,1.843,8.709,0.2116,PASSED
Achromate (Doublets/Triplets),AC254-150-A,154.052,154.0521,154.0008,-51.330,3.218,0.403,4.702,0.0858,PASSED
Achromate (Doublets/Triplets),AC254-150-AB,152.899,152.8988,152.1619,-736.925,46.901,7.678,5.546,1.3843,PASSED
Achromate (Doublets/Triplets),AC254-150-B,152.102,152.1015,152.0216,-79.906,5.153,1.230,6.793,0.1811,PASSED
Achromate (Doublets/Triplets),AC254-150-C,148.270,148.2699,145.5696,-2700.264,172.490,1.582,10.345,0.1529,PASSED
Achromate (Doublets/Triplets),AC254-200-A,200.455,200.4545,200.3859,-68.680,3.488,1.373,6.254,0.2196,PASSED
Achromate (Doublets/Triplets),AC254-200-AB,202.616,202.6159,201.6816,-934.229,44.095,4.325,7.407,0.5839,PASSED
Achromate (Doublets/Triplets),AC254-200-B,202.775,202.7748,202.2172,-557.604,26.090,1.582,9.100,0.1739,PASSED
Achromate (Doublets/Triplets),AC254-200-C,200.071,200.0708,199.8969,-173.886,8.513,2.513,14.127,0.1779,PASSED
Achromate (Doublets/Triplets),AC254-200-E,221.399,221.3986,220.8122,-586.410,24.778,6.484,48.776,0.1329,PASSED
Achromate (Doublets/Triplets),AC254-200-E3,215.619,215.6189,227.6809,12062.010,463.321,6.454,129.439,0.0499,PASSED
Achromate (Doublets/Triplets),AC254-250-A,252.821,252.8207,252.7485,-72.188,2.690,0.078,7.838,0.0100,PASSED
Achromate (Doublets/Triplets),AC254-250-B,242.944,242.9441,244.0809,1136.848,42.962,1.211,11.234,0.1078,PASSED
Achromate (Doublets/Triplets),AC254-250-C,242.233,242.2326,239.5979,-2634.727,100.663,2.419,17.276,0.1400,PASSED
Achromate (Doublets/Triplets),AC254-300-A,303.012,303.0117,302.9378,-73.819,2.298,0.199,9.412,0.0211,PASSED
Achromate (Doublets/Triplets),AC254-300-B,296.047,296.0467,297.4520,1405.320,43.557,1.604,13.703,0.1171,PASSED
Achromate (Doublets/Triplets),AC254-300-C,292.939,292.9391,289.6889,-3250.223,102.787,1.650,20.872,0.0791,PASSED
Achromate (Doublets/Triplets),AC254-400-A,402.083,402.0828,401.9843,-98.460,2.297,0.092,12.519,0.0074,PASSED
Achromate (Doublets/Triplets),AC254-400-B,396.378,396.3775,398.1645,1786.986,41.467,0.322,18.292,0.0176,PASSED
Achromate (Doublets/Triplets),AC254-400-C,393.484,393.4842,389.0745,-4409.758,104.161,0.596,27.946,0.0213,PASSED
Achromate (Doublets/Triplets),AC254-500-A,506.165,506.1654,505.9648,-200.659,3.726,0.279,15.759,0.0177,PASSED
Achromate (Doublets/Triplets),AC254-500-B,486.697,486.6974,495.1332,8435.773,154.942,4.321,23.115,0.1870,PASSED
Achromate (Doublets/Triplets),AC254-500-C,492.520,492.5198,487.0496,-5470.131,103.661,0.538,34.840,0.0154,PASSED
Achromate (Doublets/Triplets),AC300-050-A,54.429,54.4287,54.4643,35.631,12.264,9.189,1.322,6.9506,ATTENTION
Achromate (Doublets/Triplets),AC300-050-B,54.199,54.1986,54.2996,100.915,35.250,26.574,1.911,13.9056,ATTENTION
Achromate (Doublets/Triplets),AC300-050-C,56.627,56.6274,56.4084,-218.991,73.551,54.543,3.039,17.9506,ATTENTION
Achromate (Doublets/Triplets),AC300-080-A,84.677,84.6771,84.6307,-46.404,8.219,5.077,2.120,2.3941,PASSED
Achromate (Doublets/Triplets),AC300-080-B,83.803,83.8027,83.8081,5.439,5.325,5.271,3.088,1.7070,PASSED
Achromate (Doublets/Triplets),AC300-080-C,79.681,79.6812,78.7519,-929.308,135.629,14.384,4.591,3.1333,PASSED
Achromate (Doublets/Triplets),AC300-100-A,103.229,103.2291,103.1646,-64.555,8.900,5.289,2.652,1.9947,PASSED
Achromate (Doublets/Triplets),AC300-100-B,102.015,102.0149,101.9098,-105.064,11.830,1.563,3.829,0.4081,PASSED
Achromate (Doublets/Triplets),AC300-100-C,98.637,98.6371,97.2647,-1372.389,158.478,9.449,5.756,1.6416,PASSED
Achromate (Doublets/Triplets),AC508-075-A,83.871,83.8713,83.9524,81.151,31.932,23.812,1.161,20.5081,ATTENTION
Achromate (Doublets/Triplets),AC508-075-B,79.295,79.2950,78.2938,-1001.188,451.348,357.816,1.606,222.7409,ATTENTION
Achromate (Doublets/Triplets),AC508-075-C,84.135,84.1349,83.8845,-250.485,112.894,92.190,2.652,34.7575,ATTENTION
Achromate (Doublets/Triplets),AC508-080-A,87.325,87.3253,87.4350,109.659,34.829,22.518,1.249,18.0245,ATTENTION
Achromate (Doublets/Triplets),AC508-080-AB,84.749,84.7485,83.4728,-1275.701,452.713,319.337,1.115,286.4322,ATTENTION
Achromate (Doublets/Triplets),AC508-080-B,87.070,87.0697,87.2849,215.245,74.510,53.208,1.818,29.2683,ATTENTION
Achromate (Doublets/Triplets),AC508-080-C,86.994,86.9944,86.5732,-421.215,120.325,60.684,2.779,21.8387,ATTENTION
Achromate (Doublets/Triplets),AC508-100-A,108.509,108.5087,108.5317,23.039,11.531,10.658,1.563,6.8189,ATTENTION
Achromate (Doublets/Triplets),AC508-100-B,106.180,106.1803,106.2231,42.736,13.615,10.895,2.273,4.7925,PASSED
Achromate (Doublets/Triplets),AC508-100-C,102.278,102.2781,101.6058,-672.221,152.276,72.042,3.381,21.3054,ATTENTION
Achromate (Doublets/Triplets),AC508-150-A,155.134,155.1344,155.0880,-46.330,7.681,4.943,2.322,2.1293,PASSED
Achromate (Doublets/Triplets),AC508-150-B,157.520,157.5196,157.2341,-285.497,57.474,45.101,3.433,13.1369,ATTENTION
Achromate (Doublets/Triplets),AC508-150-C,137.617,137.6167,137.9138,297.071,58.588,42.619,4.890,8.7148,ATTENTION
Achromate (Doublets/Triplets),AC508-180-A,191.606,191.6061,191.5662,-39.960,4.537,1.806,2.821,0.6402,PASSED
Achromate (Doublets/Triplets),AC508-180-AB,186.595,186.5954,185.5599,-1035.564,116.428,41.937,3.335,12.5751,ATTENTION
Achromate (Doublets/Triplets),AC508-300-AB,303.239,303.2393,301.8290,-1410.253,89.965,16.054,5.547,2.8939,PASSED
Achromate (Doublets/Triplets),AC508-400-AB,402.423,402.4226,400.5262,-1896.344,89.549,8.772,7.402,1.1850,PASSED
Achromate (Doublets/Triplets),AC508-500-AB,502.299,502.2989,500.0194,-2279.476,85.750,5.636,9.264,0.6083,PASSED
Achromate (Doublets/Triplets),AC508-600-AB,612.151,612.1514,609.6074,-2544.034,79.562,2.603,6.357,0.4095,PASSED
Achromate (Doublets/Triplets),ACA254-030-1064,36.030,36.0297,36.1163,86.589,23.307,6.497,2.126,3.0556,PASSED
Achromate (Doublets/Triplets),ACA254-030-532,36.195,36.1946,36.2189,24.280,7.604,4.406,1.078,4.0880,PASSED
Achromate (Doublets/Triplets),ACA254-030-A,38.892,38.8915,38.9170,25.496,11.179,8.546,1.088,7.8520,ATTENTION
Achromate (Doublets/Triplets),ACA254-030-B,41.978,41.9784,41.9050,-73.473,22.634,8.487,1.567,5.4166,ATTENTION
Achromate (Doublets/Triplets),ACA254-050-1064,52.284,52.2840,52.3774,93.426,13.726,0.105,3.652,0.0288,PASSED
Achromate (Doublets/Triplets),ACA254-050-532,53.894,53.8937,53.8974,3.744,1.046,0.885,1.796,0.4927,PASSED
Achromate (Doublets/Triplets),ACA254-050-A,57.048,57.0482,56.9863,-61.915,10.269,1.211,1.804,0.6709,PASSED
Achromate (Doublets/Triplets),ACA254-050-B,59.482,59.4815,59.2605,-221.074,37.293,2.267,2.562,0.8846,PASSED
Achromate (Doublets/Triplets),ACA254-060-1064,63.277,63.2772,63.4789,201.685,24.868,0.864,4.327,0.1996,PASSED
Achromate (Doublets/Triplets),ACA254-060-532,62.983,62.9834,62.7688,-214.588,26.438,0.523,2.166,0.2414,PASSED
Achromate (Doublets/Triplets),ACA254-060-A,67.089,67.0890,67.0864,-2.691,1.341,1.290,2.158,0.5977,PASSED
Achromate (Doublets/Triplets),ACA254-060-B,70.198,70.1981,69.8635,-334.519,46.701,7.045,3.112,2.2634,PASSED
Achromate (Doublets/Triplets),ACA254-075-1064,77.352,77.3518,77.1152,-236.526,23.403,0.736,5.373,0.1370,PASSED
Achromate (Doublets/Triplets),ACA254-075-532,79.576,79.5756,79.4924,-83.236,8.227,0.636,2.696,0.2359,PASSED
Achromate (Doublets/Triplets),ACA254-075-A,82.424,82.4237,82.4019,-21.845,2.469,0.630,2.691,0.2343,PASSED
Achromate (Doublets/Triplets),ACA254-075-B,84.922,84.9216,84.5980,-323.576,35.597,0.906,3.889,0.2329,PASSED
Achromate (Doublets/Triplets),ACA254-075-D,96.168,96.1677,96.2256,57.944,7.873,4.615,10.451,0.4416,PASSED
Achromate (Doublets/Triplets),ACA254-100-1064,103.518,103.5181,103.1965,-321.620,23.765,0.217,7.173,0.0302,PASSED
Achromate (Doublets/Triplets),ACA254-100-532,102.695,102.6948,102.6955,0.657,0.179,0.173,3.595,0.0480,PASSED
Achromate (Doublets/Triplets),ACA254-100-A,105.006,105.0062,104.9525,-53.653,4.876,2.084,3.563,0.5850,PASSED
Achromate (Doublets/Triplets),ACA254-100-B,111.724,111.7238,111.3061,-417.729,34.352,0.804,5.185,0.1551,PASSED
Achromate (Doublets/Triplets),ACA254-100-D,120.403,120.4027,120.5140,111.235,9.565,2.953,14.024,0.2106,PASSED
Achromate (Doublets/Triplets),ACA254-100-UV,102.840,102.8396,102.9509,111.292,13.318,10.664,1.961,5.4370,ATTENTION
Achromate (Doublets/Triplets),ACA254-150-1064,151.820,151.8199,151.3306,-489.269,24.057,0.078,10.757,0.0073,PASSED
Achromate (Doublets/Triplets),ACA254-150-532,152.522,152.5221,152.5191,-3.028,0.151,0.027,5.403,0.0049,PASSED
Achromate (Doublets/Triplets),ACA254-150-A,155.076,155.0762,154.9936,-82.627,4.724,1.467,5.379,0.2728,PASSED
Achromate (Doublets/Triplets),ACA254-150-B,161.677,161.6769,161.0181,-658.776,36.000,0.444,7.782,0.0571,PASSED
Achromate (Doublets/Triplets),ACA254-150-D,168.067,168.0675,168.1618,94.333,5.500,1.992,21.057,0.0946,PASSED
Achromate (Doublets/Triplets),ACA254-150-UV,150.435,150.4354,150.9746,539.294,26.437,2.972,2.883,1.0309,PASSED
Achromate (Doublets/Triplets),ACA254-200-1064,203.393,203.3934,202.7395,-653.903,24.063,0.024,14.367,0.0017,PASSED
Achromate (Doublets/Triplets),ACA254-200-532,203.797,203.7973,203.7933,-4.045,0.150,0.025,7.220,0.0034,PASSED
Achromate (Doublets/Triplets),ACA254-200-A,205.397,205.3969,205.1882,-208.660,9.524,4.329,7.185,0.6025,PASSED
Achromate (Doublets/Triplets),ACA254-200-B,211.743,211.7433,210.8574,-885.950,36.271,0.649,10.381,0.0625,PASSED
Achromate (Doublets/Triplets),ACA254-200-D,217.488,217.4884,217.2983,-190.170,10.510,7.078,27.969,0.2531,PASSED
Achromate (Doublets/Triplets),ACA254-200-UV,201.792,201.7919,202.4960,704.092,25.907,3.874,3.860,1.0035,PASSED
Achromate (Doublets/Triplets),ACA254-300-D,316.379,316.3793,316.0439,-335.415,12.103,7.943,41.941,0.1894,PASSED
Achromate (Doublets/Triplets),ACL108U-A,15.001,15.0007,15.2657,265.028,90.688,1.894,1.031,1.8364,PASSED
Achromate (Doublets/Triplets),ACL108U-B,15.001,15.0007,15.2657,265.028,90.688,1.894,1.031,1.8364,PASSED
Achromate (Doublets/Triplets),ACL108U,15.001,15.0007,15.2657,265.028,90.688,1.894,1.031,1.8364,PASSED
Achromate (Doublets/Triplets),ACL1210U-A,17.525,17.5245,17.8956,371.028,113.097,0.894,1.143,0.7827,PASSED
Achromate (Doublets/Triplets),ACL1210U-B,17.525,17.5245,17.8956,371.028,113.097,0.894,1.143,0.7827,PASSED
Achromate (Doublets/Triplets),ACL1210U,17.525,17.5245,17.8956,371.028,113.097,0.894,1.143,0.7827,PASSED
Achromate (Doublets/Triplets),ACL12708U-A,11.222,11.2215,11.4841,262.605,120.199,0.118,0.810,0.1454,PASSED
Achromate (Doublets/Triplets),ACL12708U-B,11.222,11.2215,11.4841,262.605,120.199,0.118,0.810,0.1454,PASSED
Achromate (Doublets/Triplets),ACL12708U,11.222,11.2215,11.4841,262.605,120.199,0.118,0.810,0.1454,PASSED
Achromate (Doublets/Triplets),ACL1512U-A,19.784,19.7845,20.1678,383.374,130.915,2.544,1.033,2.4622,PASSED
Achromate (Doublets/Triplets),ACL1512U-B,19.784,19.7845,20.1678,383.374,130.915,2.544,1.033,2.4622,PASSED
Achromate (Doublets/Triplets),ACL1512U,19.784,19.7845,20.1678,383.374,130.915,2.544,1.033,2.4622,PASSED
Achromate (Doublets/Triplets),ACL1815U-A,22.762,22.7616,23.5098,748.175,239.529,3.624,1.015,3.5720,PASSED
Achromate (Doublets/Triplets),ACL1815U-B,22.810,22.8097,23.5135,703.851,225.284,3.870,1.094,3.5363,PASSED
Achromate (Doublets/Triplets),ACL1815U,22.762,22.7616,23.5098,748.175,239.529,3.624,1.094,3.3124,PASSED
Achromate (Doublets/Triplets),ACL2018U-A,25.806,25.8060,26.5259,719.840,331.926,10.251,0.768,13.3508,ATTENTION
Achromate (Doublets/Triplets),ACL2018U-B,25.806,25.8060,26.5259,719.840,331.926,10.251,0.768,13.3508,ATTENTION
Achromate (Doublets/Triplets),ACL2018U,25.806,25.8060,26.5259,719.840,331.926,10.251,0.768,13.3508,ATTENTION
Achromate (Doublets/Triplets),ACL2520U-A,29.158,29.1584,29.8512,692.831,235.873,3.087,1.036,2.9801,PASSED
Achromate (Doublets/Triplets),ACL2520U-B,29.158,29.1584,29.8512,692.831,235.873,3.087,1.036,2.9801,PASSED
Achromate (Doublets/Triplets),ACL2520U,29.158,29.1584,29.8512,692.831,235.873,3.087,1.036,2.9801,PASSED
Achromate (Doublets/Triplets),ACL25416U-A,21.292,21.2918,21.8192,527.445,246.062,0.481,0.797,0.6037,PASSED
Achromate (Doublets/Triplets),ACL25416U-B,21.292,21.2918,21.8192,527.445,246.062,0.481,0.797,0.6037,PASSED
Achromate (Doublets/Triplets),ACL25416U,21.292,21.2918,21.8192,527.445,246.062,0.481,0.797,0.6037,PASSED
Achromate (Doublets/Triplets),ACL3026U-A,35.044,35.0437,36.0256,981.876,303.150,1.682,1.130,1.4889,PASSED
Achromate (Doublets/Triplets),ACL3026U-B,35.044,35.0437,36.0256,981.876,303.150,1.682,1.130,1.4889,PASSED
Achromate (Doublets/Triplets),ACL3026U,35.044,35.0437,36.0256,981.876,303.150,1.682,1.130,1.4889,PASSED
Achromate (Doublets/Triplets),ACL4532U-A,45.748,45.7480,47.3913,1643.317,611.937,143.699,0.987,145.6030,ATTENTION
Achromate (Doublets/Triplets),ACL4532U-B,45.748,45.7480,47.3913,1643.317,611.937,143.699,0.987,145.6030,ATTENTION
Achromate (Doublets/Triplets),ACL4532U,45.748,45.7480,47.3913,1643.317,611.937,143.699,0.987,145.6030,ATTENTION
Achromate (Doublets/Triplets),ACL5040U-A,52.263,52.2633,53.6921,1428.867,485.524,6.651,1.038,6.4079,ATTENTION
Achromate (Doublets/Triplets),ACL5040U-B,52.263,52.2633,53.6921,1428.867,485.524,6.651,1.038,6.4079,ATTENTION
Achromate (Doublets/Triplets),ACL5040U,52.263,52.2633,53.6921,1428.867,485.524,6.651,1.038,6.4079,ATTENTION
Achromate (Doublets/Triplets),ACL50832U-A,42.069,42.0694,43.2003,1130.872,515.589,1.062,0.813,1.3073,PASSED
Achromate (Doublets/Triplets),ACL50832U-B,42.069,42.0694,43.2003,1130.872,515.589,1.062,0.813,1.3073,PASSED
Achromate (Doublets/Triplets),ACL50832U,42.069,42.0694,43.2003,1130.872,515.589,1.062,0.813,1.3073,PASSED
Achromate (Doublets/Triplets),ACL7560U-A,74.951,74.9514,77.6000,2648.574,899.249,51.095,1.040,49.1525,ATTENTION
Achromate (Doublets/Triplets),ACL7560U-B,74.951,74.9514,77.6000,2648.574,899.249,51.095,1.040,49.1525,ATTENTION
Achromate (Doublets/Triplets),ACL7560U,74.951,74.9514,77.6000,2648.574,899.249,51.095,1.040,49.1525,ATTENTION
Achromate (Doublets/Triplets),ACT508-1000-A,1008.429,1008.4286,1008.1125,-316.101,5.883,0.055,15.692,0.0035,PASSED
Achromate (Doublets/Triplets),ACT508-1000-B,1003.352,1003.3525,999.7481,-3604.382,67.321,0.197,22.733,0.0086,PASSED
Achromate (Doublets/Triplets),ACT508-1000-C,1004.814,1004.8144,997.8863,-6928.108,129.787,0.428,35.257,0.0122,PASSED
Achromate (Doublets/Triplets),ACT508-200-A,207.228,207.2275,207.1743,-53.233,5.121,1.130,3.128,0.3612,PASSED
Achromate (Doublets/Triplets),ACT508-200-B,206.386,206.3862,205.5940,-792.232,74.549,2.409,4.538,0.5308,PASSED
Achromate (Doublets/Triplets),ACT508-200-C,201.598,201.5984,201.5291,-69.261,7.045,2.614,7.021,0.3723,PASSED
Achromate (Doublets/Triplets),ACT508-250-A,256.677,256.6774,256.5919,-85.486,6.473,0.984,3.914,0.2514,PASSED
Achromate (Doublets/Triplets),ACT508-250-B,255.934,255.9337,254.9948,-938.897,70.504,0.306,5.672,0.0539,PASSED
Achromate (Doublets/Triplets),ACT508-250-C,250.795,250.7948,250.6629,-131.921,9.958,0.872,8.804,0.0991,PASSED
Achromate (Doublets/Triplets),ACT508-300-A,306.747,306.7470,306.6381,-108.938,6.819,0.692,4.699,0.1473,PASSED
Achromate (Doublets/Triplets),ACT508-300-B,305.492,305.4917,304.3316,-1160.171,72.516,0.604,6.807,0.0887,PASSED
Achromate (Doublets/Triplets),ACT508-300-C,306.129,306.1292,306.1091,-20.182,4.789,4.622,10.654,0.4339,PASSED
Achromate (Doublets/Triplets),ACT508-400-A,410.646,410.6457,410.5288,-116.867,5.455,0.398,6.281,0.0634,PASSED
Achromate (Doublets/Triplets),ACT508-400-B,403.782,403.7819,402.3480,-1433.974,67.116,0.163,9.081,0.0180,PASSED
Achromate (Doublets/Triplets),ACT508-400-C,406.035,406.0347,403.1022,-2932.487,137.575,0.811,14.095,0.0576,PASSED
Achromate (Doublets/Triplets),ACT508-500-A,508.304,508.3038,508.1408,-162.965,6.072,0.247,7.849,0.0314,PASSED
Achromate (Doublets/Triplets),ACT508-500-B,503.239,503.2394,501.4276,-1811.802,67.779,0.459,11.356,0.0404,PASSED
Achromate (Doublets/Triplets),ACT508-500-C,506.025,506.0247,502.4558,-3568.885,133.855,1.118,17.622,0.0635,PASSED
Achromate (Doublets/Triplets),ACT508-750-A,755.871,755.8714,755.6332,-238.156,5.912,0.088,11.765,0.0075,PASSED
Achromate (Doublets/Triplets),ACT508-750-B,753.978,753.9784,751.3074,-2671.023,66.525,0.965,17.053,0.0566,PASSED
Achromate (Doublets/Triplets),ACT508-750-C,755.999,755.9995,751.0185,-4981.008,124.430,1.019,26.444,0.0385,PASSED
Achromate (Doublets/Triplets),ACY254-050-A,55.937,55.9375,55.9878,50.280,14.064,10.974,1.701,6.4522,ATTENTION
Achromate (Doublets/Triplets),ACY254-050-B,55.536,55.5363,55.4847,-51.536,21.982,20.006,2.448,8.1724,ATTENTION
Achromate (Doublets/Triplets),ACY254-075-A,80.368,80.3683,80.3894,21.062,4.751,4.084,2.553,1.5994,PASSED
Achromate (Doublets/Triplets),ACY254-075-B,78.384,78.3839,78.0647,-319.252,37.752,5.189,3.650,1.4217,PASSED
Achromate (Doublets/Triplets),ACY254-100-A,104.252,104.2525,104.2364,-16.119,1.525,0.628,3.400,0.1848,PASSED
Achromate (Doublets/Triplets),ACY254-100-B,104.285,104.2854,103.8067,-478.663,41.611,0.758,4.903,0.1546,PASSED
Achromate (Doublets/Triplets),ACY254-150-A,158.142,158.1422,158.1333,-8.910,0.537,0.171,5.119,0.0333,PASSED
Achromate (Doublets/Triplets),ACY254-150-B,154.749,154.7494,154.0068,-742.596,42.769,0.106,7.383,0.0144,PASSED
Achromate (Doublets/Triplets),ACY254-200-A,207.926,207.9257,207.9207,-4.981,0.218,0.044,6.822,0.0064,PASSED
Achromate (Doublets/Triplets),ACY254-200-B,204.616,204.6162,203.6259,-990.309,42.680,0.097,9.859,0.0098,PASSED
Achromate (Doublets/Triplets),ACY254-250-A,258.236,258.2363,258.2333,-2.954,0.102,0.016,8.527,0.0019,PASSED
Achromate (Doublets/Triplets),ACY254-250-B,255.382,255.3820,254.1668,-1215.204,41.847,0.732,12.338,0.0594,PASSED
Asphärische Linsen,AL100100-A,112.181,112.1809,112.1196,-61.297,26.628,0.336,0.992,0.3390,PASSED
Asphärische Linsen,AL100100-B,112.181,112.1809,112.1196,-61.297,26.628,0.336,0.992,0.3390,PASSED
Asphärische Linsen,AL100100-C,112.181,112.1809,112.1196,-61.297,26.628,0.336,0.992,0.3390,PASSED
Asphärische Linsen,AL100100,112.181,112.1809,112.1196,-61.297,26.628,0.336,0.992,0.3390,PASSED
Asphärische Linsen,AL100200-A,206.434,206.4336,206.3056,-128.003,24.730,0.053,2.050,0.0258,PASSED
Asphärische Linsen,AL100200-B,206.434,206.4336,206.3056,-128.003,24.730,0.053,2.050,0.0258,PASSED
Asphärische Linsen,AL100200-C,206.434,206.4336,206.3056,-128.003,24.730,0.053,2.050,0.0258,PASSED
Asphärische Linsen,AL100200,206.434,206.4336,206.3056,-128.003,24.730,0.053,2.050,0.0258,PASSED
Asphärische Linsen,AL100200G-A,206.496,206.4963,206.4917,-4.639,0.823,0.009,1.517,0.0061,PASSED
Asphärische Linsen,AL100200G,206.496,206.4963,206.4917,-4.639,0.823,0.009,1.517,0.0061,PASSED
Asphärische Linsen,AL100200H-B,206.434,206.4336,206.3056,-128.003,24.730,0.053,2.050,0.0258,PASSED
Asphärische Linsen,AL100200H,206.434,206.4336,206.3056,-128.003,24.730,0.053,2.050,0.0258,PASSED
Asphärische Linsen,AL108-A,9.608,9.6084,9.6029,-5.504,3.651,2.260,0.870,2.5982,PASSED
Asphärische Linsen,AL108-B,9.608,9.6084,9.6029,-5.504,3.651,2.260,0.870,2.5982,PASSED
Asphärische Linsen,AL108-C,9.608,9.6084,9.6029,-5.504,3.651,2.260,0.870,2.5982,PASSED
Asphärische Linsen,AL108,9.608,9.6084,9.6029,-5.504,3.651,2.260,0.870,2.5982,PASSED
Asphärische Linsen,AL1210-A,11.860,11.8598,11.8595,-0.264,0.137,0.007,0.874,0.0077,PASSED
Asphärische Linsen,AL1210-B,11.860,11.8598,11.8595,-0.264,0.137,0.007,0.874,0.0077,PASSED
Asphärische Linsen,AL1210-C,11.860,11.8598,11.8595,-0.264,0.137,0.007,0.874,0.0077,PASSED
Asphärische Linsen,AL1210,11.860,11.8598,11.8595,-0.264,0.137,0.007,0.874,0.0077,PASSED
Asphärische Linsen,AL1225-A,26.354,26.3539,26.3382,-15.730,2.971,0.004,2.095,0.0021,PASSED
Asphärische Linsen,AL1225-B,26.354,26.3539,26.3382,-15.730,2.971,0.004,2.095,0.0021,PASSED
Asphärische Linsen,AL1225-C,26.354,26.3539,26.3382,-15.730,2.971,0.004,2.095,0.0021,PASSED
Asphärische Linsen,AL1225,26.354,26.3539,26.3382,-15.730,2.971,0.004,2.095,0.0021,PASSED
Asphärische Linsen,AL1225G-A,26.299,26.2991,26.2986,-0.577,0.103,0.000,1.516,0.0001,PASSED
Asphärische Linsen,AL1225G,26.299,26.2991,26.2986,-0.577,0.103,0.000,1.516,0.0001,PASSED
Asphärische Linsen,AL1225H-B,26.354,26.3539,26.3382,-15.720,2.794,0.003,2.220,0.0016,PASSED
Asphärische Linsen,AL1225H,26.354,26.3539,26.3382,-15.720,2.794,0.003,2.220,0.0016,PASSED
Asphärische Linsen,AL1225J-C,26.407,26.4067,26.2421,-164.538,29.454,0.029,3.704,0.0079,PASSED
Asphärische Linsen,AL1225J,26.407,26.4067,26.2421,-164.538,29.454,0.029,3.704,0.0079,PASSED
Asphärische Linsen,AL1512-A,14.305,14.3053,14.3049,-0.315,0.164,0.008,0.872,0.0092,PASSED
Asphärische Linsen,AL1512-B,14.305,14.3053,14.3049,-0.315,0.164,0.008,0.872,0.0092,PASSED
Asphärische Linsen,AL1512-C,14.305,14.3053,14.3049,-0.315,0.164,0.008,0.872,0.0092,PASSED
Asphärische Linsen,AL1512,14.305,14.3053,14.3049,-0.315,0.164,0.008,0.872,0.0092,PASSED
Asphärische Linsen,AL1815-A,17.707,17.7067,17.7063,-0.394,0.199,0.009,0.892,0.0104,PASSED
Asphärische Linsen,AL1815-B,17.707,17.7067,17.7063,-0.394,0.199,0.009,0.892,0.0104,PASSED
Asphärische Linsen,AL1815-C,17.707,17.7067,17.7063,-0.394,0.199,0.009,0.892,0.0104,PASSED
Asphärische Linsen,AL1815,17.707,17.7067,17.7063,-0.394,0.199,0.009,0.892,0.0104,PASSED
Asphärische Linsen,AL2018-A,21.099,21.0994,21.0989,-0.461,0.207,0.008,0.975,0.0079,PASSED
Asphärische Linsen,AL2018-B,21.099,21.0994,21.0989,-0.461,0.207,0.008,0.975,0.0079,PASSED
Asphärische Linsen,AL2018-C,21.099,21.0994,21.0989,-0.461,0.207,0.008,0.975,0.0079,PASSED
Asphärische Linsen,AL2018,21.099,21.0994,21.0989,-0.461,0.207,0.008,0.975,0.0079,PASSED
Asphärische Linsen,AL2520-A,23.326,23.3260,23.3255,-0.538,0.278,0.014,0.876,0.0160,PASSED
Asphärische Linsen,AL2520-B,23.326,23.3260,23.3255,-0.538,0.278,0.014,0.876,0.0160,PASSED
Asphärische Linsen,AL2520-C,23.326,23.3260,23.3255,-0.538,0.278,0.014,0.876,0.0160,PASSED
Asphärische Linsen,AL2520,23.326,23.3260,23.3255,-0.538,0.278,0.014,0.876,0.0160,PASSED
Asphärische Linsen,AL2520G-A,23.364,23.3640,23.3633,-0.680,0.327,0.018,0.631,0.0291,PASSED
Asphärische Linsen,AL2520G,23.363,23.3634,23.3633,-0.117,0.059,0.018,0.631,0.0291,PASSED
Asphärische Linsen,AL2520H-B,23.326,23.3260,23.3255,-0.538,0.278,0.014,0.876,0.0160,PASSED
Asphärische Linsen,AL2520H,23.326,23.3260,23.3255,-0.538,0.278,0.014,0.876,0.0160,PASSED
Asphärische Linsen,AL2550-A,52.031,52.0312,51.9994,-31.796,6.144,0.012,2.050,0.0058,PASSED
Asphärische Linsen,AL2550-B,52.031,52.0312,51.9994,-31.796,6.144,0.012,2.050,0.0058,PASSED
Asphärische Linsen,AL2550-C,52.031,52.0312,51.9994,-31.796,6.144,0.012,2.050,0.0058,PASSED
Asphärische Linsen,AL2550,52.031,52.0312,51.9994,-31.796,6.144,0.012,2.050,0.0058,PASSED
Asphärische Linsen,AL2550G-A,51.983,51.9830,51.9819,-1.162,0.206,0.003,1.517,0.0022,PASSED
Asphärische Linsen,AL2550G,51.983,51.9830,51.9819,-1.162,0.206,0.003,1.517,0.0022,PASSED
Asphärische Linsen,AL2550H-B,52.031,52.0312,51.9995,-31.762,5.644,0.009,2.221,0.0039,PASSED
Asphärische Linsen,AL2550H,52.031,52.0312,51.9995,-31.762,5.644,0.009,2.221,0.0039,PASSED
Asphärische Linsen,AL2550J-C,52.077,52.0765,51.7437,-332.794,59.553,0.078,3.705,0.0210,PASSED
Asphärische Linsen,AL2550J,52.077,52.0765,51.7437,-332.794,59.553,0.078,3.705,0.0210,PASSED
Asphärische Linsen,AL3026-A,30.221,30.2207,30.2200,-0.689,0.338,0.015,0.912,0.0168,PASSED
Asphärische Linsen,AL3026-B,30.221,30.2207,30.2200,-0.689,0.338,0.015,0.912,0.0168,PASSED
Asphärische Linsen,AL3026-C,30.221,30.2207,30.2200,-0.689,0.338,0.015,0.912,0.0168,PASSED
Asphärische Linsen,AL3026,30.221,30.2207,30.2200,-0.689,0.338,0.015,0.912,0.0168,PASSED
Asphärische Linsen,AL4532-A,38.077,38.0773,38.0764,-0.900,0.554,0.038,0.778,0.0487,PASSED
Asphärische Linsen,AL4532-B,38.077,38.0773,38.0764,-0.900,0.554,0.038,0.778,0.0487,PASSED
Asphärische Linsen,AL4532-C,38.077,38.0773,38.0764,-0.900,0.554,0.038,0.778,0.0487,PASSED
Asphärische Linsen,AL4532,38.077,38.0773,38.0764,-0.900,0.554,0.038,0.778,0.0487,PASSED
Asphärische Linsen,AL50100-A,103.386,103.3859,103.3220,-63.944,12.641,0.028,2.006,0.0141,PASSED
Asphärische Linsen,AL50100-B,103.386,103.3859,103.3220,-63.944,12.641,0.028,2.006,0.0141,PASSED
Asphärische Linsen,AL50100-C,103.386,103.3859,103.3220,-63.944,12.641,0.028,2.006,0.0141,PASSED
Asphärische Linsen,AL50100,103.386,103.3859,103.3220,-63.944,12.641,0.028,2.006,0.0141,PASSED
Asphärische Linsen,AL50100G-A,103.350,103.3504,103.3481,-2.342,0.416,0.001,1.517,0.0005,PASSED
Asphärische Linsen,AL50100G,103.350,103.3504,103.3481,-2.342,0.416,0.001,1.517,0.0005,PASSED
Asphärische Linsen,AL50100H-B,103.386,103.3859,103.3221,-63.845,11.344,0.019,2.221,0.0085,PASSED
Asphärische Linsen,AL50100H,103.386,103.3859,103.3221,-63.845,11.344,0.019,2.221,0.0085,PASSED
Asphärische Linsen,AL50100J-C,103.416,103.4162,102.7469,-669.306,119.751,0.175,3.706,0.0473,PASSED
Asphärische Linsen,AL50100J,103.416,103.4162,102.7469,-669.306,119.751,0.175,3.706,0.0473,PASSED
Asphärische Linsen,AL5040-A,46.777,46.7768,46.7757,-1.083,0.576,0.031,0.858,0.0357,PASSED
Asphärische Linsen,AL5040-B,46.777,46.7768,46.7757,-1.083,0.576,0.031,0.858,0.0357,PASSED
Asphärische Linsen,AL5040-C,46.777,46.7768,46.7757,-1.083,0.576,0.031,0.858,0.0357,PASSED
Asphärische Linsen,AL5040,46.777,46.7768,46.7757,-1.083,0.576,0.031,0.858,0.0357,PASSED
Asphärische Linsen,AL5040G-A,46.725,46.7251,46.7239,-1.284,0.617,0.031,0.631,0.0494,PASSED
Asphärische Linsen,AL5040G,46.725,46.7251,46.7239,-1.284,0.617,0.031,0.631,0.0494,PASSED
Asphärische Linsen,AL5040H-B,46.777,46.7768,46.7757,-1.083,0.576,0.031,0.858,0.0357,PASSED
Asphärische Linsen,AL5040H,46.777,46.7768,46.7757,-1.083,0.576,0.031,0.858,0.0357,PASSED
Asphärische Linsen,AL72512-E1,16.882,16.8820,17.7463,864.306,669.793,92.217,3.534,26.0975,ATTENTION
Asphärische Linsen,AL72512-E3,16.383,16.3830,16.8862,503.265,400.379,51.631,9.222,5.5988,ATTENTION
Asphärische Linsen,AL72525-E1,28.550,28.5495,29.7804,1230.891,448.613,18.238,5.956,3.0619,PASSED
Asphärische Linsen,AL72525-E3,28.526,28.5264,29.2450,718.543,267.667,11.322,15.494,0.7308,PASSED
Asphärische Linsen,AL72550-E1,52.948,52.9482,55.2429,2294.709,410.609,4.579,11.355,0.4032,PASSED
Asphärische Linsen,AL72550-E3,52.924,52.9237,54.2631,1339.397,244.296,2.854,29.544,0.0966,PASSED
Asphärische Linsen,AL75150-A,155.079,155.0789,154.9830,-95.879,18.525,0.039,2.050,0.0189,PASSED
Asphärische Linsen,AL75150-B,155.079,155.0789,154.9830,-95.879,18.525,0.039,2.050,0.0189,PASSED
Asphärische Linsen,AL75150-C,155.079,155.0789,154.9830,-95.879,18.525,0.039,2.050,0.0189,PASSED
Asphärische Linsen,AL75150,155.079,155.0789,154.9830,-95.879,18.525,0.039,2.050,0.0189,PASSED
Asphärische Linsen,AL75150G-A,155.128,155.1279,155.1244,-3.531,0.627,0.003,1.517,0.0022,PASSED
Asphärische Linsen,AL75150G,155.128,155.1279,155.1244,-3.531,0.627,0.003,1.517,0.0022,PASSED
Asphärische Linsen,AL75150H-B,155.079,155.0789,154.9830,-95.879,18.525,0.039,2.050,0.0189,PASSED
Asphärische Linsen,AL75150H,155.079,155.0789,154.9830,-95.879,18.525,0.039,2.050,0.0189,PASSED
Asphärische Linsen,AL7560-A,72.007,72.0065,71.9733,-33.281,12.237,0.033,1.195,0.0275,PASSED
Asphärische Linsen,AL7560-B,72.007,72.0065,71.9733,-33.281,12.237,0.033,1.195,0.0275,PASSED
Asphärische Linsen,AL7560-C,72.007,72.0065,71.9733,-33.281,12.237,0.033,1.195,0.0275,PASSED
Asphärische Linsen,AL7560,72.007,72.0065,71.9733,-33.281,12.237,0.033,1.195,0.0275,PASSED
Asphärische Linsen,APL0303-A,8.991,8.9908,8.9897,-1.104,0.341,0.099,1.117,0.0886,PASSED
Asphärische Linsen,APL0303-B,8.991,8.9908,8.9897,-1.104,0.341,0.099,1.117,0.0886,PASSED
Asphärische Linsen,APL0303,8.991,8.9908,8.9897,-1.104,0.341,0.099,1.117,0.0886,PASSED
Asphärische Linsen,APL0606-A,12.441,12.4406,12.4386,-2.046,0.822,0.195,0.875,0.2226,PASSED
Asphärische Linsen,APL0606-B,12.441,12.4406,12.4386,-2.046,0.822,0.195,0.875,0.2226,PASSED
Asphärische Linsen,APL0606,12.441,12.4406,12.4386,-2.046,0.822,0.195,0.875,0.2226,PASSED
Asphärische Linsen,APL0609-A,15.225,15.2252,15.2219,-3.283,0.787,0.092,1.363,0.0678,PASSED
Asphärische Linsen,APL0609-B,15.225,15.2252,15.2219,-3.283,0.787,0.092,1.363,0.0678,PASSED
Asphärische Linsen,APL0609,15.225,15.2252,15.2219,-3.283,0.787,0.092,1.363,0.0678,PASSED
Asphärische Linsen,APL0615-A,21.121,21.1209,21.1153,-5.610,0.773,0.040,2.308,0.0173,PASSED
Asphärische Linsen,APL0615-B,21.121,21.1209,21.1153,-5.610,0.773,0.040,2.308,0.0173,PASSED
Asphärische Linsen,APL0615,21.121,21.1209,21.1153,-5.610,0.773,0.040,2.308,0.0173,PASSED
Asphärische Linsen,APL0618-A,24.068,24.0682,24.0614,-6.765,0.772,0.038,2.777,0.0138,PASSED
Asphärische Linsen,APL0618-B,24.068,24.0682,24.0614,-6.765,0.772,0.038,2.777,0.0138,PASSED
Asphärische Linsen,APL0618,24.068,24.0682,24.0614,-6.765,0.772,0.038,2.777,0.0138,PASSED
Asphärische Linsen,APL0624-A,29.963,29.9629,29.9538,-9.094,0.773,0.034,3.713,0.0093,PASSED
Asphärische Linsen,APL0624-B,29.963,29.9629,29.9538,-9.094,0.773,0.034,3.713,0.0093,PASSED
Asphärische Linsen,APL0624,29.963,29.9629,29.9538,-9.094,0.773,0.034,3.713,0.0093,PASSED
Asphärische Linsen,ASL10142-1064,80.842,80.8421,80.7831,-58.951,7.050,0.130,3.266,0.0397,PASSED
Asphärische Linsen,ASL10142-532,79.657,79.6569,79.6575,0.537,0.178,0.166,2.196,0.0754,PASSED
Asphärische Linsen,ASL10142-780,80.842,80.8421,80.7831,-58.951,7.050,0.130,3.266,0.0397,PASSED
Asphärische Linsen,ASL10142-A,80.842,80.8421,80.7831,-58.951,7.050,0.130,3.266,0.0397,PASSED
Asphärische Linsen,ASL10142-B,80.842,80.8421,80.7831,-58.951,7.050,0.130,3.266,0.0397,PASSED
Asphärische Linsen,ASL10142-C,80.842,80.8421,80.7831,-58.951,7.050,0.130,3.266,0.0397,PASSED
Asphärische Linsen,ASL10142,80.842,80.8421,80.7831,-58.951,7.050,0.130,3.266,0.0397,PASSED
Asphärische Linsen,ASL1210-UV,12.399,12.3989,10.1743,-2224.562,1191.695,196.911,0.459,428.7643,ATTENTION
Asphärische Linsen,ASL1210,12.399,12.3989,10.1743,-2224.562,1191.695,196.911,0.459,428.7643,ATTENTION
Asphärische Linsen,ASL2520-UV,24.760,24.7598,22.4264,-2333.450,505.652,0.000,1.126,0.0000,PASSED
Asphärische Linsen,ASL2520,24.760,24.7598,22.4264,-2333.450,505.652,0.000,1.126,0.0000,PASSED
Asphärische Linsen,ASL5040-UV,49.537,49.5375,44.6046,-4932.891,1077.776,0.000,1.117,0.0000,PASSED
Asphärische Linsen,ASL5040,49.537,49.5375,44.6046,-4932.891,1077.776,0.000,1.117,0.0000,PASSED
Asphärische Linsen,AYL108-A,9.324,9.3241,7.6242,-1699.921,1227.452,307.438,0.704,436.4747,ATTENTION
Asphärische Linsen,AYL108-B,9.324,9.3241,7.6242,-1699.921,1227.452,307.438,0.704,436.4747,ATTENTION
Asphärische Linsen,AYL1210-A,12.014,12.0141,10.6102,-1403.850,812.263,216.335,0.575,376.2234,ATTENTION
Asphärische Linsen,AYL1210-B,12.014,12.0141,10.6102,-1403.850,812.263,216.335,0.575,376.2234,ATTENTION
Asphärische Linsen,AYL1512-A,14.186,14.1864,11.7080,-2478.401,1760.443,460.041,0.704,653.0766,ATTENTION
Asphärische Linsen,AYL1512-B,14.186,14.1864,11.7080,-2478.401,1760.443,460.041,0.704,653.0766,ATTENTION
Asphärische Linsen,AYL1815-A,17.356,17.3556,17.1498,-205.780,34.632,0.000,1.950,0.0000,PASSED
Asphärische Linsen,AYL1815-B,17.356,17.3556,17.1498,-205.780,34.632,0.000,1.950,0.0000,PASSED
Asphärische Linsen,AYL2018-A,20.851,20.8505,18.1403,-2710.179,1528.973,407.310,0.830,490.8285,ATTENTION
Asphärische Linsen,AYL2018-B,20.851,20.8505,18.1403,-2710.179,1528.973,407.310,0.830,490.8285,ATTENTION
Asphärische Linsen,AYL2520-A,23.279,23.2793,21.7164,-1562.904,596.632,136.778,1.182,115.7644,ATTENTION
Asphärische Linsen,AYL2520-B,23.279,23.2793,21.7164,-1562.904,596.632,136.778,1.182,115.7644,ATTENTION
Asphärische Linsen,AYL3026-A,29.497,29.4974,27.6093,-1888.118,680.434,157.443,1.242,126.7420,ATTENTION
Asphärische Linsen,AYL3026-B,29.497,29.4974,27.6093,-1888.118,680.434,157.443,1.242,126.7420,ATTENTION
Asphärische Linsen,AYL5040-A,46.121,46.1213,42.7992,-3322.147,1306.460,298.137,1.152,258.8472,ATTENTION
Asphärische Linsen,AYL5040-B,46.121,46.1213,42.7992,-3322.147,1306.460,298.137,1.152,258.8472,ATTENTION
Asphärische Linsen,C028TME-D,7.538,7.5376,21.8759,14338.314,1956.282,98.391,14.146,6.9556,ATTENTION
Asphärische Linsen,C028TME-E,7.538,7.5376,21.8759,14338.314,1956.282,98.391,14.146,6.9556,ATTENTION
Asphärische Linsen,C028TME-F,7.538,7.5376,21.8759,14338.314,1956.282,98.391,14.146,6.9556,ATTENTION
Asphärische Linsen,C036TME-D,5.589,5.5889,15.0384,9449.581,1380.771,55.931,8.741,6.3986,ATTENTION
Asphärische Linsen,C036TME-E,5.589,5.5889,15.0384,9449.581,1380.771,55.931,8.741,6.3986,ATTENTION
Asphärische Linsen,C036TME-F,5.589,5.5889,15.0384,9449.581,1380.771,55.931,8.741,6.3986,ATTENTION
Asphärische Linsen,C037TME-D,3.713,3.7131,8.1100,4396.942,1068.714,111.862,20.936,5.3429,ATTENTION
Asphärische Linsen,C037TME-E,3.717,3.7169,8.0941,4377.142,1066.760,110.913,20.875,5.3132,ATTENTION
Asphärische Linsen,C037TME-F,3.713,3.7131,8.1100,4396.942,1068.714,111.862,20.936,5.3429,ATTENTION
Asphärische Linsen,C060TMD-A,10.534,10.5339,10.4745,-59.390,13.671,0.215,1.411,0.1526,PASSED
Asphärische Linsen,C060TMD-B,10.534,10.5339,10.4745,-59.390,13.671,0.215,1.411,0.1526,PASSED
Asphärische Linsen,C060TMD-C,10.534,10.5339,10.4745,-59.390,13.671,0.215,1.411,0.1526,PASSED
Asphärische Linsen,C060TMD,12.605,12.6051,12.5625,-42.577,9.800,0.004,1.411,0.0031,PASSED
Asphärische Linsen,C061TMD-A,11.898,11.8979,11.8468,-51.095,10.165,0.145,1.619,0.0894,PASSED
Asphärische Linsen,C061TMD-B,11.898,11.8979,11.8468,-51.095,10.165,0.145,1.619,0.0894,PASSED
Asphärische Linsen,C061TMD-C,11.898,11.8979,11.8468,-51.095,10.165,0.145,1.619,0.0894,PASSED
Asphärische Linsen,C061TMD,13.983,13.9832,13.9340,-49.170,9.781,0.003,1.619,0.0019,PASSED
Asphärische Linsen,C093TME-D,4.571,4.5714,11.7983,7226.905,1394.648,87.319,21.034,4.1514,PASSED
Asphärische Linsen,C093TME-E,4.571,4.5714,11.7983,7226.905,1394.648,87.319,21.034,4.1514,PASSED
Asphärische Linsen,C093TME-F,4.571,4.5714,11.7983,7226.905,1394.648,87.319,21.034,4.1514,PASSED
Asphärische Linsen,C105TMD-A,6.583,6.5833,6.5433,-40.076,21.933,2.952,0.682,4.3306,PASSED
Asphärische Linsen,C105TMD-B,6.583,6.5833,6.5433,-40.076,21.933,2.952,0.682,4.3306,PASSED
Asphärische Linsen,C105TMD-C,6.583,6.5833,6.5433,-40.076,21.933,2.952,0.682,4.3306,PASSED
Asphärische Linsen,C105TMD,8.668,8.6683,8.6442,-24.039,13.041,0.358,0.682,0.5246,PASSED
Asphärische Linsen,C110TMD-1064,10.614,10.6143,10.5836,-30.739,10.880,0.123,1.181,0.1044,PASSED
Asphärische Linsen,C110TMD-A,8.614,8.6141,8.5840,-30.097,1767.774,1767.767,1.769,999.0294,ATTENTION
Asphärische Linsen,C110TMD-B,8.614,8.6141,8.5840,-30.097,1767.774,1767.767,1.769,999.0294,ATTENTION
Asphärische Linsen,C110TMD-C,8.614,8.6141,8.5840,-30.097,1767.774,1767.767,1.769,999.0294,ATTENTION
Asphärische Linsen,C110TMD,10.614,10.6143,10.5836,-30.739,10.880,0.123,1.181,0.1044,PASSED
Asphärische Linsen,C140TMD-A,1.824,1.8242,1.8178,-6.333,642.219,642.218,2.558,251.0288,ATTENTION
Asphärische Linsen,C140TMD-B,1.824,1.8242,1.8178,-6.333,642.219,642.218,2.558,251.0288,ATTENTION
Asphärische Linsen,C140TMD-C,1.824,1.8242,1.8178,-6.333,642.219,642.218,2.558,251.0288,ATTENTION
Asphärische Linsen,C140TMD,3.824,3.8244,3.8177,-6.622,3.709,0.076,0.820,0.0921,PASSED
Asphärische Linsen,C151TMD-A,2.921,2.9215,2.9123,-9.155,802.773,802.773,2.833,283.3169,ATTENTION
Asphärische Linsen,C151TMD-B,2.921,2.9215,2.9123,-9.155,802.773,802.773,2.833,283.3169,ATTENTION
Asphärische Linsen,C151TMD-C,2.921,2.9215,2.9123,-9.155,802.773,802.773,2.833,283.3169,ATTENTION
Asphärische Linsen,C151TMD,4.921,4.9213,4.9119,-9.434,4.418,0.057,0.939,0.0607,PASSED
Asphärische Linsen,C171TMD-A,7.579,7.5785,7.5534,-25.153,1308.151,1308.148,1.920,681.3503,ATTENTION
Asphärische Linsen,C171TMD-B,7.579,7.5785,7.5534,-25.153,1308.151,1308.148,1.920,681.3503,ATTENTION
Asphärische Linsen,C171TMD-C,7.579,7.5785,7.5534,-25.153,1308.151,1308.148,1.920,681.3503,ATTENTION
Asphärische Linsen,C171TMD,9.579,9.5786,9.5534,-25.206,6.483,0.007,1.271,0.0056,PASSED
Asphärische Linsen,C220TMD-1064,14.941,14.9411,14.8950,-46.126,9.765,0.016,1.526,0.0108,PASSED
Asphärische Linsen,C220TMD-A,12.941,12.9408,12.8949,-45.982,1587.723,1587.713,2.297,691.1777,ATTENTION
Asphärische Linsen,C220TMD-B,12.941,12.9408,12.8949,-45.982,1587.723,1587.713,2.297,691.1777,ATTENTION
Asphärische Linsen,C220TMD-C,12.941,12.9408,12.8949,-45.982,1587.723,1587.713,2.297,691.1777,ATTENTION
Asphärische Linsen,C220TMD,14.941,14.9411,14.8950,-46.126,9.765,0.016,1.526,0.0108,PASSED
Asphärische Linsen,C230TMD-A,5.792,5.7923,5.7923,0.000,2168.342,2168.342,95.160,22.7863,ATTENTION
Asphärische Linsen,C230TMD-B,5.792,5.7923,5.7923,0.000,2168.342,2168.342,95.160,22.7863,ATTENTION
Asphärische Linsen,C230TMD-C,5.792,5.7923,5.7923,0.000,2168.342,2168.342,95.160,22.7863,ATTENTION
Asphärische Linsen,C240TMD-1064,11.345,11.3448,11.3047,-40.041,19.112,0.443,0.924,0.4795,PASSED
Asphärische Linsen,C240TMD-A,9.345,9.3448,9.3070,-37.780,1947.463,1947.458,2.830,688.2256,ATTENTION
Asphärische Linsen,C240TMD-B,9.345,9.3448,9.3070,-37.780,1947.463,1947.458,2.830,688.2256,ATTENTION
Asphärische Linsen,C240TMD-C,9.345,9.3448,9.3070,-37.780,1947.463,1947.458,2.830,688.2256,ATTENTION
Asphärische Linsen,C240TMD,11.345,11.3448,11.3047,-40.041,19.112,0.443,0.924,0.4795,PASSED
Asphärische Linsen,C260TMD-A,16.185,16.1851,16.1072,-77.863,10.557,0.019,2.889,0.0064,PASSED
Asphärische Linsen,C260TMD-B,16.185,16.1851,16.1072,-77.863,10.557,0.019,2.889,0.0064,PASSED
Asphärische Linsen,C260TMD-C,16.185,16.1851,16.1072,-77.863,10.557,0.019,2.889,0.0064,PASSED
Asphärische Linsen,C260TMD,18.185,18.1853,18.1074,-77.862,10.557,0.019,2.889,0.0064,PASSED
Asphärische Linsen,C280TMD-1064,21.284,21.2839,21.1896,-94.235,11.652,0.018,3.162,0.0057,PASSED
Asphärische Linsen,C280TMD-A,19.284,19.2838,19.1896,-94.236,11.652,0.018,3.162,0.0057,PASSED
Asphärische Linsen,C280TMD-B,19.284,19.2838,19.1896,-94.236,11.652,0.018,3.162,0.0057,PASSED
Asphärische Linsen,C280TMD-C,19.284,19.2838,19.1896,-94.236,11.652,0.018,3.162,0.0057,PASSED
Asphärische Linsen,C280TMD,21.284,21.2839,21.1896,-94.235,11.652,0.018,3.162,0.0057,PASSED
Asphärische Linsen,C330TMD-A,4.974,4.9741,4.9601,-13.985,2006.933,2006.932,1.921,1044.7722,ATTENTION
Asphärische Linsen,C330TMD-B,4.974,4.9741,4.9601,-13.985,2006.933,2006.932,1.921,1044.7722,ATTENTION
Asphärische Linsen,C330TMD-C,4.974,4.9741,4.9601,-13.985,2006.933,2006.932,1.921,1044.7722,ATTENTION
Asphärische Linsen,C330TMD,6.974,6.9740,6.9515,-22.534,16.921,2.155,0.741,2.9070,PASSED
Asphärische Linsen,C340TMD-A,5.780,5.7796,5.7796,0.000,2182.464,2182.464,83.570,26.1154,ATTENTION
Asphärische Linsen,C340TMD-B,5.780,5.7796,5.7796,0.000,2182.464,2182.464,83.570,26.1154,ATTENTION
Asphärische Linsen,C350TMD-B,5.833,5.8333,5.8085,-24.805,1485.131,1485.130,4.316,344.0855,ATTENTION
Asphärische Linsen,C350TMD-C,5.833,5.8333,5.8085,-24.805,1485.131,1485.130,4.316,344.0855,ATTENTION
Asphärische Linsen,C350TMD,7.833,7.8334,7.8089,-24.497,9.260,0.024,1.397,0.0172,PASSED
Asphärische Linsen,C390TMD,6.055,6.0546,6.0317,-22.927,12.589,1.648,0.912,1.8076,PASSED
Asphärische Linsen,C390TME-A,4.055,4.0551,4.0317,-23.418,12.854,1.648,0.912,1.8075,PASSED
Asphärische Linsen,C390TME-B,4.055,4.0551,4.0317,-23.418,12.854,1.648,0.912,1.8075,PASSED
Asphärische Linsen,C390TME-C,4.055,4.0551,4.0317,-23.418,12.854,1.648,0.912,1.8075,PASSED
Asphärische Linsen,C392TMD,5.739,5.7393,5.7232,-16.074,10.674,0.634,0.786,0.8061,PASSED
Asphärische Linsen,C392TME-A,3.739,3.7392,3.7232,-16.074,10.674,0.634,0.786,0.8064,PASSED
Asphärische Linsen,C392TME-B,3.739,3.7392,3.7232,-16.074,10.674,0.634,0.786,0.8064,PASSED
Asphärische Linsen,C392TME-C,3.739,3.7392,3.7232,-16.074,10.674,0.634,0.786,0.8064,PASSED
Asphärische Linsen,C397TMD-A,11.865,11.8647,11.7946,-70.007,17.962,0.568,1.354,0.4199,PASSED
Asphärische Linsen,C397TMD-B,11.865,11.8647,11.7946,-70.007,17.962,0.568,1.354,0.4199,PASSED
Asphärische Linsen,C397TMD-C,11.865,11.8647,11.7946,-70.007,17.962,0.568,1.354,0.4199,PASSED
Asphärische Linsen,C397TMD,13.958,13.9580,13.8924,-65.686,16.846,0.240,1.354,0.1774,PASSED
Asphärische Linsen,C430TMD,7.359,7.3588,7.2846,-74.254,9.956,0.032,5.804,0.0055,PASSED
Asphärische Linsen,C430TME-B,7.359,7.3588,7.2846,-74.254,9.956,0.032,5.804,0.0055,PASSED
Asphärische Linsen,C430TME-C,7.359,7.3588,7.2846,-74.254,9.956,0.032,5.804,0.0055,PASSED
Asphärische Linsen,C440TMD-A,6.539,6.5394,-2.1065,-8645.870,1934.622,1162.142,3.220,360.8848,ATTENTION
Asphärische Linsen,C440TMD-B,6.539,6.5394,-2.1065,-8645.870,1934.622,1162.142,3.220,360.8848,ATTENTION
Asphärische Linsen,C440TMD-C,6.539,6.5394,-2.1065,-8645.870,1934.622,1162.142,3.220,360.8848,ATTENTION
Asphärische Linsen,C440TMD,13.630,13.6301,12.2822,-1347.918,823.303,26.175,0.975,26.8588,ATTENTION
Asphärische Linsen,C453TMD-A,5.755,5.7551,5.7202,-34.843,18.169,2.641,0.730,3.6164,PASSED
Asphärische Linsen,C453TMD-B,5.755,5.7551,5.7202,-34.843,18.169,2.641,0.730,3.6164,PASSED
Asphärische Linsen,C453TMD-C,5.755,5.7551,5.7202,-34.843,18.169,2.641,0.730,3.6164,PASSED
Asphärische Linsen,C453TMD,7.849,7.8487,7.8300,-18.674,9.635,0.132,0.730,0.1813,PASSED
Asphärische Linsen,C560TMD,16.882,16.8820,16.8193,-62.700,9.596,0.021,2.140,0.0098,PASSED
Asphärische Linsen,C560TME-A,14.882,14.8820,14.8193,-62.700,9.596,0.021,2.140,0.0098,PASSED
Asphärische Linsen,C560TME-B,14.882,14.8820,14.8193,-62.700,9.596,0.021,2.140,0.0098,PASSED
Asphärische Linsen,C560TME-C,14.882,14.8820,14.8193,-62.700,9.596,0.021,2.140,0.0098,PASSED
Asphärische Linsen,C610TMD-A,10.644,10.6438,89098284.5430,89098273899.218,2400.000,1054.775,50.020,21.0871,ATTENTION
Asphärische Linsen,C610TMD-B,10.644,10.6438,89098284.5430,89098273899.218,2400.000,1054.775,50.020,21.0871,ATTENTION
Asphärische Linsen,C610TMD,10.644,10.6438,89098284.5430,89098273899.218,2400.000,1054.775,50.020,21.0871,ATTENTION
Asphärische Linsen,C660TMD,6.066,6.0660,6.0325,-33.464,20.190,0.771,1.559,0.4947,PASSED
Asphärische Linsen,C660TME-A,4.062,4.0620,4.0325,-29.417,17.752,0.771,1.559,0.4947,PASSED
Asphärische Linsen,C660TME-B,4.062,4.0620,4.0325,-29.417,17.752,0.771,1.559,0.4947,PASSED
Asphärische Linsen,C660TME-C,4.062,4.0620,4.0325,-29.417,17.752,0.771,1.559,0.4947,PASSED
Asphärische Linsen,C710TMD-A,1.886,1.8858,1.8665,-19.221,602.081,602.080,5.518,109.1214,ATTENTION
Asphärische Linsen,C710TMD-B,1.886,1.8858,1.8665,-19.221,602.081,602.080,5.518,109.1214,ATTENTION
Asphärische Linsen,C710TMD-C,1.886,1.8858,1.8665,-19.221,602.081,602.080,5.518,109.1214,ATTENTION
Asphärische Linsen,C710TMD,3.886,3.8860,3.8665,-19.437,9.727,0.083,1.767,0.0472,PASSED
Asphärische Linsen,C775TMD-405,5.311,5.3113,4.7626,-548.610,411.230,19.986,0.359,55.6188,ATTENTION
Asphärische Linsen,C775TMD-A,5.311,5.3113,4.7626,-548.610,411.230,19.986,0.359,55.6188,ATTENTION
Asphärische Linsen,C775TMD-B,5.311,5.3113,4.7626,-548.610,411.230,19.986,0.359,55.6188,ATTENTION
Asphärische Linsen,C775TMD,5.311,5.3113,4.7626,-548.610,411.230,19.986,0.359,55.6188,ATTENTION
Sonstige Fokussierlinsen,F028APC-3450,13.431,13.4313,26.7043,13273.031,1548.528,1.954,15.587,0.1254,PASSED
Sonstige Fokussierlinsen,F028APC-4950,13.476,13.4756,26.7253,13249.760,1545.813,1.954,22.364,0.0874,PASSED
Sonstige Fokussierlinsen,F028FC-2000,13.365,13.3648,26.6728,13308.035,1552.612,1.954,9.036,0.2163,PASSED
Sonstige Fokussierlinsen,F028FC-3450,13.431,13.4313,26.7043,13273.031,1548.528,1.954,15.587,0.1254,PASSED
Sonstige Fokussierlinsen,F028FC-4950,13.476,13.4756,26.7253,13249.760,1545.813,1.954,22.364,0.0874,PASSED
Sonstige Fokussierlinsen,F028SMA-2000,13.365,13.3648,26.6728,13308.035,1552.612,1.954,9.036,0.2163,PASSED
Sonstige Fokussierlinsen,F028SMA-3450,13.431,13.4313,26.7043,13273.031,1548.528,1.954,15.587,0.1254,PASSED
Sonstige Fokussierlinsen,F028SMA-4950,13.476,13.4756,26.7253,13249.760,1545.813,1.954,22.364,0.0874,PASSED
Sonstige Fokussierlinsen,F110APC-1064,14.888,14.8877,12.5129,-2374.863,1038.223,479.539,1.006,476.7212,ATTENTION
Sonstige Fokussierlinsen,F110APC-1310,14.959,14.9588,12.5829,-2375.880,1029.630,473.357,1.247,379.7433,ATTENTION
Sonstige Fokussierlinsen,F110APC-1550,15.019,15.0191,12.6309,-2388.142,1028.937,470.003,1.480,317.5361,ATTENTION
Sonstige Fokussierlinsen,F110APC-532,14.494,14.4937,13.1778,-1315.856,431.210,94.111,0.915,102.8173,ATTENTION
Sonstige Fokussierlinsen,F110APC-633,14.638,14.6383,12.1904,-2447.895,1116.060,515.896,0.578,893.1854,ATTENTION
Sonstige Fokussierlinsen,F110APC-780,14.761,14.7611,12.3581,-2403.005,1071.616,495.966,0.725,683.7932,ATTENTION
Sonstige Fokussierlinsen,F110APC-850,14.801,14.8009,12.4096,-2391.264,1059.276,490.224,0.795,616.7038,ATTENTION
Sonstige Fokussierlinsen,F110APC-980,14.858,14.8580,12.4794,-2378.660,1044.310,482.855,0.923,522.9442,ATTENTION
Sonstige Fokussierlinsen,F110FC-1064,14.888,14.8877,12.5129,-2374.863,1038.223,479.539,1.006,476.7212,ATTENTION
Sonstige Fokussierlinsen,F110FC-1310,14.959,14.9588,12.5829,-2375.880,1029.630,473.357,1.247,379.7433,ATTENTION
Sonstige Fokussierlinsen,F110FC-1550,15.019,15.0191,12.6309,-2388.142,1028.937,470.003,1.480,317.5361,ATTENTION
Sonstige Fokussierlinsen,F110FC-532,14.494,14.4937,13.1778,-1315.856,431.210,94.111,0.915,102.8173,ATTENTION
Sonstige Fokussierlinsen,F110FC-633,14.638,14.6383,12.1904,-2447.895,1116.060,515.896,0.578,893.1854,ATTENTION
Sonstige Fokussierlinsen,F110FC-780,14.761,14.7611,12.3581,-2403.005,1071.616,495.966,0.725,683.7932,ATTENTION
Sonstige Fokussierlinsen,F110FC-850,14.801,14.8009,12.4096,-2391.264,1059.276,490.224,0.795,616.7038,ATTENTION
Sonstige Fokussierlinsen,F110FC-980,14.858,14.8580,12.4794,-2378.660,1044.310,482.855,0.923,522.9442,ATTENTION
Sonstige Fokussierlinsen,F110SMA-1064,14.888,14.8877,12.5129,-2374.863,1038.223,479.539,1.006,476.7212,ATTENTION
Sonstige Fokussierlinsen,F110SMA-1310,14.959,14.9588,12.5829,-2375.880,1029.630,473.357,1.247,379.7433,ATTENTION
Sonstige Fokussierlinsen,F110SMA-1550,15.019,15.0191,12.6309,-2388.142,1028.937,470.003,1.480,317.5361,ATTENTION
Sonstige Fokussierlinsen,F110SMA-532,14.494,14.4937,13.1778,-1315.856,431.210,94.111,0.915,102.8173,ATTENTION
Sonstige Fokussierlinsen,F110SMA-633,14.638,14.6383,12.1904,-2447.895,1116.060,515.896,0.578,893.1854,ATTENTION
Sonstige Fokussierlinsen,F110SMA-780,14.761,14.7611,12.3581,-2403.005,1071.616,495.966,0.725,683.7932,ATTENTION
Sonstige Fokussierlinsen,F110SMA-850,14.801,14.8009,12.4096,-2391.264,1059.276,490.224,0.795,616.7038,ATTENTION
Sonstige Fokussierlinsen,F110SMA-980,14.858,14.8580,12.4794,-2378.660,1044.310,482.855,0.923,522.9442,ATTENTION
Sonstige Fokussierlinsen,F220APC-1064,24.214,24.2136,22.9842,-1229.388,221.812,58.778,3.067,19.1621,ATTENTION
Sonstige Fokussierlinsen,F220APC-1310,24.343,24.3428,23.0743,-1268.472,227.734,58.617,3.787,15.4791,ATTENTION
Sonstige Fokussierlinsen,F220APC-532,23.670,23.6703,22.4776,-1192.715,221.023,60.201,1.498,40.1959,ATTENTION
Sonstige Fokussierlinsen,F220APC-633,23.856,23.8561,22.6619,-1194.251,219.183,59.641,1.799,33.1605,ATTENTION
Sonstige Fokussierlinsen,F220APC-780,24.022,24.0215,22.8205,-1200.964,218.592,59.184,2.233,26.5012,ATTENTION
Sonstige Fokussierlinsen,F220APC-850,24.078,24.0783,22.8721,-1206.144,218.936,59.045,2.439,24.2050,ATTENTION
Sonstige Fokussierlinsen,F220APC-980,24.165,24.1650,22.9460,-1218.991,220.393,58.862,2.821,20.8642,ATTENTION
Sonstige Fokussierlinsen,F220FC-1064,24.214,24.2136,22.9842,-1229.388,221.812,58.778,3.067,19.1621,ATTENTION
Sonstige Fokussierlinsen,F220FC-1550,24.468,24.4676,23.1495,-1318.090,235.694,58.529,4.487,13.0428,ATTENTION
Sonstige Fokussierlinsen,F220FC-532,23.670,23.6703,22.4776,-1192.715,221.023,60.201,1.498,40.1959,ATTENTION
Sonstige Fokussierlinsen,F220FC-780,24.022,24.0215,22.8205,-1200.964,218.592,59.184,2.233,26.5012,ATTENTION
Sonstige Fokussierlinsen,F220FC-850,24.078,24.0783,22.8721,-1206.144,218.936,59.045,2.439,24.2050,ATTENTION
Sonstige Fokussierlinsen,F220FC-980,24.165,24.1650,22.9460,-1218.991,220.393,58.862,2.821,20.8642,ATTENTION
Sonstige Fokussierlinsen,F220FC-A,23.695,23.6952,22.5025,-1192.784,220.748,60.125,1.531,39.2820,ATTENTION
Sonstige Fokussierlinsen,F220FC-B,23.856,23.8561,22.6619,-1194.251,219.183,59.641,1.799,33.1605,ATTENTION
Sonstige Fokussierlinsen,F220FC-C,24.343,24.3428,23.0743,-1268.472,227.734,58.617,3.787,15.4791,ATTENTION
Sonstige Fokussierlinsen,F220SMA-1064,24.214,24.2136,22.9842,-1229.388,221.812,58.778,3.067,19.1621,ATTENTION
Sonstige Fokussierlinsen,F220SMA-1550,24.468,24.4676,23.1495,-1318.090,235.694,58.529,4.487,13.0428,ATTENTION
Sonstige Fokussierlinsen,F220SMA-532,23.670,23.6703,22.4776,-1192.715,221.023,60.201,1.498,40.1959,ATTENTION
Sonstige Fokussierlinsen,F220SMA-780,24.022,24.0215,22.8205,-1200.964,218.592,59.184,2.233,26.5012,ATTENTION
Sonstige Fokussierlinsen,F220SMA-850,24.078,24.0783,22.8721,-1206.144,218.936,59.045,2.439,24.2050,ATTENTION
Sonstige Fokussierlinsen,F220SMA-980,24.165,24.1650,22.9460,-1218.991,220.393,58.862,2.821,20.8642,ATTENTION
Sonstige Fokussierlinsen,F220SMA-A,23.695,23.6952,22.5025,-1192.784,220.748,60.125,1.531,39.2820,ATTENTION
Sonstige Fokussierlinsen,F220SMA-B,23.856,23.8561,22.6619,-1194.251,219.183,59.641,1.799,33.1605,ATTENTION
Sonstige Fokussierlinsen,F220SMA-C,24.343,24.3428,23.0743,-1268.472,227.734,58.617,3.787,15.4791,ATTENTION
Sonstige Fokussierlinsen,F230APC-850,10.248,10.2476,8.0277,-2219.877,1306.967,306.053,0.862,355.1203,ATTENTION
Sonstige Fokussierlinsen,F230FC-850,10.248,10.2476,8.0277,-2219.877,1306.967,306.053,0.862,355.1203,ATTENTION
Sonstige Fokussierlinsen,F230SMA-850,10.248,10.2476,8.0277,-2219.877,1306.967,306.053,0.862,355.1203,ATTENTION
Sonstige Fokussierlinsen,F240APC-1064,14.319,14.3189,15.1208,801.880,302.074,157.337,1.815,86.6798,ATTENTION
Sonstige Fokussierlinsen,F240APC-1550,14.406,14.4061,15.2417,835.625,309.794,156.572,2.657,58.9385,ATTENTION
Sonstige Fokussierlinsen,F240APC-532,14.133,14.1327,14.7476,614.864,260.052,161.733,0.884,182.9014,ATTENTION
Sonstige Fokussierlinsen,F240APC-780,14.253,14.2530,15.0005,747.457,289.679,158.588,1.321,120.0793,ATTENTION
Sonstige Fokussierlinsen,F240APC-980,14.302,14.3023,15.0928,790.525,299.482,157.596,1.669,94.4121,ATTENTION
Sonstige Fokussierlinsen,F240APC-A,14.141,14.1412,14.7659,624.678,262.203,161.495,0.904,178.6862,ATTENTION
Sonstige Fokussierlinsen,F240APC-B,14.196,14.1964,14.8836,687.207,276.086,160.000,1.063,150.5376,ATTENTION
Sonstige Fokussierlinsen,F240APC-C,14.363,14.3633,15.1868,823.570,307.034,156.844,2.241,69.9733,ATTENTION
Sonstige Fokussierlinsen,F240FC-1550,14.406,14.4061,15.2417,835.625,309.794,156.572,2.657,58.9385,ATTENTION
Sonstige Fokussierlinsen,F240FC-532,14.133,14.1327,14.7476,614.864,260.052,161.733,0.884,182.9014,ATTENTION
Sonstige Fokussierlinsen,F240FC-780,14.253,14.2530,15.0005,747.457,289.679,158.588,1.321,120.0793,ATTENTION
Sonstige Fokussierlinsen,F240FC-850,17.301,17.3013,15.0385,-2262.866,748.661,158.160,1.443,109.6119,ATTENTION
Sonstige Fokussierlinsen,F240FC-980,14.302,14.3023,15.0928,790.525,299.482,157.596,1.669,94.4121,ATTENTION
Sonstige Fokussierlinsen,F240FC-A,14.141,14.1412,14.7659,624.678,262.203,161.495,0.904,178.6862,ATTENTION
Sonstige Fokussierlinsen,F240FC-B,14.196,14.1964,14.8836,687.207,276.086,160.000,1.063,150.5376,ATTENTION
Sonstige Fokussierlinsen,F240FC-C,14.363,14.3633,15.1868,823.570,307.034,156.844,2.241,69.9733,ATTENTION
Sonstige Fokussierlinsen,F240SMA-1550,14.406,14.4061,15.2417,835.625,309.794,156.572,2.657,58.9385,ATTENTION
Sonstige Fokussierlinsen,F240SMA-532,14.133,14.1327,14.7476,614.864,260.052,161.733,0.884,182.9014,ATTENTION
Sonstige Fokussierlinsen,F240SMA-780,14.253,14.2530,15.0005,747.457,289.679,158.588,1.321,120.0793,ATTENTION
Sonstige Fokussierlinsen,F240SMA-850,17.301,17.3013,15.0385,-2262.866,748.661,158.160,1.443,109.6119,ATTENTION
Sonstige Fokussierlinsen,F240SMA-980,14.302,14.3023,15.0928,790.525,299.482,157.596,1.669,94.4121,ATTENTION
Sonstige Fokussierlinsen,F240SMA-A,14.141,14.1412,14.7659,624.678,262.203,161.495,0.904,178.6862,ATTENTION
Sonstige Fokussierlinsen,F240SMA-B,14.196,14.1964,14.8836,687.207,276.086,160.000,1.063,150.5376,ATTENTION
Sonstige Fokussierlinsen,F240SMA-C,14.363,14.3633,15.1868,823.570,307.034,156.844,2.241,69.9733,ATTENTION
Sonstige Fokussierlinsen,F260APC-1064,28.962,28.9622,30.4308,1468.619,219.337,48.466,3.653,13.2678,ATTENTION
Sonstige Fokussierlinsen,F260APC-1550,29.141,29.1408,30.6719,1531.048,227.239,48.264,5.344,9.0317,ATTENTION
Sonstige Fokussierlinsen,F260APC-780,28.827,28.8271,30.1951,1368.055,206.504,48.798,2.660,18.3463,ATTENTION
Sonstige Fokussierlinsen,F260APC-850,28.867,28.8670,30.2693,1402.240,210.881,48.684,2.905,16.7576,ATTENTION
Sonstige Fokussierlinsen,F260APC-980,28.928,28.9280,30.3756,1447.625,216.669,48.535,3.360,14.4458,ATTENTION
Sonstige Fokussierlinsen,F260APC-A,28.598,28.5975,29.7392,1141.724,177.200,49.563,1.823,27.1833,ATTENTION
Sonstige Fokussierlinsen,F260APC-B,28.711,28.7107,29.9676,1256.893,192.179,49.170,2.142,22.9519,ATTENTION
Sonstige Fokussierlinsen,F260APC-C,29.053,29.0531,30.5618,1508.739,224.421,48.336,4.510,10.7183,ATTENTION
Sonstige Fokussierlinsen,F260FC-1550,29.141,29.1408,30.6719,1531.048,227.239,48.264,5.344,9.0317,ATTENTION
Sonstige Fokussierlinsen,F260FC-780,28.827,28.8271,30.1951,1368.055,206.504,48.798,2.660,18.3463,ATTENTION
Sonstige Fokussierlinsen,F260FC-850,28.867,28.8670,30.2693,1402.240,210.881,48.684,2.905,16.7576,ATTENTION
Sonstige Fokussierlinsen,F260FC-A,28.598,28.5975,29.7392,1141.724,177.200,49.563,1.823,27.1833,ATTENTION
Sonstige Fokussierlinsen,F260FC-B,28.711,28.7107,29.9676,1256.893,192.179,49.170,2.142,22.9519,ATTENTION
Sonstige Fokussierlinsen,F260FC-C,29.053,29.0531,30.5618,1508.739,224.421,48.336,4.510,10.7183,ATTENTION
Sonstige Fokussierlinsen,F260SMA-1550,29.141,29.1408,30.6719,1531.048,227.239,48.264,5.344,9.0317,ATTENTION
Sonstige Fokussierlinsen,F260SMA-850,28.867,28.8670,30.2693,1402.240,210.881,48.684,2.905,16.7576,ATTENTION
Sonstige Fokussierlinsen,F260SMA-A,28.598,28.5975,29.7392,1141.724,177.200,49.563,1.823,27.1833,ATTENTION
Sonstige Fokussierlinsen,F260SMA-B,28.711,28.7107,29.9676,1256.893,192.179,49.170,2.142,22.9519,ATTENTION
Sonstige Fokussierlinsen,F260SMA-C,29.053,29.0531,30.5618,1508.739,224.421,48.336,4.510,10.7183,ATTENTION
Sonstige Fokussierlinsen,F280APC-1064,35.219,35.2188,36.8732,1654.407,199.545,32.672,4.461,7.3243,ATTENTION
Sonstige Fokussierlinsen,F280APC-1550,35.435,35.4351,37.1646,1729.495,207.489,32.539,6.525,4.9865,PASSED
Sonstige Fokussierlinsen,F280APC-780,35.055,35.0552,36.5887,1533.459,186.631,32.890,3.248,10.1256,ATTENTION
Sonstige Fokussierlinsen,F280APC-850,37.697,37.6973,36.6782,-1019.160,126.156,32.816,3.548,9.2495,ATTENTION
Sonstige Fokussierlinsen,F280APC-980,35.177,35.1775,36.8066,1629.157,196.861,32.717,4.103,7.9743,ATTENTION
Sonstige Fokussierlinsen,F280APC-A,34.777,34.7772,36.0385,1261.289,157.059,33.394,2.227,14.9953,ATTENTION
Sonstige Fokussierlinsen,F280APC-B,34.914,34.9143,36.3141,1399.777,172.192,33.136,2.616,12.6644,ATTENTION
Sonstige Fokussierlinsen,F280APC-C,35.329,35.3289,37.0315,1702.662,204.657,32.586,5.507,5.9174,ATTENTION
Sonstige Fokussierlinsen,F280FC-1550,35.435,35.4351,37.1646,1729.495,207.489,32.539,6.525,4.9865,PASSED
Sonstige Fokussierlinsen,F280FC-780,35.055,35.0552,36.5887,1533.459,186.631,32.890,3.248,10.1256,ATTENTION
Sonstige Fokussierlinsen,F280FC-850,37.697,37.6973,36.6782,-1019.160,126.156,32.816,3.548,9.2495,ATTENTION
Sonstige Fokussierlinsen,F280FC-980,35.177,35.1775,36.8066,1629.157,196.861,32.717,4.103,7.9743,ATTENTION
Sonstige Fokussierlinsen,F280FC-A,34.777,34.7772,36.0385,1261.289,157.059,33.394,2.227,14.9953,ATTENTION
Sonstige Fokussierlinsen,F280FC-B,34.914,34.9143,36.3141,1399.777,172.192,33.136,2.616,12.6644,ATTENTION
Sonstige Fokussierlinsen,F280FC-C,35.329,35.3289,37.0315,1702.662,204.657,32.586,5.507,5.9174,ATTENTION
Sonstige Fokussierlinsen,F280SMA-1550,35.435,35.4351,37.1646,1729.495,207.489,32.539,6.525,4.9865,PASSED
Sonstige Fokussierlinsen,F280SMA-850,37.697,37.6973,36.6782,-1019.160,126.156,32.816,3.548,9.2495,ATTENTION
Sonstige Fokussierlinsen,F280SMA-980,35.177,35.1775,36.8066,1629.157,196.861,32.717,4.103,7.9743,ATTENTION
Sonstige Fokussierlinsen,F280SMA-A,34.777,34.7772,36.0385,1261.289,157.059,33.394,2.227,14.9953,ATTENTION
Sonstige Fokussierlinsen,F280SMA-B,34.914,34.9143,36.3141,1399.777,172.192,33.136,2.616,12.6644,ATTENTION
Sonstige Fokussierlinsen,F280SMA-C,35.329,35.3289,37.0315,1702.662,204.657,32.586,5.507,5.9174,ATTENTION
Sonstige Fokussierlinsen,F671APC-405,9.329,9.3295,8.1031,-1226.431,461.589,88.208,0.613,143.8203,ATTENTION
Sonstige Fokussierlinsen,F671FC-405,9.329,9.3295,8.1031,-1226.431,461.589,88.208,0.613,143.8203,ATTENTION
Sonstige Fokussierlinsen,F671SMA-405,9.235,9.2349,7.9506,-1284.252,491.494,89.862,0.529,169.7775,ATTENTION
Sonstige Fokussierlinsen,GRIN2306A,4.494,4.4940,4.4940,0.000,406.971,406.971,76.860,5.2950,ATTENTION
Sonstige Fokussierlinsen,GRIN2308A,4.589,4.5890,4.5890,0.000,406.971,406.971,101.260,4.0191,PASSED
Sonstige Fokussierlinsen,GRIN2310A,4.638,4.6380,4.6380,0.000,406.971,406.971,129.320,3.1470,PASSED
Sonstige Fokussierlinsen,GRIN2313A,4.662,4.6620,4.6620,0.000,406.971,406.971,158.600,2.5660,PASSED
Sonstige Fokussierlinsen,GRIN2315A,4.675,4.6750,4.6750,0.000,406.971,406.971,190.320,2.1383,PASSED
Sonstige Fokussierlinsen,GRIN2906,6.791,6.7910,0.6215,-6169.533,761.026,0.748,2.562,0.2919,PASSED
Sonstige Fokussierlinsen,GRIN2908,6.939,6.9390,0.6105,-6328.497,780.634,0.762,3.375,0.2259,PASSED
Sonstige Fokussierlinsen,GRIN2910,7.011,7.0110,0.5995,-6411.495,790.872,0.769,4.311,0.1783,PASSED
Sonstige Fokussierlinsen,GRIN2913,7.050,7.0500,0.5976,-6452.438,795.923,0.773,5.287,0.1462,PASSED
Sonstige Fokussierlinsen,GRIN2915,7.075,7.0750,0.5975,-6477.511,799.016,0.775,6.344,0.1222,PASSED
Plankonvex-Singlets (LA),LA0209-E1,750.539,750.5390,664.3838,-86155.151,1208.007,0.789,141.653,0.0056,PASSED
Plankonvex-Singlets (LA),LA0259-E1,40.212,40.2119,35.5870,-4624.959,633.975,36.406,14.618,2.4905,PASSED
Plankonvex-Singlets (LA),LA0270-E1,74.734,74.7340,65.9881,-8745.840,1287.020,83.951,13.638,6.1556,ATTENTION
Plankonvex-Singlets (LA),LA0309-E1,14.476,14.4760,12.4125,-2063.496,1231.829,410.955,4.094,100.3821,ATTENTION
Plankonvex-Singlets (LA),LA0506-E1,19.764,19.7639,17.3098,-2454.132,804.157,176.480,6.491,27.1881,ATTENTION
Plankonvex-Singlets (LA),LA0583-E1,28.252,28.2524,27.8490,-403.430,192.189,153.341,7.574,20.2451,ATTENTION
Plankonvex-Singlets (LA),LA0606-E1,200.297,200.2966,177.3027,-22993.909,1216.104,11.178,37.592,0.2973,PASSED
Plankonvex-Singlets (LA),LA0618-E1,150.186,150.1858,132.9164,-17269.421,1223.918,20.001,28.079,0.7123,PASSED
Plankonvex-Singlets (LA),LA0737-E1,99.962,99.9621,88.3933,-11568.790,1248.379,45.888,18.499,2.4806,PASSED
Plankonvex-Singlets (LA),LA0820-E1,1000.561,1000.5610,885.6793,-114881.692,1207.860,0.444,188.901,0.0023,PASSED
Plankonvex-Singlets (LA),LA0835-E1,49.257,49.2568,43.2586,-5998.195,1428.048,206.576,8.624,23.9548,ATTENTION
Plankonvex-Singlets (LA),LA0978-E1,500.495,500.4950,443.0622,-57432.791,1208.591,1.777,94.392,0.0188,PASSED
Plankonvex-Singlets (LA),LA1002-A,148.461,148.4609,146.7207,-1740.252,566.393,448.029,1.603,279.4897,ATTENTION
Plankonvex-Singlets (LA),LA1002-AB,147.701,147.7014,146.2624,-1438.974,532.571,448.311,1.484,302.1381,ATTENTION
Plankonvex-Singlets (LA),LA1002-B,148.461,148.4609,146.7207,-1740.252,566.393,448.029,1.603,279.4897,ATTENTION
Plankonvex-Singlets (LA),LA1002-C,148.461,148.4609,146.7207,-1740.252,566.393,448.029,1.603,279.4897,ATTENTION
Plankonvex-Singlets (LA),LA1002,148.461,148.4609,146.7207,-1740.252,566.393,448.029,1.603,279.4897,ATTENTION
Plankonvex-Singlets (LA),LA1024-A,4.202,4.2021,4.1574,-44.676,14.496,11.473,1.609,7.1302,ATTENTION
Plankonvex-Singlets (LA),LA1024-B,4.202,4.2021,4.1574,-44.676,14.496,11.473,1.609,7.1302,ATTENTION
Plankonvex-Singlets (LA),LA1024-C,4.202,4.2021,4.1574,-44.676,14.496,11.473,1.609,7.1302,ATTENTION
Plankonvex-Singlets (LA),LA1024,4.202,4.2021,4.1574,-44.676,14.496,11.473,1.609,7.1302,ATTENTION
Plankonvex-Singlets (LA),LA1026-A,6.262,6.2617,6.2330,-28.649,6.021,4.819,2.509,1.9206,PASSED
Plankonvex-Singlets (LA),LA1026-B,6.262,6.2617,6.2330,-28.649,6.021,4.819,2.509,1.9206,PASSED
Plankonvex-Singlets (LA),LA1026-C,6.262,6.2617,6.2330,-28.649,6.021,4.819,2.509,1.9206,PASSED
Plankonvex-Singlets (LA),LA1026,6.262,6.2617,6.2330,-28.649,6.021,4.819,2.509,1.9206,PASSED
Plankonvex-Singlets (LA),LA1027-A,34.388,34.3879,33.4189,-968.942,487.007,370.848,1.009,367.3741,ATTENTION
Plankonvex-Singlets (LA),LA1027-AB,34.388,34.3879,33.4189,-968.942,487.007,370.848,1.009,367.3741,ATTENTION
Plankonvex-Singlets (LA),LA1027-B,34.388,34.3879,33.4189,-968.942,487.007,370.848,1.009,367.3741,ATTENTION
Plankonvex-Singlets (LA),LA1027-C,34.388,34.3879,33.4189,-968.942,487.007,370.848,1.009,367.3741,ATTENTION
Plankonvex-Singlets (LA),LA1027,34.388,34.3879,33.4189,-968.942,487.007,370.848,1.009,367.3741,ATTENTION
Plankonvex-Singlets (LA),LA1031-A,100.252,100.2524,99.8582,-394.191,74.420,59.612,2.794,21.3393,ATTENTION
Plankonvex-Singlets (LA),LA1031-AB,99.711,99.7106,99.5213,-189.344,63.412,59.665,2.585,23.0805,ATTENTION
Plankonvex-Singlets (LA),LA1031-B,100.252,100.2524,99.8582,-394.191,74.420,59.612,2.794,21.3393,ATTENTION
Plankonvex-Singlets (LA),LA1031-C,100.252,100.2524,99.8582,-394.191,74.420,59.612,2.794,21.3393,ATTENTION
Plankonvex-Singlets (LA),LA1031,100.252,100.2524,99.8582,-394.191,74.420,59.612,2.794,21.3393,ATTENTION
Plankonvex-Singlets (LA),LA1036-A,6.304,6.3042,6.2372,-67.001,21.737,17.203,1.609,10.6895,ATTENTION
Plankonvex-Singlets (LA),LA1036-B,6.304,6.3042,6.2372,-67.001,21.737,17.203,1.609,10.6895,ATTENTION
Plankonvex-Singlets (LA),LA1036-C,6.304,6.3042,6.2372,-67.001,21.737,17.203,1.609,10.6895,ATTENTION
Plankonvex-Singlets (LA),LA1036,6.304,6.3042,6.2372,-67.001,21.737,17.203,1.609,10.6895,ATTENTION
Plankonvex-Singlets (LA),LA1039-A,9.392,9.3915,9.3485,-42.978,9.033,7.230,2.509,2.8819,PASSED
Plankonvex-Singlets (LA),LA1039-B,9.392,9.3915,9.3485,-42.978,9.033,7.230,2.509,2.8819,PASSED
Plankonvex-Singlets (LA),LA1039-C,9.392,9.3915,9.3485,-42.978,9.033,7.230,2.509,2.8819,PASSED
Plankonvex-Singlets (LA),LA1039,9.392,9.3915,9.3485,-42.978,9.033,7.230,2.509,2.8819,PASSED
Plankonvex-Singlets (LA),LA1050-A,99.269,99.2688,98.0697,-1199.100,397.135,313.887,1.574,199.3981,ATTENTION
Plankonvex-Singlets (LA),LA1050-AB,99.269,99.2688,98.0697,-1199.100,397.135,313.887,1.574,199.3981,ATTENTION
Plankonvex-Singlets (LA),LA1050-B,99.269,99.2688,98.0697,-1199.100,397.135,313.887,1.574,199.3981,ATTENTION
Plankonvex-Singlets (LA),LA1050-C,99.269,99.2688,98.0697,-1199.100,397.135,313.887,1.574,199.3981,ATTENTION
Plankonvex-Singlets (LA),LA1050,99.269,99.2688,98.0697,-1199.100,397.135,313.887,1.574,199.3981,ATTENTION
Plankonvex-Singlets (LA),LA1074-633,20.063,20.0633,19.6686,-394.759,168.567,130.925,1.204,108.7603,ATTENTION
Plankonvex-Singlets (LA),LA1074-780,20.063,20.0633,19.6686,-394.759,168.567,130.925,1.204,108.7603,ATTENTION
Plankonvex-Singlets (LA),LA1074-A,20.063,20.0633,19.6686,-394.759,168.567,130.925,1.204,108.7603,ATTENTION
Plankonvex-Singlets (LA),LA1074-AB,20.063,20.0633,19.6686,-394.759,168.567,130.925,1.204,108.7603,ATTENTION
Plankonvex-Singlets (LA),LA1074-B,20.063,20.0633,19.6686,-394.759,168.567,130.925,1.204,108.7603,ATTENTION
Plankonvex-Singlets (LA),LA1074-C,20.063,20.0633,19.6686,-394.759,168.567,130.925,1.204,108.7603,ATTENTION
Plankonvex-Singlets (LA),LA1074-D,20.063,20.0633,19.6686,-394.759,168.567,130.925,1.204,108.7603,ATTENTION
Plankonvex-Singlets (LA),LA1074-YAG,20.063,20.0633,19.6686,-394.759,168.567,130.925,1.204,108.7603,ATTENTION
Plankonvex-Singlets (LA),LA1074,20.063,20.0633,19.6686,-394.759,168.567,130.925,1.204,108.7603,ATTENTION
Plankonvex-Singlets (LA),LA1085-A,29.874,29.8740,29.3524,-521.609,208.446,162.820,1.292,126.0427,ATTENTION
Plankonvex-Singlets (LA),LA1085-AB,29.727,29.7273,29.2644,-462.920,199.946,162.925,1.196,136.2536,ATTENTION
Plankonvex-Singlets (LA),LA1085-B,29.874,29.8740,29.3524,-521.609,208.446,162.820,1.292,126.0427,ATTENTION
Plankonvex-Singlets (LA),LA1085-C,29.874,29.8740,29.3524,-521.609,208.446,162.820,1.292,126.0427,ATTENTION
Plankonvex-Singlets (LA),LA1085,29.874,29.8740,29.3524,-521.609,208.446,162.820,1.292,126.0427,ATTENTION
Plankonvex-Singlets (LA),LA1102-A,49.612,49.6121,48.7408,-871.327,348.183,271.961,1.292,210.5314,ATTENTION
Plankonvex-Singlets (LA),LA1102-AB,49.367,49.3669,48.5937,-773.258,333.983,272.143,1.196,227.5918,ATTENTION
Plankonvex-Singlets (LA),LA1102-B,49.612,49.6121,48.7408,-871.327,348.183,271.961,1.292,210.5314,ATTENTION
Plankonvex-Singlets (LA),LA1102-C,49.612,49.6121,48.7408,-871.327,348.183,271.961,1.292,210.5314,ATTENTION
Plankonvex-Singlets (LA),LA1102,49.612,49.6121,48.7408,-871.327,348.183,271.961,1.292,210.5314,ATTENTION
Plankonvex-Singlets (LA),LA1116-A,10.273,10.2729,10.1026,-170.367,68.115,53.221,1.292,41.1999,ATTENTION
Plankonvex-Singlets (LA),LA1116-AB,10.225,10.2252,10.0743,-150.974,65.298,53.245,1.197,44.4969,ATTENTION
Plankonvex-Singlets (LA),LA1116-B,10.273,10.2729,10.1026,-170.367,68.115,53.221,1.292,41.1999,ATTENTION
Plankonvex-Singlets (LA),LA1116-C,10.273,10.2729,10.1026,-170.367,68.115,53.221,1.292,41.1999,ATTENTION
Plankonvex-Singlets (LA),LA1116,10.273,10.2729,10.1026,-170.367,68.115,53.221,1.292,41.1999,ATTENTION
Plankonvex-Singlets (LA),LA1119-A,50.170,50.1704,49.8839,-286.526,65.536,52.387,2.303,22.7484,ATTENTION
Plankonvex-Singlets (LA),LA1119-AB,49.912,49.9121,49.7272,-184.854,58.282,52.413,2.132,24.5896,ATTENTION
Plankonvex-Singlets (LA),LA1119-B,50.170,50.1704,49.8839,-286.526,65.536,52.387,2.303,22.7484,ATTENTION
Plankonvex-Singlets (LA),LA1119-C,50.170,50.1704,49.8839,-286.526,65.536,52.387,2.303,22.7484,ATTENTION
Plankonvex-Singlets (LA),LA1119,50.170,50.1704,49.8839,-286.526,65.536,52.387,2.303,22.7484,ATTENTION
Plankonvex-Singlets (LA),LA1131-633,49.796,49.7963,49.1978,-598.475,198.261,156.702,1.574,99.5682,ATTENTION
Plankonvex-Singlets (LA),LA1131-780,49.796,49.7963,49.1978,-598.475,198.261,156.702,1.574,99.5682,ATTENTION
Plankonvex-Singlets (LA),LA1131-A,49.796,49.7963,49.1978,-598.475,198.261,156.702,1.574,99.5682,ATTENTION
Plankonvex-Singlets (LA),LA1131-AB,49.796,49.7963,49.1978,-598.475,198.261,156.702,1.574,99.5682,ATTENTION
Plankonvex-Singlets (LA),LA1131-B,49.796,49.7963,49.1978,-598.475,198.261,156.702,1.574,99.5682,ATTENTION
Plankonvex-Singlets (LA),LA1131-C,49.796,49.7963,49.1978,-598.475,198.261,156.702,1.574,99.5682,ATTENTION
Plankonvex-Singlets (LA),LA1131-D,49.796,49.7963,49.1978,-598.475,198.261,156.702,1.574,99.5682,ATTENTION
Plankonvex-Singlets (LA),LA1131-YAG,49.796,49.7963,49.1978,-598.475,198.261,156.702,1.574,99.5682,ATTENTION
Plankonvex-Singlets (LA),LA1131,49.796,49.7963,49.1978,-598.475,198.261,156.702,1.574,99.5682,ATTENTION
Plankonvex-Singlets (LA),LA1134-A,59.948,59.9481,59.4641,-484.014,131.529,104.742,1.932,54.2204,ATTENTION
Plankonvex-Singlets (LA),LA1134-AB,59.948,59.9481,59.4641,-484.014,131.529,104.742,1.932,54.2204,ATTENTION
Plankonvex-Singlets (LA),LA1134-B,59.948,59.9481,59.4641,-484.014,131.529,104.742,1.932,54.2204,ATTENTION
Plankonvex-Singlets (LA),LA1134-C,59.948,59.9481,59.4641,-484.014,131.529,104.742,1.932,54.2204,ATTENTION
Plankonvex-Singlets (LA),LA1134,59.948,59.9481,59.4641,-484.014,131.529,104.742,1.932,54.2204,ATTENTION
Plankonvex-Singlets (LA),LA1145-A,73.634,73.6343,71.8828,-1751.457,807.563,621.980,1.108,561.3039,ATTENTION
Plankonvex-Singlets (LA),LA1145-AB,73.634,73.6343,71.8828,-1751.457,807.563,621.980,1.108,561.3039,ATTENTION
Plankonvex-Singlets (LA),LA1145-B,73.634,73.6343,71.8828,-1751.457,807.563,621.980,1.108,561.3039,ATTENTION
Plankonvex-Singlets (LA),LA1145-C,73.634,73.6343,71.8828,-1751.457,807.563,621.980,1.108,561.3039,ATTENTION
Plankonvex-Singlets (LA),LA1145,73.634,73.6343,71.8828,-1751.457,807.563,621.980,1.108,561.3039,ATTENTION
Plankonvex-Singlets (LA),LA1172-A,400.561,400.5613,400.4729,-88.381,3.000,2.183,13.494,0.1617,PASSED
Plankonvex-Singlets (LA),LA1172-AB,400.561,400.5613,400.4729,-88.381,3.000,2.183,13.494,0.1617,PASSED
Plankonvex-Singlets (LA),LA1172-B,400.561,400.5613,400.4729,-88.381,3.000,2.183,13.494,0.1617,PASSED
Plankonvex-Singlets (LA),LA1172-C,400.561,400.5613,400.4729,-88.381,3.000,2.183,13.494,0.1617,PASSED
Plankonvex-Singlets (LA),LA1172,400.561,400.5613,400.4729,-88.381,3.000,2.183,13.494,0.1617,PASSED
Plankonvex-Singlets (LA),LA1207-A,100.506,100.5064,100.4334,-73.043,5.553,4.379,6.727,0.6509,PASSED
Plankonvex-Singlets (LA),LA1207-AB,100.506,100.5064,100.4334,-73.043,5.553,4.379,6.727,0.6509,PASSED
Plankonvex-Singlets (LA),LA1207-B,100.506,100.5064,100.4334,-73.043,5.553,4.379,6.727,0.6509,PASSED
Plankonvex-Singlets (LA),LA1207-C,100.506,100.5064,100.4334,-73.043,5.553,4.379,6.727,0.6509,PASSED
Plankonvex-Singlets (LA),LA1207,100.506,100.5064,100.4334,-73.043,5.553,4.379,6.727,0.6509,PASSED
Plankonvex-Singlets (LA),LA1213-A,50.388,50.3884,50.2480,-140.419,22.280,17.852,3.321,5.3755,ATTENTION
Plankonvex-Singlets (LA),LA1213-AB,50.388,50.3884,50.2480,-140.419,22.280,17.852,3.321,5.3755,ATTENTION
Plankonvex-Singlets (LA),LA1213-B,50.388,50.3884,50.2480,-140.419,22.280,17.852,3.321,5.3755,ATTENTION
Plankonvex-Singlets (LA),LA1213-C,50.388,50.3884,50.2480,-140.419,22.280,17.852,3.321,5.3755,ATTENTION
Plankonvex-Singlets (LA),LA1213,50.388,50.3884,50.2480,-140.419,22.280,17.852,3.321,5.3755,ATTENTION
Plankonvex-Singlets (LA),LA1222-A,15.339,15.3390,15.2330,-105.999,27.134,21.643,2.054,10.5373,ATTENTION
Plankonvex-Singlets (LA),LA1222-AB,15.263,15.2632,15.1871,-76.107,24.653,21.652,1.901,11.3889,ATTENTION
Plankonvex-Singlets (LA),LA1222-B,15.339,15.3390,15.2330,-105.999,27.134,21.643,2.054,10.5373,ATTENTION
Plankonvex-Singlets (LA),LA1222-C,15.339,15.3390,15.2330,-105.999,27.134,21.643,2.054,10.5373,ATTENTION
Plankonvex-Singlets (LA),LA1222,15.339,15.3390,15.2330,-105.999,27.134,21.643,2.054,10.5373,ATTENTION
Plankonvex-Singlets (LA),LA1229-A,175.412,175.4117,175.2470,-164.693,14.472,11.479,5.878,1.9531,PASSED
Plankonvex-Singlets (LA),LA1229-AB,175.412,175.4117,175.2470,-164.693,14.472,11.479,5.878,1.9531,PASSED
Plankonvex-Singlets (LA),LA1229-B,175.412,175.4117,175.2470,-164.693,14.472,11.479,5.878,1.9531,PASSED
Plankonvex-Singlets (LA),LA1229-C,175.412,175.4117,175.2470,-164.693,14.472,11.479,5.878,1.9531,PASSED
Plankonvex-Singlets (LA),LA1229,175.412,175.4117,175.2470,-164.693,14.472,11.479,5.878,1.9531,PASSED
Plankonvex-Singlets (LA),LA1237-A,500.508,500.5083,500.4069,-101.408,3.205,2.302,14.283,0.1611,PASSED
Plankonvex-Singlets (LA),LA1237-AB,497.842,497.8421,498.7818,939.618,20.868,2.303,13.219,0.1742,PASSED
Plankonvex-Singlets (LA),LA1237-B,500.508,500.5083,500.4069,-101.408,3.205,2.302,14.283,0.1611,PASSED
Plankonvex-Singlets (LA),LA1237-C,500.508,500.5083,500.4069,-101.408,3.205,2.302,14.283,0.1611,PASSED
Plankonvex-Singlets (LA),LA1237,500.508,500.5083,500.4069,-101.408,3.205,2.302,14.283,0.1611,PASSED
Plankonvex-Singlets (LA),LA1238-A,97.065,97.0652,94.0292,-3036.027,1590.496,1202.913,0.965,1246.8880,ATTENTION
Plankonvex-Singlets (LA),LA1238-AB,96.574,96.5739,93.7275,-2846.364,1552.531,1204.691,0.893,1349.2672,ATTENTION
Plankonvex-Singlets (LA),LA1238-B,97.065,97.0652,94.0292,-3036.027,1590.496,1202.913,0.965,1246.8880,ATTENTION
Plankonvex-Singlets (LA),LA1238-C,97.065,97.0652,94.0292,-3036.027,1590.496,1202.913,0.965,1246.8880,ATTENTION
Plankonvex-Singlets (LA),LA1238,97.065,97.0652,94.0292,-3036.027,1590.496,1202.913,0.965,1246.8880,ATTENTION
Plankonvex-Singlets (LA),LA1251-A,100.287,100.2874,100.0147,-272.710,42.548,34.090,3.377,10.0962,ATTENTION
Plankonvex-Singlets (LA),LA1251-AB,100.268,100.2678,99.9950,-272.763,42.565,34.104,3.376,10.1022,ATTENTION
Plankonvex-Singlets (LA),LA1251-B,100.287,100.2874,100.0147,-272.710,42.548,34.090,3.377,10.0962,ATTENTION
Plankonvex-Singlets (LA),LA1251-C,100.287,100.2874,100.0147,-272.710,42.548,34.090,3.377,10.0962,ATTENTION
Plankonvex-Singlets (LA),LA1251,100.287,100.2874,100.0147,-272.710,42.548,34.090,3.377,10.0962,ATTENTION
Plankonvex-Singlets (LA),LA1252-A,24.764,24.7637,23.0487,-1714.972,1395.488,915.712,0.611,1499.1744,ATTENTION
Plankonvex-Singlets (LA),LA1252-AB,24.764,24.7637,23.0487,-1714.972,1395.488,915.712,0.611,1499.1744,ATTENTION
Plankonvex-Singlets (LA),LA1252-B,24.764,24.7637,23.0487,-1714.972,1395.488,915.712,0.611,1499.1744,ATTENTION
Plankonvex-Singlets (LA),LA1252-C,24.764,24.7637,23.0487,-1714.972,1395.488,915.712,0.611,1499.1744,ATTENTION
Plankonvex-Singlets (LA),LA1252,24.764,24.7637,23.0487,-1714.972,1395.488,915.712,0.611,1499.1744,ATTENTION
Plankonvex-Singlets (LA),LA1253-A,200.451,200.4513,200.3092,-142.036,10.613,8.363,6.834,1.2237,PASSED
Plankonvex-Singlets (LA),LA1253-AB,200.451,200.4513,200.3092,-142.036,10.613,8.363,6.834,1.2237,PASSED
Plankonvex-Singlets (LA),LA1253-B,200.451,200.4513,200.3092,-142.036,10.613,8.363,6.834,1.2237,PASSED
Plankonvex-Singlets (LA),LA1253-C,200.451,200.4513,200.3092,-142.036,10.613,8.363,6.834,1.2237,PASSED
Plankonvex-Singlets (LA),LA1253,200.451,200.4513,200.3092,-142.036,10.613,8.363,6.834,1.2237,PASSED
Plankonvex-Singlets (LA),LA1254-A,1500.659,1500.6595,1500.6425,-17.004,0.176,0.143,48.217,0.0030,PASSED
Plankonvex-Singlets (LA),LA1254-AB,1500.659,1500.6595,1500.6425,-17.004,0.176,0.143,48.217,0.0030,PASSED
Plankonvex-Singlets (LA),LA1254-B,1500.659,1500.6595,1500.6425,-17.004,0.176,0.143,48.217,0.0030,PASSED
Plankonvex-Singlets (LA),LA1254-C,1500.659,1500.6595,1500.6425,-17.004,0.176,0.143,48.217,0.0030,PASSED
Plankonvex-Singlets (LA),LA1254,1500.659,1500.6595,1500.6425,-17.004,0.176,0.143,48.217,0.0030,PASSED
Plankonvex-Singlets (LA),LA1255-A,49.870,49.8697,49.2923,-577.393,187.882,148.627,1.604,92.6888,ATTENTION
Plankonvex-Singlets (LA),LA1255-AB,49.951,49.9507,49.3744,-576.308,187.209,148.106,1.606,92.2002,ATTENTION
Plankonvex-Singlets (LA),LA1255-B,49.870,49.8697,49.2923,-577.393,187.882,148.627,1.604,92.6888,ATTENTION
Plankonvex-Singlets (LA),LA1255-C,49.870,49.8697,49.2923,-577.393,187.882,148.627,1.604,92.6888,ATTENTION
Plankonvex-Singlets (LA),LA1255,49.870,49.8697,49.2923,-577.393,187.882,148.627,1.604,92.6888,ATTENTION
Plankonvex-Singlets (LA),LA1256-A,300.435,300.4348,300.0550,-379.793,39.347,31.359,5.028,6.2363,ATTENTION
Plankonvex-Singlets (LA),LA1256-AB,300.435,300.4348,300.0550,-379.793,39.347,31.359,5.028,6.2363,ATTENTION
Plankonvex-Singlets (LA),LA1256-B,300.435,300.4348,300.0550,-379.793,39.347,31.359,5.028,6.2363,ATTENTION
Plankonvex-Singlets (LA),LA1256-C,300.435,300.4348,300.0550,-379.793,39.347,31.359,5.028,6.2363,ATTENTION
Plankonvex-Singlets (LA),LA1256,300.435,300.4348,300.0550,-379.793,39.347,31.359,5.028,6.2363,ATTENTION
Plankonvex-Singlets (LA),LA1257-A,75.128,75.1285,74.7615,-366.940,77.378,61.922,2.500,24.7700,ATTENTION
Plankonvex-Singlets (LA),LA1257-AB,75.069,75.0692,74.7020,-367.244,77.506,62.024,2.498,24.8310,ATTENTION
Plankonvex-Singlets (LA),LA1257-B,75.128,75.1285,74.7615,-366.940,77.378,61.922,2.500,24.7700,ATTENTION
Plankonvex-Singlets (LA),LA1257-C,75.128,75.1285,74.7615,-366.940,77.378,61.922,2.500,24.7700,ATTENTION
Plankonvex-Singlets (LA),LA1257,75.128,75.1285,74.7615,-366.940,77.378,61.922,2.500,24.7700,ATTENTION
Plankonvex-Singlets (LA),LA1258-A,2000.676,2000.6761,2000.6634,-12.708,0.099,0.080,64.291,0.0013,PASSED
Plankonvex-Singlets (LA),LA1258-AB,2000.676,2000.6761,2000.6634,-12.708,0.099,0.080,64.291,0.0013,PASSED
Plankonvex-Singlets (LA),LA1258-B,2000.676,2000.6761,2000.6634,-12.708,0.099,0.080,64.291,0.0013,PASSED
Plankonvex-Singlets (LA),LA1258-C,2000.676,2000.6761,2000.6634,-12.708,0.099,0.080,64.291,0.0013,PASSED
Plankonvex-Singlets (LA),LA1258,2000.676,2000.6761,2000.6634,-12.708,0.099,0.080,64.291,0.0013,PASSED
Plankonvex-Singlets (LA),LA1259-A,2500.687,2500.6867,2500.6766,-10.121,0.063,0.051,80.365,0.0006,PASSED
Plankonvex-Singlets (LA),LA1259-AB,2500.687,2500.6867,2500.6766,-10.121,0.063,0.051,80.365,0.0006,PASSED
Plankonvex-Singlets (LA),LA1259-B,2500.687,2500.6867,2500.6766,-10.121,0.063,0.051,80.365,0.0006,PASSED
Plankonvex-Singlets (LA),LA1259-C,2500.687,2500.6867,2500.6766,-10.121,0.063,0.051,80.365,0.0006,PASSED
Plankonvex-Singlets (LA),LA1259,2500.687,2500.6867,2500.6766,-10.121,0.063,0.051,80.365,0.0006,PASSED
Plankonvex-Singlets (LA),LA1270-A,24.706,24.7058,24.0301,-675.733,336.343,256.517,1.020,251.4073,ATTENTION
Plankonvex-Singlets (LA),LA1270-AB,24.589,24.5887,23.9604,-628.253,327.268,256.718,0.945,271.7924,ATTENTION
Plankonvex-Singlets (LA),LA1270-B,24.706,24.7058,24.0301,-675.733,336.343,256.517,1.020,251.4073,ATTENTION
Plankonvex-Singlets (LA),LA1270-C,24.706,24.7058,24.0301,-675.733,336.343,256.517,1.020,251.4073,ATTENTION
Plankonvex-Singlets (LA),LA1270,24.706,24.7058,24.0301,-675.733,336.343,256.517,1.020,251.4073,ATTENTION
Plankonvex-Singlets (LA),LA1274-A,39.284,39.2837,38.0795,-1204.189,631.203,477.480,0.964,495.0717,ATTENTION
Plankonvex-Singlets (LA),LA1274-AB,39.098,39.0978,37.9692,-1128.593,615.759,477.890,0.893,535.2419,ATTENTION
Plankonvex-Singlets (LA),LA1274-B,39.284,39.2837,38.0795,-1204.189,631.203,477.480,0.964,495.0717,ATTENTION
Plankonvex-Singlets (LA),LA1274-C,39.284,39.2837,38.0795,-1204.189,631.203,477.480,0.964,495.0717,ATTENTION
Plankonvex-Singlets (LA),LA1274,39.284,39.2837,38.0795,-1204.189,631.203,477.480,0.964,495.0717,ATTENTION
Plankonvex-Singlets (LA),LA1289-A,30.248,30.2483,30.0075,-240.768,65.432,52.108,1.932,26.9740,ATTENTION
Plankonvex-Singlets (LA),LA1289-AB,30.248,30.2483,30.0075,-240.768,65.432,52.108,1.932,26.9740,ATTENTION
Plankonvex-Singlets (LA),LA1289-B,30.248,30.2483,30.0075,-240.768,65.432,52.108,1.932,26.9740,ATTENTION
Plankonvex-Singlets (LA),LA1289-C,30.248,30.2483,30.0075,-240.768,65.432,52.108,1.932,26.9740,ATTENTION
Plankonvex-Singlets (LA),LA1289,30.248,30.2483,30.0075,-240.768,65.432,52.108,1.932,26.9740,ATTENTION
Plankonvex-Singlets (LA),LA1301-A,250.326,250.3259,249.8740,-451.973,56.759,45.397,4.177,10.8683,ATTENTION
Plankonvex-Singlets (LA),LA1301-AB,250.326,250.3259,249.8740,-451.973,56.759,45.397,4.177,10.8683,ATTENTION
Plankonvex-Singlets (LA),LA1301-B,250.326,250.3259,249.8740,-451.973,56.759,45.397,4.177,10.8683,ATTENTION
Plankonvex-Singlets (LA),LA1301-C,250.326,250.3259,249.8740,-451.973,56.759,45.397,4.177,10.8683,ATTENTION
Plankonvex-Singlets (LA),LA1301,250.326,250.3259,249.8740,-451.973,56.759,45.397,4.177,10.8683,ATTENTION
Plankonvex-Singlets (LA),LA1304-633,40.337,40.3374,40.1609,-176.482,35.367,28.318,2.631,10.7613,ATTENTION
Plankonvex-Singlets (LA),LA1304-780,40.337,40.3374,40.1609,-176.482,35.367,28.318,2.631,10.7613,ATTENTION
Plankonvex-Singlets (LA),LA1304-A,40.337,40.3374,40.1609,-176.482,35.367,28.318,2.631,10.7613,ATTENTION
Plankonvex-Singlets (LA),LA1304-AB,40.337,40.3374,40.1609,-176.482,35.367,28.318,2.631,10.7613,ATTENTION
Plankonvex-Singlets (LA),LA1304-B,40.337,40.3374,40.1609,-176.482,35.367,28.318,2.631,10.7613,ATTENTION
Plankonvex-Singlets (LA),LA1304-C,40.337,40.3374,40.1609,-176.482,35.367,28.318,2.631,10.7613,ATTENTION
Plankonvex-Singlets (LA),LA1304-YAG,40.337,40.3374,40.1609,-176.482,35.367,28.318,2.631,10.7613,ATTENTION
Plankonvex-Singlets (LA),LA1304,40.337,40.3374,40.1609,-176.482,35.367,28.318,2.631,10.7613,ATTENTION
Plankonvex-Singlets (LA),LA1353-A,199.111,199.1106,197.8577,-1252.915,299.178,238.966,2.204,108.4055,ATTENTION
Plankonvex-Singlets (LA),LA1353-AB,198.074,198.0740,197.2293,-844.735,268.317,239.096,2.040,117.1847,ATTENTION
Plankonvex-Singlets (LA),LA1353-B,199.111,199.1106,197.8577,-1252.915,299.178,238.966,2.204,108.4055,ATTENTION
Plankonvex-Singlets (LA),LA1353-C,199.111,199.1106,197.8577,-1252.915,299.178,238.966,2.204,108.4055,ATTENTION
Plankonvex-Singlets (LA),LA1353,199.111,199.1106,197.8577,-1252.915,299.178,238.966,2.204,108.4055,ATTENTION
Plankonvex-Singlets (LA),LA1380-A,500.667,500.6666,500.4235,-243.054,14.418,11.204,8.420,1.3306,PASSED
Plankonvex-Singlets (LA),LA1380-AB,500.667,500.6666,500.4235,-243.054,14.418,11.204,8.420,1.3306,PASSED
Plankonvex-Singlets (LA),LA1380-B,500.667,500.6666,500.4235,-243.054,14.418,11.204,8.420,1.3306,PASSED
Plankonvex-Singlets (LA),LA1380-C,500.667,500.6666,500.4235,-243.054,14.418,11.204,8.420,1.3306,PASSED
Plankonvex-Singlets (LA),LA1380,500.667,500.6666,500.4235,-243.054,14.418,11.204,8.420,1.3306,PASSED
Plankonvex-Singlets (LA),LA1384-A,124.620,124.6196,123.6935,-926.103,240.888,192.049,2.020,95.0585,ATTENTION
Plankonvex-Singlets (LA),LA1384-AB,124.620,124.6196,123.6935,-926.103,240.888,192.049,2.020,95.0585,ATTENTION
Plankonvex-Singlets (LA),LA1384-B,124.620,124.6196,123.6935,-926.103,240.888,192.049,2.020,95.0585,ATTENTION
Plankonvex-Singlets (LA),LA1384-C,124.620,124.6196,123.6935,-926.103,240.888,192.049,2.020,95.0585,ATTENTION
Plankonvex-Singlets (LA),LA1384,124.620,124.6196,123.6935,-926.103,240.888,192.049,2.020,95.0585,ATTENTION
Plankonvex-Singlets (LA),LA1385-A,48.855,48.8554,47.2951,-1560.304,834.630,629.834,0.877,717.9675,ATTENTION
Plankonvex-Singlets (LA),LA1385-AB,53.707,53.7070,49.6134,-4093.606,1134.155,529.677,0.877,603.7979,ATTENTION
Plankonvex-Singlets (LA),LA1385-B,48.855,48.8554,47.2951,-1560.304,834.630,629.834,0.877,717.9675,ATTENTION
Plankonvex-Singlets (LA),LA1385-C,48.855,48.8554,47.2951,-1560.304,834.630,629.834,0.877,717.9675,ATTENTION
Plankonvex-Singlets (LA),LA1385,48.855,48.8554,47.2951,-1560.304,834.630,629.834,0.877,717.9675,ATTENTION
Plankonvex-Singlets (LA),LA1386-A,74.556,74.5563,73.6672,-889.114,295.131,233.656,1.463,159.7511,ATTENTION
Plankonvex-Singlets (LA),LA1386-AB,77.555,77.5554,73.6670,-3888.401,822.392,233.658,1.463,159.7528,ATTENTION
Plankonvex-Singlets (LA),LA1386-B,74.556,74.5563,73.6672,-889.114,295.131,233.656,1.463,159.7511,ATTENTION
Plankonvex-Singlets (LA),LA1386-C,74.556,74.5563,73.6672,-889.114,295.131,233.656,1.463,159.7511,ATTENTION
Plankonvex-Singlets (LA),LA1386,74.556,74.5563,73.6672,-889.114,295.131,233.656,1.463,159.7511,ATTENTION
Plankonvex-Singlets (LA),LA1387-A,99.892,99.8920,99.2547,-637.294,155.488,124.512,2.013,61.8517,ATTENTION
Plankonvex-Singlets (LA),LA1387-AB,102.092,102.0920,99.2544,-2837.596,432.961,124.513,2.013,61.8523,ATTENTION
Plankonvex-Singlets (LA),LA1387-B,99.892,99.8920,99.2547,-637.294,155.488,124.512,2.013,61.8517,ATTENTION
Plankonvex-Singlets (LA),LA1387-C,99.892,99.8920,99.2547,-637.294,155.488,124.512,2.013,61.8517,ATTENTION
Plankonvex-Singlets (LA),LA1387,99.892,99.8920,99.2547,-637.294,155.488,124.512,2.013,61.8517,ATTENTION
Plankonvex-Singlets (LA),LA1388-A,150.217,150.2173,149.8049,-412.417,66.189,53.379,3.085,17.3034,ATTENTION
Plankonvex-Singlets (LA),LA1388-AB,151.663,151.6627,149.8044,-1858.264,184.247,53.379,3.085,17.3036,ATTENTION
Plankonvex-Singlets (LA),LA1388-B,150.217,150.2173,149.8049,-412.417,66.189,53.379,3.085,17.3034,ATTENTION
Plankonvex-Singlets (LA),LA1388-C,150.217,150.2173,149.8049,-412.417,66.189,53.379,3.085,17.3034,ATTENTION
Plankonvex-Singlets (LA),LA1388,150.217,150.2173,149.8049,-412.417,66.189,53.379,3.085,17.3034,ATTENTION
Plankonvex-Singlets (LA),LA1389-A,200.376,200.3761,200.0698,-306.293,36.702,29.667,4.143,7.1605,ATTENTION
Plankonvex-Singlets (LA),LA1389-AB,201.455,201.4549,200.0692,-1385.624,102.158,29.667,4.143,7.1606,ATTENTION
Plankonvex-Singlets (LA),LA1389-B,200.376,200.3761,200.0698,-306.293,36.702,29.667,4.143,7.1605,ATTENTION
Plankonvex-Singlets (LA),LA1389-C,200.376,200.3761,200.0698,-306.293,36.702,29.667,4.143,7.1605,ATTENTION
Plankonvex-Singlets (LA),LA1389,200.376,200.3761,200.0698,-306.293,36.702,29.667,4.143,7.1605,ATTENTION
Plankonvex-Singlets (LA),LA1399-A,175.015,175.0146,174.3685,-646.059,117.856,94.420,2.891,32.6603,ATTENTION
Plankonvex-Singlets (LA),LA1399-AB,175.015,175.0146,174.3685,-646.059,117.856,94.420,2.891,32.6603,ATTENTION
Plankonvex-Singlets (LA),LA1399-B,175.015,175.0146,174.3685,-646.059,117.856,94.420,2.891,32.6603,ATTENTION
Plankonvex-Singlets (LA),LA1399-C,175.015,175.0146,174.3685,-646.059,117.856,94.420,2.891,32.6603,ATTENTION
Plankonvex-Singlets (LA),LA1399,175.015,175.0146,174.3685,-646.059,117.856,94.420,2.891,32.6603,ATTENTION
Plankonvex-Singlets (LA),LA1401-A,57.985,57.9850,55.4451,-2539.866,1574.882,1148.703,0.803,1429.6853,ATTENTION
Plankonvex-Singlets (LA),LA1401-AB,57.985,57.9850,55.4451,-2539.866,1574.882,1148.703,0.803,1429.6853,ATTENTION
Plankonvex-Singlets (LA),LA1401-B,57.985,57.9850,55.4451,-2539.866,1574.882,1148.703,0.803,1429.6853,ATTENTION
Plankonvex-Singlets (LA),LA1401-C,57.985,57.9850,55.4451,-2539.866,1574.882,1148.703,0.803,1429.6853,ATTENTION
Plankonvex-Singlets (LA),LA1401,57.985,57.9850,55.4451,-2539.866,1574.882,1148.703,0.803,1429.6853,ATTENTION
Plankonvex-Singlets (LA),LA1417-A,149.861,149.8611,149.1017,-759.331,162.818,130.269,2.458,52.9947,ATTENTION
Plankonvex-Singlets (LA),LA1417-AB,149.861,149.8611,149.1017,-759.331,162.818,130.269,2.458,52.9947,ATTENTION
Plankonvex-Singlets (LA),LA1417-B,149.861,149.8611,149.1017,-759.331,162.818,130.269,2.458,52.9947,ATTENTION
Plankonvex-Singlets (LA),LA1417-C,149.861,149.8611,149.1017,-759.331,162.818,130.269,2.458,52.9947,ATTENTION
Plankonvex-Singlets (LA),LA1417,149.861,149.8611,149.1017,-759.331,162.818,130.269,2.458,52.9947,ATTENTION
Plankonvex-Singlets (LA),LA1419-A,300.396,300.3964,300.2547,-141.747,8.259,6.409,8.555,0.7491,PASSED
Plankonvex-Singlets (LA),LA1419-AB,298.799,298.7994,299.2815,482.045,18.891,6.412,7.919,0.8098,PASSED
Plankonvex-Singlets (LA),LA1419-B,300.396,300.3964,300.2547,-141.747,8.259,6.409,8.555,0.7491,PASSED
Plankonvex-Singlets (LA),LA1419-C,300.396,300.3964,300.2547,-141.747,8.259,6.409,8.555,0.7491,PASSED
Plankonvex-Singlets (LA),LA1419,300.396,300.3964,300.2547,-141.747,8.259,6.409,8.555,0.7491,PASSED
Plankonvex-Singlets (LA),LA1422-A,39.566,39.5655,38.7686,-796.895,340.203,264.192,1.204,219.4653,ATTENTION
Plankonvex-Singlets (LA),LA1422-AB,39.566,39.5655,38.7686,-796.895,340.203,264.192,1.204,219.4653,ATTENTION
Plankonvex-Singlets (LA),LA1422-B,39.566,39.5655,38.7686,-796.895,340.203,264.192,1.204,219.4653,ATTENTION
Plankonvex-Singlets (LA),LA1422-C,39.566,39.5655,38.7686,-796.895,340.203,264.192,1.204,219.4653,ATTENTION
Plankonvex-Singlets (LA),LA1422,39.566,39.5655,38.7686,-796.895,340.203,264.192,1.204,219.4653,ATTENTION
Plankonvex-Singlets (LA),LA1433-633,150.388,150.3878,150.1980,-189.786,19.662,15.671,5.028,3.1163,PASSED
Plankonvex-Singlets (LA),LA1433-780,150.388,150.3878,150.1980,-189.786,19.662,15.671,5.028,3.1163,PASSED
Plankonvex-Singlets (LA),LA1433-A,150.388,150.3878,150.1980,-189.786,19.662,15.671,5.028,3.1163,PASSED
Plankonvex-Singlets (LA),LA1433-AB,150.388,150.3878,150.1980,-189.786,19.662,15.671,5.028,3.1163,PASSED
Plankonvex-Singlets (LA),LA1433-B,150.388,150.3878,150.1980,-189.786,19.662,15.671,5.028,3.1163,PASSED
Plankonvex-Singlets (LA),LA1433-C,150.388,150.3878,150.1980,-189.786,19.662,15.671,5.028,3.1163,PASSED
Plankonvex-Singlets (LA),LA1433-D,150.388,150.3878,150.1980,-189.786,19.662,15.671,5.028,3.1163,PASSED
Plankonvex-Singlets (LA),LA1433-YAG,150.388,150.3878,150.1980,-189.786,19.662,15.671,5.028,3.1163,PASSED
Plankonvex-Singlets (LA),LA1433,150.388,150.3878,150.1980,-189.786,19.662,15.671,5.028,3.1163,PASSED
Plankonvex-Singlets (LA),LA1461-A,250.502,250.5017,250.3802,-121.485,7.206,5.600,8.420,0.6651,PASSED
Plankonvex-Singlets (LA),LA1461-AB,250.502,250.5017,250.3802,-121.485,7.206,5.600,8.420,0.6651,PASSED
Plankonvex-Singlets (LA),LA1461-B,250.502,250.5017,250.3802,-121.485,7.206,5.600,8.420,0.6651,PASSED
Plankonvex-Singlets (LA),LA1461-C,250.502,250.5017,250.3802,-121.485,7.206,5.600,8.420,0.6651,PASSED
Plankonvex-Singlets (LA),LA1461,250.502,250.5017,250.3802,-121.485,7.206,5.600,8.420,0.6651,PASSED
Plankonvex-Singlets (LA),LA1464-633,1000.617,1000.6170,1000.5383,-78.680,0.811,0.349,33.764,0.0103,PASSED
Plankonvex-Singlets (LA),LA1464-780,1000.617,1000.6170,1000.5383,-78.680,0.811,0.349,33.764,0.0103,PASSED
Plankonvex-Singlets (LA),LA1464-A,1000.617,1000.6170,1000.5383,-78.680,0.811,0.349,33.764,0.0103,PASSED
Plankonvex-Singlets (LA),LA1464-AB,1000.617,1000.6170,1000.5383,-78.680,0.811,0.349,33.764,0.0103,PASSED
Plankonvex-Singlets (LA),LA1464-B,1000.617,1000.6170,1000.5383,-78.680,0.811,0.349,33.764,0.0103,PASSED
Plankonvex-Singlets (LA),LA1464-C,1000.617,1000.6170,1000.5383,-78.680,0.811,0.349,33.764,0.0103,PASSED
Plankonvex-Singlets (LA),LA1464-YAG,1000.617,1000.6170,1000.5383,-78.680,0.811,0.349,33.764,0.0103,PASSED
Plankonvex-Singlets (LA),LA1464,1000.617,1000.6170,1000.5383,-78.680,0.811,0.349,33.764,0.0103,PASSED
Plankonvex-Singlets (LA),LA1470-A,12.310,12.3104,12.1741,-136.284,44.378,35.111,1.603,21.9060,ATTENTION
Plankonvex-Singlets (LA),LA1470-AB,12.251,12.2513,12.1385,-112.805,41.736,35.125,1.484,23.6763,ATTENTION
Plankonvex-Singlets (LA),LA1470-B,12.310,12.3104,12.1741,-136.284,44.378,35.111,1.603,21.9060,ATTENTION
Plankonvex-Singlets (LA),LA1470-C,12.310,12.3104,12.1741,-136.284,44.378,35.111,1.603,21.9060,ATTENTION
Plankonvex-Singlets (LA),LA1470,12.310,12.3104,12.1741,-136.284,44.378,35.111,1.603,21.9060,ATTENTION
Plankonvex-Singlets (LA),LA1472-A,20.237,20.2371,20.0546,-182.428,52.949,42.081,1.805,23.3084,ATTENTION
Plankonvex-Singlets (LA),LA1472-AB,20.136,20.1362,19.9937,-142.537,49.064,42.102,1.671,25.1939,ATTENTION
Plankonvex-Singlets (LA),LA1472-B,20.237,20.2371,20.0546,-182.428,52.949,42.081,1.805,23.3084,ATTENTION
Plankonvex-Singlets (LA),LA1472-C,20.237,20.2371,20.0546,-182.428,52.949,42.081,1.805,23.3084,ATTENTION
Plankonvex-Singlets (LA),LA1472,20.237,20.2371,20.0546,-182.428,52.949,42.081,1.805,23.3084,ATTENTION
Plankonvex-Singlets (LA),LA1484-A,300.523,300.5233,300.4174,-105.883,5.091,3.885,10.112,0.3842,PASSED
Plankonvex-Singlets (LA),LA1484-AB,300.523,300.5233,300.4174,-105.883,5.091,3.885,10.112,0.3842,PASSED
Plankonvex-Singlets (LA),LA1484-B,300.523,300.5233,300.4174,-105.883,5.091,3.885,10.112,0.3842,PASSED
Plankonvex-Singlets (LA),LA1484-C,300.523,300.5233,300.4174,-105.883,5.091,3.885,10.112,0.3842,PASSED
Plankonvex-Singlets (LA),LA1484,300.523,300.5233,300.4174,-105.883,5.091,3.885,10.112,0.3842,PASSED
Plankonvex-Singlets (LA),LA1509-633,100.253,100.2532,99.9717,-281.581,44.667,35.790,3.322,10.7747,ATTENTION
Plankonvex-Singlets (LA),LA1509-780,100.253,100.2532,99.9717,-281.581,44.667,35.790,3.322,10.7747,ATTENTION
Plankonvex-Singlets (LA),LA1509-A,100.253,100.2532,99.9717,-281.581,44.667,35.790,3.322,10.7747,ATTENTION
Plankonvex-Singlets (LA),LA1509-AB,99.708,99.7084,99.6326,-75.804,36.541,35.821,3.074,11.6538,ATTENTION
Plankonvex-Singlets (LA),LA1509-B,100.253,100.2532,99.9717,-281.581,44.667,35.790,3.322,10.7747,ATTENTION
Plankonvex-Singlets (LA),LA1509-C,100.253,100.2532,99.9717,-281.581,44.667,35.790,3.322,10.7747,ATTENTION
Plankonvex-Singlets (LA),LA1509-D,100.253,100.2532,99.9717,-281.581,44.667,35.790,3.322,10.7747,ATTENTION
Plankonvex-Singlets (LA),LA1509-YAG,100.253,100.2532,99.9717,-281.581,44.667,35.790,3.322,10.7747,ATTENTION
Plankonvex-Singlets (LA),LA1509,100.253,100.2532,99.9717,-281.581,44.667,35.790,3.322,10.7747,ATTENTION
Plankonvex-Singlets (LA),LA1540-633,14.872,14.8723,14.2509,-621.391,386.090,281.800,0.803,351.0983,ATTENTION
Plankonvex-Singlets (LA),LA1540-780,14.872,14.8723,14.2509,-621.391,386.090,281.800,0.803,351.0983,ATTENTION
Plankonvex-Singlets (LA),LA1540-A,14.872,14.8723,14.2509,-621.391,386.090,281.800,0.803,351.0983,ATTENTION
Plankonvex-Singlets (LA),LA1540-AB,14.872,14.8723,14.2509,-621.391,386.090,281.800,0.803,351.0983,ATTENTION
Plankonvex-Singlets (LA),LA1540-B,14.872,14.8723,14.2509,-621.391,386.090,281.800,0.803,351.0983,ATTENTION
Plankonvex-Singlets (LA),LA1540-C,14.872,14.8723,14.2509,-621.391,386.090,281.800,0.803,351.0983,ATTENTION
Plankonvex-Singlets (LA),LA1540-D,14.872,14.8723,14.2509,-621.391,386.090,281.800,0.803,351.0983,ATTENTION
Plankonvex-Singlets (LA),LA1540-YAG,14.872,14.8723,14.2509,-621.391,386.090,281.800,0.803,351.0983,ATTENTION
Plankonvex-Singlets (LA),LA1540,14.872,14.8723,14.2509,-621.391,386.090,281.800,0.803,351.0983,ATTENTION
Plankonvex-Singlets (LA),LA1541-A,200.258,200.2578,200.0573,-200.525,18.255,14.496,5.685,2.5498,PASSED
Plankonvex-Singlets (LA),LA1541-AB,199.196,199.1962,199.4106,214.424,18.762,14.503,5.262,2.7562,PASSED
Plankonvex-Singlets (LA),LA1541-B,200.258,200.2578,200.0573,-200.525,18.255,14.496,5.685,2.5498,PASSED
Plankonvex-Singlets (LA),LA1541-C,200.258,200.2578,200.0573,-200.525,18.255,14.496,5.685,2.5498,PASSED
Plankonvex-Singlets (LA),LA1541,200.258,200.2578,200.0573,-200.525,18.255,14.496,5.685,2.5498,PASSED
Plankonvex-Singlets (LA),LA1560-A,25.166,25.1660,24.8686,-297.409,98.578,77.918,1.573,49.5310,ATTENTION
Plankonvex-Singlets (LA),LA1560-AB,25.166,25.1660,24.8686,-297.409,98.578,77.918,1.573,49.5310,ATTENTION
Plankonvex-Singlets (LA),LA1560-B,25.166,25.1660,24.8686,-297.409,98.578,77.918,1.573,49.5310,ATTENTION
Plankonvex-Singlets (LA),LA1560-C,25.166,25.1660,24.8686,-297.409,98.578,77.918,1.573,49.5310,ATTENTION
Plankonvex-Singlets (LA),LA1560-D,25.166,25.1660,24.8686,-297.409,98.578,77.918,1.573,49.5310,ATTENTION
Plankonvex-Singlets (LA),LA1560,25.166,25.1660,24.8686,-297.409,98.578,77.918,1.573,49.5310,ATTENTION
Plankonvex-Singlets (LA),LA1576-A,12.055,12.0551,11.7000,-355.108,186.255,140.961,0.964,146.1543,ATTENTION
Plankonvex-Singlets (LA),LA1576-AB,12.000,12.0004,11.6676,-332.817,181.687,141.059,0.893,157.9881,ATTENTION
Plankonvex-Singlets (LA),LA1576-B,12.055,12.0551,11.7000,-355.108,186.255,140.961,0.964,146.1543,ATTENTION
Plankonvex-Singlets (LA),LA1576-C,12.055,12.0551,11.7000,-355.108,186.255,140.961,0.964,146.1543,ATTENTION
Plankonvex-Singlets (LA),LA1576,12.055,12.0551,11.7000,-355.108,186.255,140.961,0.964,146.1543,ATTENTION
Plankonvex-Singlets (LA),LA1608-633,75.100,75.1003,74.7211,-379.204,81.311,65.057,2.458,26.4656,ATTENTION
Plankonvex-Singlets (LA),LA1608-780,75.100,75.1003,74.7211,-379.204,81.311,65.057,2.458,26.4656,ATTENTION
Plankonvex-Singlets (LA),LA1608-A,75.100,75.1003,74.7211,-379.204,81.311,65.057,2.458,26.4656,ATTENTION
Plankonvex-Singlets (LA),LA1608-AB,75.100,75.1003,74.7211,-379.204,81.311,65.057,2.458,26.4656,ATTENTION
Plankonvex-Singlets (LA),LA1608-B,75.100,75.1003,74.7211,-379.204,81.311,65.057,2.458,26.4656,ATTENTION
Plankonvex-Singlets (LA),LA1608-C,75.100,75.1003,74.7211,-379.204,81.311,65.057,2.458,26.4656,ATTENTION
Plankonvex-Singlets (LA),LA1608-D,75.100,75.1003,74.7211,-379.204,81.311,65.057,2.458,26.4656,ATTENTION
Plankonvex-Singlets (LA),LA1608-YAG,75.100,75.1003,74.7211,-379.204,81.311,65.057,2.458,26.4656,ATTENTION
Plankonvex-Singlets (LA),LA1608,75.100,75.1003,74.7211,-379.204,81.311,65.057,2.458,26.4656,ATTENTION
Plankonvex-Singlets (LA),LA1610-A,35.263,35.2630,35.1288,-134.187,41.599,37.213,2.121,17.5413,ATTENTION
Plankonvex-Singlets (LA),LA1610-AB,35.263,35.2630,35.1288,-134.187,41.599,37.213,2.121,17.5413,ATTENTION
Plankonvex-Singlets (LA),LA1610-B,35.263,35.2630,35.1288,-134.187,41.599,37.213,2.121,17.5413,ATTENTION
Plankonvex-Singlets (LA),LA1610-C,35.263,35.2630,35.1288,-134.187,41.599,37.213,2.121,17.5413,ATTENTION
Plankonvex-Singlets (LA),LA1610,35.263,35.2630,35.1288,-134.187,41.599,37.213,2.121,17.5413,ATTENTION
Plankonvex-Singlets (LA),LA1611-A,60.508,60.5082,60.5103,2.098,12.200,12.199,3.721,3.2786,PASSED
Plankonvex-Singlets (LA),LA1611-AB,60.508,60.5082,60.5103,2.098,12.200,12.199,3.721,3.2786,PASSED
Plankonvex-Singlets (LA),LA1611-B,60.508,60.5082,60.5103,2.098,12.200,12.199,3.721,3.2786,PASSED
Plankonvex-Singlets (LA),LA1611-C,60.508,60.5082,60.5103,2.098,12.200,12.199,3.721,3.2786,PASSED
Plankonvex-Singlets (LA),LA1611,60.508,60.5082,60.5103,2.098,12.200,12.199,3.721,3.2786,PASSED
Plankonvex-Singlets (LA),LA1612-A,75.388,75.3881,75.4429,54.816,8.492,7.768,4.670,1.6634,PASSED
Plankonvex-Singlets (LA),LA1612-AB,75.388,75.3881,75.4429,54.816,8.492,7.768,4.670,1.6634,PASSED
Plankonvex-Singlets (LA),LA1612-B,75.388,75.3881,75.4429,54.816,8.492,7.768,4.670,1.6634,PASSED
Plankonvex-Singlets (LA),LA1612-C,75.388,75.3881,75.4429,54.816,8.492,7.768,4.670,1.6634,PASSED
Plankonvex-Singlets (LA),LA1612,75.388,75.3881,75.4429,54.816,8.492,7.768,4.670,1.6634,PASSED
Plankonvex-Singlets (LA),LA1613-A,34.463,34.4630,125.6428,91179.791,2131.330,0.912,11.746,0.0776,PASSED
Plankonvex-Singlets (LA),LA1613-AB,34.463,34.4630,125.6428,91179.791,2131.330,0.912,11.746,0.0776,PASSED
Plankonvex-Singlets (LA),LA1613-B,34.463,34.4630,125.6428,91179.791,2131.330,0.912,11.746,0.0776,PASSED
Plankonvex-Singlets (LA),LA1613-C,34.463,34.4630,125.6428,91179.791,2131.330,0.912,11.746,0.0776,PASSED
Plankonvex-Singlets (LA),LA1613,34.463,34.4630,125.6428,91179.791,2131.330,0.912,11.746,0.0776,PASSED
Plankonvex-Singlets (LA),LA1614-A,150.298,150.2983,150.5457,247.342,7.925,1.928,9.391,0.2053,PASSED
Plankonvex-Singlets (LA),LA1614-AB,150.298,150.2983,150.5457,247.342,7.925,1.928,9.391,0.2053,PASSED
Plankonvex-Singlets (LA),LA1614-B,150.298,150.2983,150.5457,247.342,7.925,1.928,9.391,0.2053,PASSED
Plankonvex-Singlets (LA),LA1614-C,150.298,150.2983,150.5457,247.342,7.925,1.928,9.391,0.2053,PASSED
Plankonvex-Singlets (LA),LA1614,150.298,150.2983,150.5457,247.342,7.925,1.928,9.391,0.2053,PASSED
Plankonvex-Singlets (LA),LA1615-A,150.298,150.2983,175.5748,25276.499,672.941,1.416,10.961,0.1292,PASSED
Plankonvex-Singlets (LA),LA1615-AB,150.298,150.2983,175.5748,25276.499,672.941,1.416,10.961,0.1292,PASSED
Plankonvex-Singlets (LA),LA1615-B,150.298,150.2983,175.5748,25276.499,672.941,1.416,10.961,0.1292,PASSED
Plankonvex-Singlets (LA),LA1615-C,150.298,150.2983,175.5748,25276.499,672.941,1.416,10.961,0.1292,PASSED
Plankonvex-Singlets (LA),LA1615,150.298,150.2983,175.5748,25276.499,672.941,1.416,10.961,0.1292,PASSED
Plankonvex-Singlets (LA),LA1616-A,200.240,200.2402,200.5967,356.493,8.372,1.084,12.531,0.0865,PASSED
Plankonvex-Singlets (LA),LA1616-AB,200.240,200.2402,200.5967,356.493,8.372,1.084,12.531,0.0865,PASSED
Plankonvex-Singlets (LA),LA1616-B,200.240,200.2402,200.5967,356.493,8.372,1.084,12.531,0.0865,PASSED
Plankonvex-Singlets (LA),LA1616-C,200.240,200.2402,200.5967,356.493,8.372,1.084,12.531,0.0865,PASSED
Plankonvex-Singlets (LA),LA1616,200.240,200.2402,200.5967,356.493,8.372,1.084,12.531,0.0865,PASSED
Plankonvex-Singlets (LA),LA1617-A,250.166,250.1662,250.6273,461.080,8.614,0.693,15.669,0.0442,PASSED
Plankonvex-Singlets (LA),LA1617-AB,250.166,250.1662,250.6273,461.080,8.614,0.693,15.669,0.0442,PASSED
Plankonvex-Singlets (LA),LA1617-B,250.166,250.1662,250.6273,461.080,8.614,0.693,15.669,0.0442,PASSED
Plankonvex-Singlets (LA),LA1617-C,250.166,250.1662,250.6273,461.080,8.614,0.693,15.669,0.0442,PASSED
Plankonvex-Singlets (LA),LA1617,250.166,250.1662,250.6273,461.080,8.614,0.693,15.669,0.0442,PASSED
Plankonvex-Singlets (LA),LA1618-A,250.166,250.1662,300.6477,50481.464,783.166,0.481,18.807,0.0256,PASSED
Plankonvex-Singlets (LA),LA1618-AB,250.166,250.1662,300.6477,50481.464,783.166,0.481,18.807,0.0256,PASSED
Plankonvex-Singlets (LA),LA1618-B,250.166,250.1662,300.6477,50481.464,783.166,0.481,18.807,0.0256,PASSED
Plankonvex-Singlets (LA),LA1618-C,250.166,250.1662,300.6477,50481.464,783.166,0.481,18.807,0.0256,PASSED
Plankonvex-Singlets (LA),LA1618,250.166,250.1662,300.6477,50481.464,783.166,0.481,18.807,0.0256,PASSED
Plankonvex-Singlets (LA),LA1619-A,349.998,349.9978,350.6622,664.464,8.842,0.354,21.944,0.0161,PASSED
Plankonvex-Singlets (LA),LA1619-AB,349.998,349.9978,350.6622,664.464,8.842,0.354,21.944,0.0161,PASSED
Plankonvex-Singlets (LA),LA1619-B,349.998,349.9978,350.6622,664.464,8.842,0.354,21.944,0.0161,PASSED
Plankonvex-Singlets (LA),LA1619-C,349.998,349.9978,350.6622,664.464,8.842,0.354,21.944,0.0161,PASSED
Plankonvex-Singlets (LA),LA1619,349.998,349.9978,350.6622,664.464,8.842,0.354,21.944,0.0161,PASSED
Plankonvex-Singlets (LA),LA1620-A,349.998,349.9978,400.6731,50675.385,589.492,0.271,25.081,0.0108,PASSED
Plankonvex-Singlets (LA),LA1620-AB,349.998,349.9978,400.6731,50675.385,589.492,0.271,25.081,0.0108,PASSED
Plankonvex-Singlets (LA),LA1620-B,349.998,349.9978,400.6731,50675.385,589.492,0.271,25.081,0.0108,PASSED
Plankonvex-Singlets (LA),LA1620-C,349.998,349.9978,400.6731,50675.385,589.492,0.271,25.081,0.0108,PASSED
Plankonvex-Singlets (LA),LA1620,349.998,349.9978,400.6731,50675.385,589.492,0.271,25.081,0.0108,PASSED
Plankonvex-Singlets (LA),LA1621-A,349.998,349.9978,450.6816,100683.879,1041.023,0.214,28.218,0.0076,PASSED
Plankonvex-Singlets (LA),LA1621-AB,349.998,349.9978,450.6816,100683.879,1041.023,0.214,28.218,0.0076,PASSED
Plankonvex-Singlets (LA),LA1621-B,349.998,349.9978,450.6816,100683.879,1041.023,0.214,28.218,0.0076,PASSED
Plankonvex-Singlets (LA),LA1621-C,349.998,349.9978,450.6816,100683.879,1041.023,0.214,28.218,0.0076,PASSED
Plankonvex-Singlets (LA),LA1621,349.998,349.9978,450.6816,100683.879,1041.023,0.214,28.218,0.0076,PASSED
Plankonvex-Singlets (LA),LA1622-A,349.998,349.9978,500.6884,150690.676,1402.199,0.173,31.354,0.0055,PASSED
Plankonvex-Singlets (LA),LA1622-AB,349.998,349.9978,500.6884,150690.676,1402.199,0.173,31.354,0.0055,PASSED
Plankonvex-Singlets (LA),LA1622-B,349.998,349.9978,500.6884,150690.676,1402.199,0.173,31.354,0.0055,PASSED
Plankonvex-Singlets (LA),LA1622-C,349.998,349.9978,500.6884,150690.676,1402.199,0.173,31.354,0.0055,PASSED
Plankonvex-Singlets (LA),LA1622,349.998,349.9978,500.6884,150690.676,1402.199,0.173,31.354,0.0055,PASSED
Plankonvex-Singlets (LA),LA1623-A,599.469,599.4687,600.6305,1161.735,9.009,0.120,37.627,0.0032,PASSED
Plankonvex-Singlets (LA),LA1623-AB,599.469,599.4687,600.6305,1161.735,9.009,0.120,37.627,0.0032,PASSED
Plankonvex-Singlets (LA),LA1623-B,599.469,599.4687,600.6305,1161.735,9.009,0.120,37.627,0.0032,PASSED
Plankonvex-Singlets (LA),LA1623-C,599.469,599.4687,600.6305,1161.735,9.009,0.120,37.627,0.0032,PASSED
Plankonvex-Singlets (LA),LA1623,599.469,599.4687,600.6305,1161.735,9.009,0.120,37.627,0.0032,PASSED
Plankonvex-Singlets (LA),LA1624-A,599.469,599.4687,750.6407,151171.936,937.684,0.077,47.035,0.0016,PASSED
Plankonvex-Singlets (LA),LA1624-AB,599.469,599.4687,750.6407,151171.936,937.684,0.077,47.035,0.0016,PASSED
Plankonvex-Singlets (LA),LA1624-B,599.469,599.4687,750.6407,151171.936,937.684,0.077,47.035,0.0016,PASSED
Plankonvex-Singlets (LA),LA1624-C,599.469,599.4687,750.6407,151171.936,937.684,0.077,47.035,0.0016,PASSED
Plankonvex-Singlets (LA),LA1624,599.469,599.4687,750.6407,151171.936,937.684,0.077,47.035,0.0016,PASSED
Plankonvex-Singlets (LA),LA1625-A,599.469,599.4687,850.6455,251176.739,1374.671,0.060,53.308,0.0011,PASSED
Plankonvex-Singlets (LA),LA1625-AB,599.469,599.4687,850.6455,251176.739,1374.671,0.060,53.308,0.0011,PASSED
Plankonvex-Singlets (LA),LA1625-B,599.469,599.4687,850.6455,251176.739,1374.671,0.060,53.308,0.0011,PASSED
Plankonvex-Singlets (LA),LA1625-C,599.469,599.4687,850.6455,251176.739,1374.671,0.060,53.308,0.0011,PASSED
Plankonvex-Singlets (LA),LA1625,599.469,599.4687,850.6455,251176.739,1374.671,0.060,53.308,0.0011,PASSED
Plankonvex-Singlets (LA),LA1626-A,599.469,599.4687,1000.6509,401182.144,1866.258,0.043,62.716,0.0007,PASSED
Plankonvex-Singlets (LA),LA1626-AB,599.469,599.4687,1000.6509,401182.144,1866.258,0.043,62.716,0.0007,PASSED
Plankonvex-Singlets (LA),LA1626-B,599.469,599.4687,1000.6509,401182.144,1866.258,0.043,62.716,0.0007,PASSED
Plankonvex-Singlets (LA),LA1626-C,599.469,599.4687,1000.6509,401182.144,1866.258,0.043,62.716,0.0007,PASSED
Plankonvex-Singlets (LA),LA1626,599.469,599.4687,1000.6509,401182.144,1866.258,0.043,62.716,0.0007,PASSED
Plankonvex-Singlets (LA),LA1627-A,599.469,599.4687,1500.6685,901199.713,2134.274,0.015,94.076,0.0002,PASSED
Plankonvex-Singlets (LA),LA1627-AB,599.469,599.4687,1500.6685,901199.713,2134.274,0.015,94.076,0.0002,PASSED
Plankonvex-Singlets (LA),LA1627-B,599.469,599.4687,1500.6685,901199.713,2134.274,0.015,94.076,0.0002,PASSED
Plankonvex-Singlets (LA),LA1627-C,599.469,599.4687,1500.6685,901199.713,2134.274,0.015,94.076,0.0002,PASSED
Plankonvex-Singlets (LA),LA1627,599.469,599.4687,1500.6685,901199.713,2134.274,0.015,94.076,0.0002,PASSED
Plankonvex-Singlets (LA),LA1628-A,599.469,599.4687,2000.6746,1401205.841,2138.228,0.003,188.155,0.0000,PASSED
Plankonvex-Singlets (LA),LA1628-AB,599.469,599.4687,2000.6746,1401205.841,2138.228,0.003,188.155,0.0000,PASSED
Plankonvex-Singlets (LA),LA1628-B,599.469,599.4687,2000.6746,1401205.841,2138.228,0.003,188.155,0.0000,PASSED
Plankonvex-Singlets (LA),LA1628-C,599.469,599.4687,2000.6746,1401205.841,2138.228,0.003,188.155,0.0000,PASSED
Plankonvex-Singlets (LA),LA1628,599.469,599.4687,2000.6746,1401205.841,2138.228,0.003,188.155,0.0000,PASSED
Plankonvex-Singlets (LA),LA1629-A,2495.782,2495.7816,2500.6693,4887.673,9.094,0.007,156.795,0.0000,PASSED
Plankonvex-Singlets (LA),LA1629-AB,2495.782,2495.7816,2500.6693,4887.673,9.094,0.007,156.795,0.0000,PASSED
Plankonvex-Singlets (LA),LA1629-B,2495.782,2495.7816,2500.6693,4887.673,9.094,0.007,156.795,0.0000,PASSED
Plankonvex-Singlets (LA),LA1629-C,2495.782,2495.7816,2500.6693,4887.673,9.094,0.007,156.795,0.0000,PASSED
Plankonvex-Singlets (LA),LA1629,2495.782,2495.7816,2500.6693,4887.673,9.094,0.007,156.795,0.0000,PASSED
Plankonvex-Singlets (LA),LA1630-A,349.896,349.8958,350.5020,606.221,16.386,2.834,10.961,0.2586,PASSED
Plankonvex-Singlets (LA),LA1630-AB,349.896,349.8958,350.5020,606.221,16.386,2.834,10.961,0.2586,PASSED
Plankonvex-Singlets (LA),LA1630-B,349.896,349.8958,350.5020,606.221,16.386,2.834,10.961,0.2586,PASSED
Plankonvex-Singlets (LA),LA1630-C,349.896,349.8958,350.5020,606.221,16.386,2.834,10.961,0.2586,PASSED
Plankonvex-Singlets (LA),LA1630,349.896,349.8958,350.5020,606.221,16.386,2.834,10.961,0.2586,PASSED
Plankonvex-Singlets (LA),LA1631-A,349.796,349.7958,450.5593,100763.495,1989.160,1.772,14.100,0.1256,PASSED
Plankonvex-Singlets (LA),LA1631-AB,349.796,349.7958,450.5593,100763.495,1989.160,1.772,14.100,0.1256,PASSED
Plankonvex-Singlets (LA),LA1631-B,349.796,349.7958,450.5593,100763.495,1989.160,1.772,14.100,0.1256,PASSED
Plankonvex-Singlets (LA),LA1631-C,349.796,349.7958,450.5593,100763.495,1989.160,1.772,14.100,0.1256,PASSED
Plankonvex-Singlets (LA),LA1631,349.796,349.7958,450.5593,100763.495,1989.160,1.772,14.100,0.1256,PASSED
Plankonvex-Singlets (LA),LA1632-A,599.418,599.4178,600.5456,1127.788,17.523,0.963,18.807,0.0512,PASSED
Plankonvex-Singlets (LA),LA1632-AB,599.418,599.4178,600.5456,1127.788,17.523,0.963,18.807,0.0512,PASSED
Plankonvex-Singlets (LA),LA1632-B,599.418,599.4178,600.5456,1127.788,17.523,0.963,18.807,0.0512,PASSED
Plankonvex-Singlets (LA),LA1632-C,599.418,599.4178,600.5456,1127.788,17.523,0.963,18.807,0.0512,PASSED
Plankonvex-Singlets (LA),LA1632,599.418,599.4178,600.5456,1127.788,17.523,0.963,18.807,0.0512,PASSED
Plankonvex-Singlets (LA),LA1633-A,848.975,848.9754,850.6056,1630.193,17.854,0.480,26.649,0.0180,PASSED
Plankonvex-Singlets (LA),LA1633-AB,848.975,848.9754,850.6056,1630.193,17.854,0.480,26.649,0.0180,PASSED
Plankonvex-Singlets (LA),LA1633-B,848.975,848.9754,850.6056,1630.193,17.854,0.480,26.649,0.0180,PASSED
Plankonvex-Singlets (LA),LA1633-C,848.975,848.9754,850.6056,1630.193,17.854,0.480,26.649,0.0180,PASSED
Plankonvex-Singlets (LA),LA1633,848.975,848.9754,850.6056,1630.193,17.854,0.480,26.649,0.0180,PASSED
Plankonvex-Singlets (LA),LA1634-A,349.861,349.8605,350.2318,371.235,30.254,22.822,5.459,4.1807,PASSED
Plankonvex-Singlets (LA),LA1634-AB,349.861,349.8605,350.2318,371.235,30.254,22.822,5.459,4.1807,PASSED
Plankonvex-Singlets (LA),LA1634-B,349.861,349.8605,350.2318,371.235,30.254,22.822,5.459,4.1807,PASSED
Plankonvex-Singlets (LA),LA1634-C,349.861,349.8605,350.2318,371.235,30.254,22.822,5.459,4.1807,PASSED
Plankonvex-Singlets (LA),LA1634,349.861,349.8605,350.2318,371.235,30.254,22.822,5.459,4.1807,PASSED
Plankonvex-Singlets (LA),LA1635-A,449.806,449.8064,450.4432,636.884,29.802,13.759,7.033,1.9563,PASSED
Plankonvex-Singlets (LA),LA1635-AB,449.806,449.8064,450.4432,636.884,29.802,13.759,7.033,1.9563,PASSED
Plankonvex-Singlets (LA),LA1635-B,449.806,449.8064,450.4432,636.884,29.802,13.759,7.033,1.9563,PASSED
Plankonvex-Singlets (LA),LA1635-C,449.806,449.8064,450.4432,636.884,29.802,13.759,7.033,1.9563,PASSED
Plankonvex-Singlets (LA),LA1635,449.806,449.8064,450.4432,636.884,29.802,13.759,7.033,1.9563,PASSED
Plankonvex-Singlets (LA),LA1636-A,601.218,601.2178,600.5461,-671.673,22.257,7.723,9.391,0.8224,PASSED
Plankonvex-Singlets (LA),LA1636-AB,601.218,601.2178,600.5461,-671.673,22.257,7.723,9.391,0.8224,PASSED
Plankonvex-Singlets (LA),LA1636-B,601.218,601.2178,600.5461,-671.673,22.257,7.723,9.391,0.8224,PASSED
Plankonvex-Singlets (LA),LA1636-C,601.218,601.2178,600.5461,-671.673,22.257,7.723,9.391,0.8224,PASSED
Plankonvex-Singlets (LA),LA1636,601.218,601.2178,600.5461,-671.673,22.257,7.723,9.391,0.8224,PASSED
Plankonvex-Singlets (LA),LA1637-A,849.185,849.1847,850.7186,1533.851,33.831,3.843,13.316,0.2886,PASSED
Plankonvex-Singlets (LA),LA1637-AB,849.185,849.1847,850.7186,1533.851,33.831,3.843,13.316,0.2886,PASSED
Plankonvex-Singlets (LA),LA1637-B,849.185,849.1847,850.7186,1533.851,33.831,3.843,13.316,0.2886,PASSED
Plankonvex-Singlets (LA),LA1637-C,849.185,849.1847,850.7186,1533.851,33.831,3.843,13.316,0.2886,PASSED
Plankonvex-Singlets (LA),LA1637,849.185,849.1847,850.7186,1533.851,33.831,3.843,13.316,0.2886,PASSED
Plankonvex-Singlets (LA),LA1700-A,30.425,30.4248,30.3726,-52.224,6.451,5.159,4.245,1.2154,PASSED
Plankonvex-Singlets (LA),LA1700-AB,30.268,30.2676,30.2769,9.281,5.207,5.161,3.929,1.3137,PASSED
Plankonvex-Singlets (LA),LA1700-B,30.425,30.4248,30.3726,-52.224,6.451,5.159,4.245,1.2154,PASSED
Plankonvex-Singlets (LA),LA1700-C,30.425,30.4248,30.3726,-52.224,6.451,5.159,4.245,1.2154,PASSED
Plankonvex-Singlets (LA),LA1700,30.425,30.4248,30.3726,-52.224,6.451,5.159,4.245,1.2154,PASSED
Plankonvex-Singlets (LA),LA1708-633,200.449,200.4488,200.3025,-146.304,11.123,8.771,6.726,1.3041,PASSED
Plankonvex-Singlets (LA),LA1708-780,200.449,200.4488,200.3025,-146.304,11.123,8.771,6.726,1.3041,PASSED
Plankonvex-Singlets (LA),LA1708-A,200.449,200.4488,200.3025,-146.304,11.123,8.771,6.726,1.3041,PASSED
Plankonvex-Singlets (LA),LA1708-AB,200.449,200.4488,200.3025,-146.304,11.123,8.771,6.726,1.3041,PASSED
Plankonvex-Singlets (LA),LA1708-B,200.449,200.4488,200.3025,-146.304,11.123,8.771,6.726,1.3041,PASSED
Plankonvex-Singlets (LA),LA1708-C,200.449,200.4488,200.3025,-146.304,11.123,8.771,6.726,1.3041,PASSED
Plankonvex-Singlets (LA),LA1708-YAG,200.449,200.4488,200.3025,-146.304,11.123,8.771,6.726,1.3041,PASSED
Plankonvex-Singlets (LA),LA1708,200.449,200.4488,200.3025,-146.304,11.123,8.771,6.726,1.3041,PASSED
Plankonvex-Singlets (LA),LA1725-A,400.580,400.5801,400.2874,-292.722,22.253,17.548,6.726,2.6088,PASSED
Plankonvex-Singlets (LA),LA1725-AB,400.580,400.5801,400.2874,-292.722,22.253,17.548,6.726,2.6088,PASSED
Plankonvex-Singlets (LA),LA1725-B,400.580,400.5801,400.2874,-292.722,22.253,17.548,6.726,2.6088,PASSED
Plankonvex-Singlets (LA),LA1725-C,400.580,400.5801,400.2874,-292.722,22.253,17.548,6.726,2.6088,PASSED
Plankonvex-Singlets (LA),LA1725,400.580,400.5801,400.2874,-292.722,22.253,17.548,6.726,2.6088,PASSED
Plankonvex-Singlets (LA),LA1727-A,750.776,750.7762,750.5929,-183.279,6.740,4.969,12.649,0.3928,PASSED
Plankonvex-Singlets (LA),LA1727-AB,750.776,750.7762,750.5929,-183.279,6.740,4.969,12.649,0.3928,PASSED
Plankonvex-Singlets (LA),LA1727-B,750.776,750.7762,750.5929,-183.279,6.740,4.969,12.649,0.3928,PASSED
Plankonvex-Singlets (LA),LA1727-C,750.776,750.7762,750.5929,-183.279,6.740,4.969,12.649,0.3928,PASSED
Plankonvex-Singlets (LA),LA1727,750.776,750.7762,750.5929,-183.279,6.740,4.969,12.649,0.3928,PASSED
Plankonvex-Singlets (LA),LA1740-A,81.330,81.3302,82.8763,1546.124,1772.736,1708.764,0.750,2277.4874,ATTENTION
Plankonvex-Singlets (LA),LA1740-AB,80.956,80.9558,82.6428,1686.967,1787.606,1711.275,0.695,2463.4751,ATTENTION
Plankonvex-Singlets (LA),LA1740-B,81.330,81.3302,82.8763,1546.124,1772.736,1708.764,0.750,2277.4874,ATTENTION
Plankonvex-Singlets (LA),LA1740-C,81.330,81.3302,82.8763,1546.124,1772.736,1708.764,0.750,2277.4874,ATTENTION
Plankonvex-Singlets (LA),LA1740,81.330,81.3302,82.8763,1546.124,1772.736,1708.764,0.750,2277.4874,ATTENTION
Plankonvex-Singlets (LA),LA1765-A,75.043,75.0434,74.5070,-536.314,137.154,109.393,2.056,53.2145,ATTENTION
Plankonvex-Singlets (LA),LA1765-AB,74.658,74.6579,74.2736,-384.304,124.568,109.450,1.903,57.5226,ATTENTION
Plankonvex-Singlets (LA),LA1765-B,75.043,75.0434,74.5070,-536.314,137.154,109.393,2.056,53.2145,ATTENTION
Plankonvex-Singlets (LA),LA1765-C,75.043,75.0434,74.5070,-536.314,137.154,109.393,2.056,53.2145,ATTENTION
Plankonvex-Singlets (LA),LA1765,75.043,75.0434,74.5070,-536.314,137.154,109.393,2.056,53.2145,ATTENTION
Plankonvex-Singlets (LA),LA1779-A,1000.829,1000.8285,1000.6685,-159.974,4.084,2.793,16.874,0.1655,PASSED
Plankonvex-Singlets (LA),LA1779-AB,1000.829,1000.8285,1000.6685,-159.974,4.084,2.793,16.874,0.1655,PASSED
Plankonvex-Singlets (LA),LA1779-B,1000.829,1000.8285,1000.6685,-159.974,4.084,2.793,16.874,0.1655,PASSED
Plankonvex-Singlets (LA),LA1779-C,1000.829,1000.8285,1000.6685,-159.974,4.084,2.793,16.874,0.1655,PASSED
Plankonvex-Singlets (LA),LA1779,1000.829,1000.8285,1000.6685,-159.974,4.084,2.793,16.874,0.1655,PASSED
Plankonvex-Singlets (LA),LA1805-633,29.176,29.1756,27.9125,-1263.137,783.421,571.544,0.803,711.3488,ATTENTION
Plankonvex-Singlets (LA),LA1805-780,29.176,29.1756,27.9125,-1263.137,783.421,571.544,0.803,711.3488,ATTENTION
Plankonvex-Singlets (LA),LA1805-A,29.176,29.1756,27.9125,-1263.137,783.421,571.544,0.803,711.3488,ATTENTION
Plankonvex-Singlets (LA),LA1805-AB,29.176,29.1756,27.9125,-1263.137,783.421,571.544,0.803,711.3488,ATTENTION
Plankonvex-Singlets (LA),LA1805-B,29.176,29.1756,27.9125,-1263.137,783.421,571.544,0.803,711.3488,ATTENTION
Plankonvex-Singlets (LA),LA1805-C,29.176,29.1756,27.9125,-1263.137,783.421,571.544,0.803,711.3488,ATTENTION
Plankonvex-Singlets (LA),LA1805-YAG,29.176,29.1756,27.9125,-1263.137,783.421,571.544,0.803,711.3488,ATTENTION
Plankonvex-Singlets (LA),LA1805,29.176,29.1756,27.9125,-1263.137,783.421,571.544,0.803,711.3488,ATTENTION
Plankonvex-Singlets (LA),LA1832-A,250.349,250.3493,250.1847,-164.638,11.760,9.245,7.122,1.2982,PASSED
Plankonvex-Singlets (LA),LA1832-AB,249.020,249.0198,249.3746,354.791,18.235,9.250,6.592,1.4033,PASSED
Plankonvex-Singlets (LA),LA1832-B,250.349,250.3493,250.1847,-164.638,11.760,9.245,7.122,1.2982,PASSED
Plankonvex-Singlets (LA),LA1832-C,250.349,250.3493,250.1847,-164.638,11.760,9.245,7.122,1.2982,PASSED
Plankonvex-Singlets (LA),LA1832,250.349,250.3493,250.1847,-164.638,11.760,9.245,7.122,1.2982,PASSED
Plankonvex-Singlets (LA),LA1859-A,19.502,19.5020,18.4953,-1006.693,688.336,487.428,0.725,672.6145,ATTENTION
Plankonvex-Singlets (LA),LA1859-AB,19.417,19.4166,18.4455,-971.122,678.001,487.970,0.671,727.2663,ATTENTION
Plankonvex-Singlets (LA),LA1859-B,19.502,19.5020,18.4953,-1006.693,688.336,487.428,0.725,672.6145,ATTENTION
Plankonvex-Singlets (LA),LA1859-C,19.502,19.5020,18.4953,-1006.693,688.336,487.428,0.725,672.6145,ATTENTION
Plankonvex-Singlets (LA),LA1859,19.502,19.5020,18.4953,-1006.693,688.336,487.428,0.725,672.6145,ATTENTION
Plankonvex-Singlets (LA),LA1907-A,150.132,150.1316,149.8687,-262.901,32.470,25.964,4.245,6.1162,ATTENTION
Plankonvex-Singlets (LA),LA1907-AB,149.338,149.3383,149.3858,47.453,26.215,25.976,3.929,6.6113,ATTENTION
Plankonvex-Singlets (LA),LA1907-B,150.132,150.1316,149.8687,-262.901,32.470,25.964,4.245,6.1162,ATTENTION
Plankonvex-Singlets (LA),LA1907-C,150.132,150.1316,149.8687,-262.901,32.470,25.964,4.245,6.1162,ATTENTION
Plankonvex-Singlets (LA),LA1907,150.132,150.1316,149.8687,-262.901,32.470,25.964,4.245,6.1162,ATTENTION
Plankonvex-Singlets (LA),LA1908-633,500.584,500.5843,500.5043,-79.972,2.041,1.396,16.874,0.0827,PASSED
Plankonvex-Singlets (LA),LA1908-780,500.584,500.5843,500.5043,-79.972,2.041,1.396,16.874,0.0827,PASSED
Plankonvex-Singlets (LA),LA1908-A,500.584,500.5843,500.5043,-79.972,2.041,1.396,16.874,0.0827,PASSED
Plankonvex-Singlets (LA),LA1908-AB,500.584,500.5843,500.5043,-79.972,2.041,1.396,16.874,0.0827,PASSED
Plankonvex-Singlets (LA),LA1908-B,500.584,500.5843,500.5043,-79.972,2.041,1.396,16.874,0.0827,PASSED
Plankonvex-Singlets (LA),LA1908-C,500.584,500.5843,500.5043,-79.972,2.041,1.396,16.874,0.0827,PASSED
Plankonvex-Singlets (LA),LA1908-YAG,500.584,500.5843,500.5043,-79.972,2.041,1.396,16.874,0.0827,PASSED
Plankonvex-Singlets (LA),LA1908,500.584,500.5843,500.5043,-79.972,2.041,1.396,16.874,0.0827,PASSED
Plankonvex-Singlets (LA),LA1951-A,24.478,24.4779,22.6297,-1848.237,1569.644,1004.264,0.588,1708.5900,ATTENTION
Plankonvex-Singlets (LA),LA1951-AB,24.478,24.4779,22.6297,-1848.237,1569.644,1004.264,0.588,1708.5900,ATTENTION
Plankonvex-Singlets (LA),LA1951-B,24.478,24.4779,22.6297,-1848.237,1569.644,1004.264,0.588,1708.5900,ATTENTION
Plankonvex-Singlets (LA),LA1951-C,24.478,24.4779,22.6297,-1848.237,1569.644,1004.264,0.588,1708.5900,ATTENTION
Plankonvex-Singlets (LA),LA1951-D,24.478,24.4779,22.6297,-1848.237,1569.644,1004.264,0.588,1708.5900,ATTENTION
Plankonvex-Singlets (LA),LA1951,24.478,24.4779,22.6297,-1848.237,1569.644,1004.264,0.588,1708.5900,ATTENTION
Plankonvex-Singlets (LA),LA1978-633,750.606,750.6065,750.5317,-74.805,1.116,0.620,25.320,0.0245,PASSED
Plankonvex-Singlets (LA),LA1978-780,750.606,750.6065,750.5317,-74.805,1.116,0.620,25.320,0.0245,PASSED
Plankonvex-Singlets (LA),LA1978-A,750.606,750.6065,750.5317,-74.805,1.116,0.620,25.320,0.0245,PASSED
Plankonvex-Singlets (LA),LA1978-AB,750.606,750.6065,750.5317,-74.805,1.116,0.620,25.320,0.0245,PASSED
Plankonvex-Singlets (LA),LA1978-B,750.606,750.6065,750.5317,-74.805,1.116,0.620,25.320,0.0245,PASSED
Plankonvex-Singlets (LA),LA1978-C,750.606,750.6065,750.5317,-74.805,1.116,0.620,25.320,0.0245,PASSED
Plankonvex-Singlets (LA),LA1978-YAG,750.606,750.6065,750.5317,-74.805,1.116,0.620,25.320,0.0245,PASSED
Plankonvex-Singlets (LA),LA1978,750.606,750.6065,750.5317,-74.805,1.116,0.620,25.320,0.0245,PASSED
Plankonvex-Singlets (LA),LA1979-A,200.145,200.1452,199.5815,-563.719,89.431,71.657,3.321,21.5749,ATTENTION
Plankonvex-Singlets (LA),LA1979-AB,200.145,200.1452,199.5815,-563.719,89.431,71.657,3.321,21.5749,ATTENTION
Plankonvex-Singlets (LA),LA1979-B,200.145,200.1452,199.5815,-563.719,89.431,71.657,3.321,21.5749,ATTENTION
Plankonvex-Singlets (LA),LA1979-C,200.145,200.1452,199.5815,-563.719,89.431,71.657,3.321,21.5749,ATTENTION
Plankonvex-Singlets (LA),LA1979,200.145,200.1452,199.5815,-563.719,89.431,71.657,3.321,21.5749,ATTENTION
Plankonvex-Singlets (LA),LA1986-A,125.324,125.3237,125.0979,-225.845,28.364,22.686,4.177,5.4317,ATTENTION
Plankonvex-Singlets (LA),LA1986-AB,125.324,125.3237,125.0979,-225.845,28.364,22.686,4.177,5.4317,ATTENTION
Plankonvex-Singlets (LA),LA1986-B,125.324,125.3237,125.0979,-225.845,28.364,22.686,4.177,5.4317,ATTENTION
Plankonvex-Singlets (LA),LA1986-C,125.324,125.3237,125.0979,-225.845,28.364,22.686,4.177,5.4317,ATTENTION
Plankonvex-Singlets (LA),LA1986,125.324,125.3237,125.0979,-225.845,28.364,22.686,4.177,5.4317,ATTENTION
Plankonvex-Singlets (LA),LA2024-A,4.363,4.3628,4.3404,-22.416,7.160,5.735,1.556,3.6860,PASSED
Plankonvex-Singlets (LA),LA2024-B,4.363,4.3628,4.3404,-22.416,7.160,5.735,1.556,3.6860,PASSED
Plankonvex-Singlets (LA),LA2024-C,4.341,4.3406,4.3402,-0.451,5.736,5.736,1.557,3.6843,PASSED
Plankonvex-Singlets (LA),LA2024,4.363,4.3628,4.3404,-22.416,7.160,5.735,1.556,3.6860,PASSED
Plankonvex-Singlets (LA),LA2026-A,6.388,6.3875,6.3727,-14.802,3.115,2.512,2.365,1.0622,PASSED
Plankonvex-Singlets (LA),LA2026-B,6.388,6.3875,6.3727,-14.802,3.115,2.512,2.365,1.0622,PASSED
Plankonvex-Singlets (LA),LA2026-C,6.354,6.3542,6.3731,18.877,3.439,2.512,2.367,1.0614,PASSED
Plankonvex-Singlets (LA),LA2026,6.388,6.3875,6.3727,-14.802,3.115,2.512,2.365,1.0622,PASSED
Plankonvex-Singlets (LA),LA2036-A,6.588,6.5876,6.5558,-31.814,10.457,8.540,1.689,5.0568,ATTENTION
Plankonvex-Singlets (LA),LA2036-B,6.588,6.5876,6.5558,-31.814,10.457,8.540,1.689,5.0568,ATTENTION
Plankonvex-Singlets (LA),LA2036-C,6.511,6.5110,6.5103,-0.696,8.605,8.604,1.557,5.5265,ATTENTION
Plankonvex-Singlets (LA),LA2036,6.588,6.5876,6.5558,-31.814,10.457,8.540,1.689,5.0568,ATTENTION
Plankonvex-Singlets (LA),LA2039-A,9.581,9.5813,9.5591,-22.204,4.672,3.768,2.365,1.5933,PASSED
Plankonvex-Singlets (LA),LA2039-B,9.581,9.5813,9.5591,-22.204,4.672,3.768,2.365,1.5933,PASSED
Plankonvex-Singlets (LA),LA2039-C,9.531,9.5313,9.5596,28.308,5.157,3.768,2.367,1.5921,PASSED
Plankonvex-Singlets (LA),LA2039,9.581,9.5813,9.5591,-22.204,4.672,3.768,2.365,1.5933,PASSED
Plankonvex-Singlets (LA),LA4001-1064,14.559,14.5591,13.5777,-981.413,615.344,396.590,0.673,589.4026,ATTENTION
Plankonvex-Singlets (LA),LA4001-1550,14.559,14.5591,13.5777,-981.413,615.344,396.590,0.673,589.4026,ATTENTION
Plankonvex-Singlets (LA),LA4001-532,14.559,14.5591,13.5777,-981.413,615.344,396.590,0.673,589.4026,ATTENTION
Plankonvex-Singlets (LA),LA4001-A,14.559,14.5591,13.5777,-981.413,615.344,396.590,0.673,589.4026,ATTENTION
Plankonvex-Singlets (LA),LA4001-AB,14.559,14.5591,13.5777,-981.413,615.344,396.590,0.673,589.4026,ATTENTION
Plankonvex-Singlets (LA),LA4001-B,14.559,14.5591,13.5777,-981.413,615.344,396.590,0.673,589.4026,ATTENTION
Plankonvex-Singlets (LA),LA4001-C,14.559,14.5591,13.5777,-981.413,615.344,396.590,0.673,589.4026,ATTENTION
Plankonvex-Singlets (LA),LA4001-UV,14.559,14.5591,13.5777,-981.413,615.344,396.590,0.673,589.4026,ATTENTION
Plankonvex-Singlets (LA),LA4001-YAG,14.559,14.5591,13.5777,-981.413,615.344,396.590,0.673,589.4026,ATTENTION
Plankonvex-Singlets (LA),LA4001,14.559,14.5591,13.5777,-981.413,615.344,396.590,0.673,589.4026,ATTENTION
Plankonvex-Singlets (LA),LA4002-1064,24.866,24.8664,24.5178,-348.585,123.849,100.559,1.427,70.4642,ATTENTION
Plankonvex-Singlets (LA),LA4002-1550,24.866,24.8664,24.5178,-348.585,123.849,100.559,1.427,70.4642,ATTENTION
Plankonvex-Singlets (LA),LA4002-532,24.866,24.8664,24.5178,-348.585,123.849,100.559,1.427,70.4642,ATTENTION
Plankonvex-Singlets (LA),LA4002-A,24.866,24.8664,24.5178,-348.585,123.849,100.559,1.427,70.4642,ATTENTION
Plankonvex-Singlets (LA),LA4002-AB,24.866,24.8664,24.5178,-348.585,123.849,100.559,1.427,70.4642,ATTENTION
Plankonvex-Singlets (LA),LA4002-B,24.866,24.8664,24.5178,-348.585,123.849,100.559,1.427,70.4642,ATTENTION
Plankonvex-Singlets (LA),LA4002-C,24.866,24.8664,24.5178,-348.585,123.849,100.559,1.427,70.4642,ATTENTION
Plankonvex-Singlets (LA),LA4002-UV,24.866,24.8664,24.5178,-348.585,123.849,100.559,1.427,70.4642,ATTENTION
Plankonvex-Singlets (LA),LA4002-YAG,24.866,24.8664,24.5178,-348.585,123.849,100.559,1.427,70.4642,ATTENTION
Plankonvex-Singlets (LA),LA4002,24.866,24.8664,24.5178,-348.585,123.849,100.559,1.427,70.4642,ATTENTION
Plankonvex-Singlets (LA),LA4003-1064,24.256,24.2564,34.8401,10583.674,1482.061,47.678,2.097,22.7344,ATTENTION
Plankonvex-Singlets (LA),LA4003-1550,24.256,24.2564,34.8401,10583.674,1482.061,47.678,2.097,22.7344,ATTENTION
Plankonvex-Singlets (LA),LA4003-532,24.256,24.2564,34.8401,10583.674,1482.061,47.678,2.097,22.7344,ATTENTION
Plankonvex-Singlets (LA),LA4003-A,24.256,24.2564,34.8401,10583.674,1482.061,47.678,2.097,22.7344,ATTENTION
Plankonvex-Singlets (LA),LA4003-AB,24.256,24.2564,34.8401,10583.674,1482.061,47.678,2.097,22.7344,ATTENTION
Plankonvex-Singlets (LA),LA4003-B,24.256,24.2564,34.8401,10583.674,1482.061,47.678,2.097,22.7344,ATTENTION
Plankonvex-Singlets (LA),LA4003-C,24.256,24.2564,34.8401,10583.674,1482.061,47.678,2.097,22.7344,ATTENTION
Plankonvex-Singlets (LA),LA4003-UV,24.256,24.2564,34.8401,10583.674,1482.061,47.678,2.097,22.7344,ATTENTION
Plankonvex-Singlets (LA),LA4003-YAG,24.256,24.2564,34.8401,10583.674,1482.061,47.678,2.097,22.7344,ATTENTION
Plankonvex-Singlets (LA),LA4003,24.256,24.2564,34.8401,10583.674,1482.061,47.678,2.097,22.7344,ATTENTION
Plankonvex-Singlets (LA),LA4004-1064,23.236,23.2364,150.5147,127278.297,2054.342,0.805,14.092,0.0572,PASSED
Plankonvex-Singlets (LA),LA4004-1550,23.236,23.2364,150.5147,127278.297,2054.342,0.805,14.092,0.0572,PASSED
Plankonvex-Singlets (LA),LA4004-532,23.236,23.2364,150.5147,127278.297,2054.342,0.805,14.092,0.0572,PASSED
Plankonvex-Singlets (LA),LA4004-A,23.236,23.2364,150.5147,127278.297,2054.342,0.805,14.092,0.0572,PASSED
Plankonvex-Singlets (LA),LA4004-AB,23.236,23.2364,150.5147,127278.297,2054.342,0.805,14.092,0.0572,PASSED
Plankonvex-Singlets (LA),LA4004-B,23.236,23.2364,150.5147,127278.297,2054.342,0.805,14.092,0.0572,PASSED
Plankonvex-Singlets (LA),LA4004-C,23.236,23.2364,150.5147,127278.297,2054.342,0.805,14.092,0.0572,PASSED
Plankonvex-Singlets (LA),LA4004-UV,23.236,23.2364,150.5147,127278.297,2054.342,0.805,14.092,0.0572,PASSED
Plankonvex-Singlets (LA),LA4004-YAG,23.236,23.2364,150.5147,127278.297,2054.342,0.805,14.092,0.0572,PASSED
Plankonvex-Singlets (LA),LA4004,23.236,23.2364,150.5147,127278.297,2054.342,0.805,14.092,0.0572,PASSED
Plankonvex-Singlets (LA),LA4005-1064,23.196,23.1964,175.5286,152332.184,2106.694,0.592,16.447,0.0360,PASSED
Plankonvex-Singlets (LA),LA4005-1550,23.196,23.1964,175.5286,152332.184,2106.694,0.592,16.447,0.0360,PASSED
Plankonvex-Singlets (LA),LA4005-532,23.196,23.1964,175.5286,152332.184,2106.694,0.592,16.447,0.0360,PASSED
Plankonvex-Singlets (LA),LA4005-A,23.196,23.1964,175.5286,152332.184,2106.694,0.592,16.447,0.0360,PASSED
Plankonvex-Singlets (LA),LA4005-AB,23.196,23.1964,175.5286,152332.184,2106.694,0.592,16.447,0.0360,PASSED
Plankonvex-Singlets (LA),LA4005-B,23.196,23.1964,175.5286,152332.184,2106.694,0.592,16.447,0.0360,PASSED
Plankonvex-Singlets (LA),LA4005-C,23.196,23.1964,175.5286,152332.184,2106.694,0.592,16.447,0.0360,PASSED
Plankonvex-Singlets (LA),LA4005-UV,23.196,23.1964,175.5286,152332.184,2106.694,0.592,16.447,0.0360,PASSED
Plankonvex-Singlets (LA),LA4005-YAG,23.196,23.1964,175.5286,152332.184,2106.694,0.592,16.447,0.0360,PASSED
Plankonvex-Singlets (LA),LA4005,23.196,23.1964,175.5286,152332.184,2106.694,0.592,16.447,0.0360,PASSED
Plankonvex-Singlets (LA),LA4006-1064,23.166,23.1664,200.5795,177413.098,1628.952,0.000,37.620,0.0000,PASSED
Plankonvex-Singlets (LA),LA4006-1550,23.166,23.1664,200.5795,177413.098,1628.952,0.000,37.620,0.0000,PASSED
Plankonvex-Singlets (LA),LA4006-532,23.166,23.1664,200.5795,177413.098,1628.952,0.000,37.620,0.0000,PASSED
Plankonvex-Singlets (LA),LA4006-A,23.166,23.1664,200.5795,177413.098,1628.952,0.000,37.620,0.0000,PASSED
Plankonvex-Singlets (LA),LA4006-AB,23.166,23.1664,200.5795,177413.098,1628.952,0.000,37.620,0.0000,PASSED
Plankonvex-Singlets (LA),LA4006-B,23.166,23.1664,200.5795,177413.098,1628.952,0.000,37.620,0.0000,PASSED
Plankonvex-Singlets (LA),LA4006-C,23.166,23.1664,200.5795,177413.098,1628.952,0.000,37.620,0.0000,PASSED
Plankonvex-Singlets (LA),LA4006-UV,23.166,23.1664,200.5795,177413.098,1628.952,0.000,37.620,0.0000,PASSED
Plankonvex-Singlets (LA),LA4006-YAG,23.166,23.1664,200.5795,177413.098,1628.952,0.000,37.620,0.0000,PASSED
Plankonvex-Singlets (LA),LA4006,23.166,23.1664,200.5795,177413.098,1628.952,0.000,37.620,0.0000,PASSED
Plankonvex-Singlets (LA),LA4007-1064,23.126,23.1264,250.5834,227456.960,1670.508,0.000,47.031,0.0000,PASSED
Plankonvex-Singlets (LA),LA4007-1550,23.126,23.1264,250.5834,227456.960,1670.508,0.000,47.031,0.0000,PASSED
Plankonvex-Singlets (LA),LA4007-532,23.126,23.1264,250.5834,227456.960,1670.508,0.000,47.031,0.0000,PASSED
Plankonvex-Singlets (LA),LA4007-A,23.126,23.1264,250.5834,227456.960,1670.508,0.000,47.031,0.0000,PASSED
Plankonvex-Singlets (LA),LA4007-AB,23.126,23.1264,250.5834,227456.960,1670.508,0.000,47.031,0.0000,PASSED
Plankonvex-Singlets (LA),LA4007-B,23.126,23.1264,250.5834,227456.960,1670.508,0.000,47.031,0.0000,PASSED
Plankonvex-Singlets (LA),LA4007-C,23.126,23.1264,250.5834,227456.960,1670.508,0.000,47.031,0.0000,PASSED
Plankonvex-Singlets (LA),LA4007-UV,23.126,23.1264,250.5834,227456.960,1670.508,0.000,47.031,0.0000,PASSED
Plankonvex-Singlets (LA),LA4007-YAG,23.126,23.1264,250.5834,227456.960,1670.508,0.000,47.031,0.0000,PASSED
Plankonvex-Singlets (LA),LA4007,23.126,23.1264,250.5834,227456.960,1670.508,0.000,47.031,0.0000,PASSED
Plankonvex-Singlets (LA),LA4008-1064,23.096,23.0964,300.5839,277487.452,1698.165,0.000,56.441,0.0000,PASSED
Plankonvex-Singlets (LA),LA4008-1550,23.096,23.0964,300.5839,277487.452,1698.165,0.000,56.441,0.0000,PASSED
Plankonvex-Singlets (LA),LA4008-532,23.096,23.0964,300.5839,277487.452,1698.165,0.000,56.441,0.0000,PASSED
Plankonvex-Singlets (LA),LA4008-A,23.096,23.0964,300.5839,277487.452,1698.165,0.000,56.441,0.0000,PASSED
Plankonvex-Singlets (LA),LA4008-AB,23.096,23.0964,300.5839,277487.452,1698.165,0.000,56.441,0.0000,PASSED
Plankonvex-Singlets (LA),LA4008-B,23.096,23.0964,300.5839,277487.452,1698.165,0.000,56.441,0.0000,PASSED
Plankonvex-Singlets (LA),LA4008-C,23.096,23.0964,300.5839,277487.452,1698.165,0.000,56.441,0.0000,PASSED
Plankonvex-Singlets (LA),LA4008-UV,23.096,23.0964,300.5839,277487.452,1698.165,0.000,56.441,0.0000,PASSED
Plankonvex-Singlets (LA),LA4008-YAG,23.096,23.0964,300.5839,277487.452,1698.165,0.000,56.441,0.0000,PASSED
Plankonvex-Singlets (LA),LA4008,23.096,23.0964,300.5839,277487.452,1698.165,0.000,56.441,0.0000,PASSED
Plankonvex-Singlets (LA),LA4009-1064,23.076,23.0764,350.5842,327507.757,1717.884,0.000,65.850,0.0000,PASSED
Plankonvex-Singlets (LA),LA4009-1550,23.076,23.0764,350.5842,327507.757,1717.884,0.000,65.850,0.0000,PASSED
Plankonvex-Singlets (LA),LA4009-532,23.076,23.0764,350.5842,327507.757,1717.884,0.000,65.850,0.0000,PASSED
Plankonvex-Singlets (LA),LA4009-A,23.076,23.0764,350.5842,327507.757,1717.884,0.000,65.850,0.0000,PASSED
Plankonvex-Singlets (LA),LA4009-AB,23.076,23.0764,350.5842,327507.757,1717.884,0.000,65.850,0.0000,PASSED
Plankonvex-Singlets (LA),LA4009-B,23.076,23.0764,350.5842,327507.757,1717.884,0.000,65.850,0.0000,PASSED
Plankonvex-Singlets (LA),LA4009-C,23.076,23.0764,350.5842,327507.757,1717.884,0.000,65.850,0.0000,PASSED
Plankonvex-Singlets (LA),LA4009-UV,23.076,23.0764,350.5842,327507.757,1717.884,0.000,65.850,0.0000,PASSED
Plankonvex-Singlets (LA),LA4009-YAG,23.076,23.0764,350.5842,327507.757,1717.884,0.000,65.850,0.0000,PASSED
Plankonvex-Singlets (LA),LA4009,23.076,23.0764,350.5842,327507.757,1717.884,0.000,65.850,0.0000,PASSED
Plankonvex-Singlets (LA),LA4010-1064,23.056,23.0564,400.5826,377526.170,1732.672,0.000,75.258,0.0000,PASSED
Plankonvex-Singlets (LA),LA4010-1550,23.056,23.0564,400.5826,377526.170,1732.672,0.000,75.258,0.0000,PASSED
Plankonvex-Singlets (LA),LA4010-532,23.056,23.0564,400.5826,377526.170,1732.672,0.000,75.258,0.0000,PASSED
Plankonvex-Singlets (LA),LA4010-A,23.056,23.0564,400.5826,377526.170,1732.672,0.000,75.258,0.0000,PASSED
Plankonvex-Singlets (LA),LA4010-AB,23.056,23.0564,400.5826,377526.170,1732.672,0.000,75.258,0.0000,PASSED
Plankonvex-Singlets (LA),LA4010-B,23.056,23.0564,400.5826,377526.170,1732.672,0.000,75.258,0.0000,PASSED
Plankonvex-Singlets (LA),LA4010-C,23.056,23.0564,400.5826,377526.170,1732.672,0.000,75.258,0.0000,PASSED
Plankonvex-Singlets (LA),LA4010-UV,23.056,23.0564,400.5826,377526.170,1732.672,0.000,75.258,0.0000,PASSED
Plankonvex-Singlets (LA),LA4010-YAG,23.056,23.0564,400.5826,377526.170,1732.672,0.000,75.258,0.0000,PASSED
Plankonvex-Singlets (LA),LA4010,23.056,23.0564,400.5826,377526.170,1732.672,0.000,75.258,0.0000,PASSED
Plankonvex-Singlets (LA),LA4011-1064,23.046,23.0464,450.5830,427536.558,1744.147,0.000,84.667,0.0000,PASSED
Plankonvex-Singlets (LA),LA4011-1550,23.046,23.0464,450.5830,427536.558,1744.147,0.000,84.667,0.0000,PASSED
Plankonvex-Singlets (LA),LA4011-532,23.046,23.0464,450.5830,427536.558,1744.147,0.000,84.667,0.0000,PASSED
Plankonvex-Singlets (LA),LA4011-A,23.046,23.0464,450.5830,427536.558,1744.147,0.000,84.667,0.0000,PASSED
Plankonvex-Singlets (LA),LA4011-AB,23.046,23.0464,450.5830,427536.558,1744.147,0.000,84.667,0.0000,PASSED
Plankonvex-Singlets (LA),LA4011-B,23.046,23.0464,450.5830,427536.558,1744.147,0.000,84.667,0.0000,PASSED
Plankonvex-Singlets (LA),LA4011-C,23.046,23.0464,450.5830,427536.558,1744.147,0.000,84.667,0.0000,PASSED
Plankonvex-Singlets (LA),LA4011-UV,23.046,23.0464,450.5830,427536.558,1744.147,0.000,84.667,0.0000,PASSED
Plankonvex-Singlets (LA),LA4011-YAG,23.046,23.0464,450.5830,427536.558,1744.147,0.000,84.667,0.0000,PASSED
Plankonvex-Singlets (LA),LA4011,23.046,23.0464,450.5830,427536.558,1744.147,0.000,84.667,0.0000,PASSED
Plankonvex-Singlets (LA),LA4012-1064,23.036,23.0364,500.5826,477546.184,1753.326,0.000,94.075,0.0000,PASSED
Plankonvex-Singlets (LA),LA4012-1550,23.036,23.0364,500.5826,477546.184,1753.326,0.000,94.075,0.0000,PASSED
Plankonvex-Singlets (LA),LA4012-532,23.036,23.0364,500.5826,477546.184,1753.326,0.000,94.075,0.0000,PASSED
Plankonvex-Singlets (LA),LA4012-A,23.036,23.0364,500.5826,477546.184,1753.326,0.000,94.075,0.0000,PASSED
Plankonvex-Singlets (LA),LA4012-AB,23.036,23.0364,500.5826,477546.184,1753.326,0.000,94.075,0.0000,PASSED
Plankonvex-Singlets (LA),LA4012-B,23.036,23.0364,500.5826,477546.184,1753.326,0.000,94.075,0.0000,PASSED
Plankonvex-Singlets (LA),LA4012-C,23.036,23.0364,500.5826,477546.184,1753.326,0.000,94.075,0.0000,PASSED
Plankonvex-Singlets (LA),LA4012-UV,23.036,23.0364,500.5826,477546.184,1753.326,0.000,94.075,0.0000,PASSED
Plankonvex-Singlets (LA),LA4012-YAG,23.036,23.0364,500.5826,477546.184,1753.326,0.000,94.075,0.0000,PASSED
Plankonvex-Singlets (LA),LA4012,23.036,23.0364,500.5826,477546.184,1753.326,0.000,94.075,0.0000,PASSED
Plankonvex-Singlets (LA),LA4013-1064,23.020,23.0204,600.5817,577561.278,1767.088,0.000,112.892,0.0000,PASSED
Plankonvex-Singlets (LA),LA4013-1550,23.020,23.0204,600.5817,577561.278,1767.088,0.000,112.892,0.0000,PASSED
Plankonvex-Singlets (LA),LA4013-532,23.020,23.0204,600.5817,577561.278,1767.088,0.000,112.892,0.0000,PASSED
Plankonvex-Singlets (LA),LA4013-A,23.020,23.0204,600.5817,577561.278,1767.088,0.000,112.892,0.0000,PASSED
Plankonvex-Singlets (LA),LA4013-AB,23.020,23.0204,600.5817,577561.278,1767.088,0.000,112.892,0.0000,PASSED
Plankonvex-Singlets (LA),LA4013-B,23.020,23.0204,600.5817,577561.278,1767.088,0.000,112.892,0.0000,PASSED
Plankonvex-Singlets (LA),LA4013-C,23.020,23.0204,600.5817,577561.278,1767.088,0.000,112.892,0.0000,PASSED
Plankonvex-Singlets (LA),LA4013-UV,23.020,23.0204,600.5817,577561.278,1767.088,0.000,112.892,0.0000,PASSED
Plankonvex-Singlets (LA),LA4013-YAG,23.020,23.0204,600.5817,577561.278,1767.088,0.000,112.892,0.0000,PASSED
Plankonvex-Singlets (LA),LA4013,23.020,23.0204,600.5817,577561.278,1767.088,0.000,112.892,0.0000,PASSED
Plankonvex-Singlets (LA),LA4014-1064,23.006,23.0064,750.5815,727575.117,1780.833,0.000,141.116,0.0000,PASSED
Plankonvex-Singlets (LA),LA4014-1550,23.006,23.0064,750.5815,727575.117,1780.833,0.000,141.116,0.0000,PASSED
Plankonvex-Singlets (LA),LA4014-532,23.006,23.0064,750.5815,727575.117,1780.833,0.000,141.116,0.0000,PASSED
Plankonvex-Singlets (LA),LA4014-A,23.006,23.0064,750.5815,727575.117,1780.833,0.000,141.116,0.0000,PASSED
Plankonvex-Singlets (LA),LA4014-AB,23.006,23.0064,750.5815,727575.117,1780.833,0.000,141.116,0.0000,PASSED
Plankonvex-Singlets (LA),LA4014-B,23.006,23.0064,750.5815,727575.117,1780.833,0.000,141.116,0.0000,PASSED
Plankonvex-Singlets (LA),LA4014-C,23.006,23.0064,750.5815,727575.117,1780.833,0.000,141.116,0.0000,PASSED
Plankonvex-Singlets (LA),LA4014-UV,23.006,23.0064,750.5815,727575.117,1780.833,0.000,141.116,0.0000,PASSED
Plankonvex-Singlets (LA),LA4014-YAG,23.006,23.0064,750.5815,727575.117,1780.833,0.000,141.116,0.0000,PASSED
Plankonvex-Singlets (LA),LA4014,23.006,23.0064,750.5815,727575.117,1780.833,0.000,141.116,0.0000,PASSED
Plankonvex-Singlets (LA),LA4015-1064,22.996,22.9964,850.5805,827584.105,1787.302,0.000,159.932,0.0000,PASSED
Plankonvex-Singlets (LA),LA4015-1550,22.996,22.9964,850.5805,827584.105,1787.302,0.000,159.932,0.0000,PASSED
Plankonvex-Singlets (LA),LA4015-532,22.996,22.9964,850.5805,827584.105,1787.302,0.000,159.932,0.0000,PASSED
Plankonvex-Singlets (LA),LA4015-A,22.996,22.9964,850.5805,827584.105,1787.302,0.000,159.932,0.0000,PASSED
Plankonvex-Singlets (LA),LA4015-AB,22.996,22.9964,850.5805,827584.105,1787.302,0.000,159.932,0.0000,PASSED
Plankonvex-Singlets (LA),LA4015-B,22.996,22.9964,850.5805,827584.105,1787.302,0.000,159.932,0.0000,PASSED
Plankonvex-Singlets (LA),LA4015-C,22.996,22.9964,850.5805,827584.105,1787.302,0.000,159.932,0.0000,PASSED
Plankonvex-Singlets (LA),LA4015-UV,22.996,22.9964,850.5805,827584.105,1787.302,0.000,159.932,0.0000,PASSED
Plankonvex-Singlets (LA),LA4015-YAG,22.996,22.9964,850.5805,827584.105,1787.302,0.000,159.932,0.0000,PASSED
Plankonvex-Singlets (LA),LA4015,22.996,22.9964,850.5805,827584.105,1787.302,0.000,159.932,0.0000,PASSED
Plankonvex-Singlets (LA),LA4016-1064,22.986,22.9864,1000.5800,977593.581,1794.574,0.000,188.156,0.0000,PASSED
Plankonvex-Singlets (LA),LA4016-1550,22.986,22.9864,1000.5800,977593.581,1794.574,0.000,188.156,0.0000,PASSED
Plankonvex-Singlets (LA),LA4016-532,22.986,22.9864,1000.5800,977593.581,1794.574,0.000,188.156,0.0000,PASSED
Plankonvex-Singlets (LA),LA4016-A,22.986,22.9864,1000.5800,977593.581,1794.574,0.000,188.156,0.0000,PASSED
Plankonvex-Singlets (LA),LA4016-AB,22.986,22.9864,1000.5800,977593.581,1794.574,0.000,188.156,0.0000,PASSED
Plankonvex-Singlets (LA),LA4016-B,22.986,22.9864,1000.5800,977593.581,1794.574,0.000,188.156,0.0000,PASSED
Plankonvex-Singlets (LA),LA4016-C,22.986,22.9864,1000.5800,977593.581,1794.574,0.000,188.156,0.0000,PASSED
Plankonvex-Singlets (LA),LA4016-UV,22.986,22.9864,1000.5800,977593.581,1794.574,0.000,188.156,0.0000,PASSED
Plankonvex-Singlets (LA),LA4016-YAG,22.986,22.9864,1000.5800,977593.581,1794.574,0.000,188.156,0.0000,PASSED
Plankonvex-Singlets (LA),LA4016,22.986,22.9864,1000.5800,977593.581,1794.574,0.000,188.156,0.0000,PASSED
Plankonvex-Singlets (LA),LA4017-1064,22.976,22.9764,1500.5833,1477606.895,1808.292,0.000,282.234,0.0000,PASSED
Plankonvex-Singlets (LA),LA4017-1550,22.976,22.9764,1500.5833,1477606.895,1808.292,0.000,282.234,0.0000,PASSED
Plankonvex-Singlets (LA),LA4017-532,22.976,22.9764,1500.5833,1477606.895,1808.292,0.000,282.234,0.0000,PASSED
Plankonvex-Singlets (LA),LA4017-A,22.976,22.9764,1500.5833,1477606.895,1808.292,0.000,282.234,0.0000,PASSED
Plankonvex-Singlets (LA),LA4017-AB,22.976,22.9764,1500.5833,1477606.895,1808.292,0.000,282.234,0.0000,PASSED
Plankonvex-Singlets (LA),LA4017-B,22.976,22.9764,1500.5833,1477606.895,1808.292,0.000,282.234,0.0000,PASSED
Plankonvex-Singlets (LA),LA4017-C,22.976,22.9764,1500.5833,1477606.895,1808.292,0.000,282.234,0.0000,PASSED
Plankonvex-Singlets (LA),LA4017-UV,22.976,22.9764,1500.5833,1477606.895,1808.292,0.000,282.234,0.0000,PASSED
Plankonvex-Singlets (LA),LA4017-YAG,22.976,22.9764,1500.5833,1477606.895,1808.292,0.000,282.234,0.0000,PASSED
Plankonvex-Singlets (LA),LA4017,22.976,22.9764,1500.5833,1477606.895,1808.292,0.000,282.234,0.0000,PASSED
Plankonvex-Singlets (LA),LA4018-1064,22.966,22.9664,2000.5853,1977618.870,1815.151,0.000,376.313,0.0000,PASSED
Plankonvex-Singlets (LA),LA4018-1550,22.966,22.9664,2000.5853,1977618.870,1815.151,0.000,376.313,0.0000,PASSED
Plankonvex-Singlets (LA),LA4018-532,22.966,22.9664,2000.5853,1977618.870,1815.151,0.000,376.313,0.0000,PASSED
Plankonvex-Singlets (LA),LA4018-A,22.966,22.9664,2000.5853,1977618.870,1815.151,0.000,376.313,0.0000,PASSED
Plankonvex-Singlets (LA),LA4018-AB,22.966,22.9664,2000.5853,1977618.870,1815.151,0.000,376.313,0.0000,PASSED
Plankonvex-Singlets (LA),LA4018-B,22.966,22.9664,2000.5853,1977618.870,1815.151,0.000,376.313,0.0000,PASSED
Plankonvex-Singlets (LA),LA4018-C,22.966,22.9664,2000.5853,1977618.870,1815.151,0.000,376.313,0.0000,PASSED
Plankonvex-Singlets (LA),LA4018-UV,22.966,22.9664,2000.5853,1977618.870,1815.151,0.000,376.313,0.0000,PASSED
Plankonvex-Singlets (LA),LA4018-YAG,22.966,22.9664,2000.5853,1977618.870,1815.151,0.000,376.313,0.0000,PASSED
Plankonvex-Singlets (LA),LA4018,22.966,22.9664,2000.5853,1977618.870,1815.151,0.000,376.313,0.0000,PASSED
Plankonvex-Singlets (LA),LA4019-1064,22.966,22.9664,2500.5899,2477623.507,1819.261,0.000,470.392,0.0000,PASSED
Plankonvex-Singlets (LA),LA4019-1550,22.966,22.9664,2500.5899,2477623.507,1819.261,0.000,470.392,0.0000,PASSED
Plankonvex-Singlets (LA),LA4019-532,22.966,22.9664,2500.5899,2477623.507,1819.261,0.000,470.392,0.0000,PASSED
Plankonvex-Singlets (LA),LA4019-A,22.966,22.9664,2500.5899,2477623.507,1819.261,0.000,470.392,0.0000,PASSED
Plankonvex-Singlets (LA),LA4019-AB,22.966,22.9664,2500.5899,2477623.507,1819.261,0.000,470.392,0.0000,PASSED
Plankonvex-Singlets (LA),LA4019-B,22.966,22.9664,2500.5899,2477623.507,1819.261,0.000,470.392,0.0000,PASSED
Plankonvex-Singlets (LA),LA4019-C,22.966,22.9664,2500.5899,2477623.507,1819.261,0.000,470.392,0.0000,PASSED
Plankonvex-Singlets (LA),LA4019-UV,22.966,22.9664,2500.5899,2477623.507,1819.261,0.000,470.392,0.0000,PASSED
Plankonvex-Singlets (LA),LA4019-YAG,22.966,22.9664,2500.5899,2477623.507,1819.261,0.000,470.392,0.0000,PASSED
Plankonvex-Singlets (LA),LA4019,22.966,22.9664,2500.5899,2477623.507,1819.261,0.000,470.392,0.0000,PASSED
Plankonvex-Singlets (LA),LA4021-1064,20.953,20.9531,27.7705,6817.392,2272.293,797.182,0.671,1187.1784,ATTENTION
Plankonvex-Singlets (LA),LA4021-1550,20.953,20.9531,27.7705,6817.392,2272.293,797.182,0.671,1187.1784,ATTENTION
Plankonvex-Singlets (LA),LA4021-532,20.953,20.9531,27.7705,6817.392,2272.293,797.182,0.671,1187.1784,ATTENTION
Plankonvex-Singlets (LA),LA4021-A,20.953,20.9531,27.7705,6817.392,2272.293,797.182,0.671,1187.1784,ATTENTION
Plankonvex-Singlets (LA),LA4021-AB,20.953,20.9531,27.7705,6817.392,2272.293,797.182,0.671,1187.1784,ATTENTION
Plankonvex-Singlets (LA),LA4021-B,20.953,20.9531,27.7705,6817.392,2272.293,797.182,0.671,1187.1784,ATTENTION
Plankonvex-Singlets (LA),LA4021-C,20.953,20.9531,27.7705,6817.392,2272.293,797.182,0.671,1187.1784,ATTENTION
Plankonvex-Singlets (LA),LA4021-UV,20.953,20.9531,27.7705,6817.392,2272.293,797.182,0.671,1187.1784,ATTENTION
Plankonvex-Singlets (LA),LA4021-YAG,20.953,20.9531,27.7705,6817.392,2272.293,797.182,0.671,1187.1784,ATTENTION
Plankonvex-Singlets (LA),LA4021,20.953,20.9531,27.7705,6817.392,2272.293,797.182,0.671,1187.1784,ATTENTION
Plankonvex-Singlets (LA),LA4022-1064,59.409,59.4095,58.9071,-502.397,157.871,133.839,1.766,75.7797,ATTENTION
Plankonvex-Singlets (LA),LA4022-1550,59.409,59.4095,58.9071,-502.397,157.871,133.839,1.766,75.7797,ATTENTION
Plankonvex-Singlets (LA),LA4022-532,59.409,59.4095,58.9071,-502.397,157.871,133.839,1.766,75.7797,ATTENTION
Plankonvex-Singlets (LA),LA4022-A,59.409,59.4095,58.9071,-502.397,157.871,133.839,1.766,75.7797,ATTENTION
Plankonvex-Singlets (LA),LA4022-AB,59.409,59.4095,58.9071,-502.397,157.871,133.839,1.766,75.7797,ATTENTION
Plankonvex-Singlets (LA),LA4022-B,59.409,59.4095,58.9071,-502.397,157.871,133.839,1.766,75.7797,ATTENTION
Plankonvex-Singlets (LA),LA4022-C,59.409,59.4095,58.9071,-502.397,157.871,133.839,1.766,75.7797,ATTENTION
Plankonvex-Singlets (LA),LA4022-UV,59.409,59.4095,58.9071,-502.397,157.871,133.839,1.766,75.7797,ATTENTION
Plankonvex-Singlets (LA),LA4022-YAG,59.409,59.4095,58.9071,-502.397,157.871,133.839,1.766,75.7797,ATTENTION
Plankonvex-Singlets (LA),LA4022,59.409,59.4095,58.9071,-502.397,157.871,133.839,1.766,75.7797,ATTENTION
Plankonvex-Singlets (LA),LA4024-A,4.121,4.1209,4.0632,-57.646,19.039,15.003,1.455,10.3137,ATTENTION
Plankonvex-Singlets (LA),LA4024-B,4.121,4.1209,4.0632,-57.646,19.039,15.003,1.455,10.3137,ATTENTION
Plankonvex-Singlets (LA),LA4024-C,4.121,4.1209,4.0632,-57.646,19.039,15.003,1.455,10.3137,ATTENTION
Plankonvex-Singlets (LA),LA4024,4.121,4.1209,4.0632,-57.646,19.039,15.003,1.455,10.3137,ATTENTION
Plankonvex-Singlets (LA),LA4026-A,6.207,6.2072,6.1706,-36.657,7.744,6.186,2.485,2.4898,PASSED
Plankonvex-Singlets (LA),LA4026-B,6.207,6.2072,6.1706,-36.657,7.744,6.186,2.485,2.4898,PASSED
Plankonvex-Singlets (LA),LA4026-C,6.207,6.2072,6.1706,-36.657,7.744,6.186,2.485,2.4898,PASSED
Plankonvex-Singlets (LA),LA4026,6.207,6.2072,6.1706,-36.657,7.744,6.186,2.485,2.4898,PASSED
Plankonvex-Singlets (LA),LA4033-A,123.583,123.5826,122.6432,-939.428,286.923,244.972,1.849,132.4531,ATTENTION
Plankonvex-Singlets (LA),LA4033-AB,123.583,123.5826,122.6432,-939.428,286.923,244.972,1.849,132.4531,ATTENTION
Plankonvex-Singlets (LA),LA4033-B,123.583,123.5826,122.6432,-939.428,286.923,244.972,1.849,132.4531,ATTENTION
Plankonvex-Singlets (LA),LA4033-C,123.583,123.5826,122.6432,-939.428,286.923,244.972,1.849,132.4531,ATTENTION
Plankonvex-Singlets (LA),LA4033-UV,123.583,123.5826,122.6432,-939.428,286.923,244.972,1.849,132.4531,ATTENTION
Plankonvex-Singlets (LA),LA4033,123.583,123.5826,122.6432,-939.428,286.923,244.972,1.849,132.4531,ATTENTION
Plankonvex-Singlets (LA),LA4034-A,121.773,121.7726,176.7643,54991.644,2317.031,0.000,8.205,0.0000,PASSED
Plankonvex-Singlets (LA),LA4034-AB,121.773,121.7726,176.7643,54991.644,2317.031,0.000,8.205,0.0000,PASSED
Plankonvex-Singlets (LA),LA4034-B,121.773,121.7726,176.7643,54991.644,2317.031,0.000,8.205,0.0000,PASSED
Plankonvex-Singlets (LA),LA4034-C,121.773,121.7726,176.7643,54991.644,2317.031,0.000,8.205,0.0000,PASSED
Plankonvex-Singlets (LA),LA4034-UV,121.773,121.7726,176.7643,54991.644,2317.031,0.000,8.205,0.0000,PASSED
Plankonvex-Singlets (LA),LA4034,121.773,121.7726,176.7643,54991.644,2317.031,0.000,8.205,0.0000,PASSED
Plankonvex-Singlets (LA),LA4036-A,6.198,6.1983,6.1111,-87.128,28.610,22.509,1.571,14.3252,ATTENTION
Plankonvex-Singlets (LA),LA4036-B,6.198,6.1983,6.1111,-87.128,28.610,22.509,1.571,14.3252,ATTENTION
Plankonvex-Singlets (LA),LA4036-C,6.198,6.1983,6.1111,-87.128,28.610,22.509,1.571,14.3252,ATTENTION
Plankonvex-Singlets (LA),LA4036,6.198,6.1983,6.1111,-87.128,28.610,22.509,1.571,14.3252,ATTENTION
Plankonvex-Singlets (LA),LA4039-A,9.310,9.3097,9.2547,-54.993,11.619,9.282,2.484,3.7361,PASSED
Plankonvex-Singlets (LA),LA4039-B,9.310,9.3097,9.2547,-54.993,11.619,9.282,2.484,3.7361,PASSED
Plankonvex-Singlets (LA),LA4039-C,9.310,9.3097,9.2547,-54.993,11.619,9.282,2.484,3.7361,PASSED
Plankonvex-Singlets (LA),LA4039,9.310,9.3097,9.2547,-54.993,11.619,9.282,2.484,3.7361,PASSED
Plankonvex-Singlets (LA),LA4041-A,849.022,849.0222,850.4835,1461.359,32.397,4.851,13.312,0.3644,PASSED
Plankonvex-Singlets (LA),LA4041-AB,849.022,849.0222,850.4835,1461.359,32.397,4.851,13.312,0.3644,PASSED
Plankonvex-Singlets (LA),LA4041-B,849.022,849.0222,850.4835,1461.359,32.397,4.851,13.312,0.3644,PASSED
Plankonvex-Singlets (LA),LA4041-C,849.022,849.0222,850.4835,1461.359,32.397,4.851,13.312,0.3644,PASSED
Plankonvex-Singlets (LA),LA4041-UV,849.022,849.0222,850.4835,1461.359,32.397,4.851,13.312,0.3644,PASSED
Plankonvex-Singlets (LA),LA4041,849.022,849.0222,850.4835,1461.359,32.397,4.851,13.312,0.3644,PASSED
Plankonvex-Singlets (LA),LA4042-1064,23.686,23.6864,60.3632,36676.841,2195.730,12.229,3.706,3.3000,PASSED
Plankonvex-Singlets (LA),LA4042-1550,23.686,23.6864,60.3632,36676.841,2195.730,12.229,3.706,3.3000,PASSED
Plankonvex-Singlets (LA),LA4042-532,23.686,23.6864,60.3632,36676.841,2195.730,12.229,3.706,3.3000,PASSED
Plankonvex-Singlets (LA),LA4042-A,23.686,23.6864,60.3632,36676.841,2195.730,12.229,3.706,3.3000,PASSED
Plankonvex-Singlets (LA),LA4042-AB,23.686,23.6864,60.3632,36676.841,2195.730,12.229,3.706,3.3000,PASSED
Plankonvex-Singlets (LA),LA4042-B,23.686,23.6864,60.3632,36676.841,2195.730,12.229,3.706,3.3000,PASSED
Plankonvex-Singlets (LA),LA4042-C,23.686,23.6864,60.3632,36676.841,2195.730,12.229,3.706,3.3000,PASSED
Plankonvex-Singlets (LA),LA4042-UV,23.686,23.6864,60.3632,36676.841,2195.730,12.229,3.706,3.3000,PASSED
Plankonvex-Singlets (LA),LA4042-YAG,23.686,23.6864,60.3632,36676.841,2195.730,12.229,3.706,3.3000,PASSED
Plankonvex-Singlets (LA),LA4042,23.686,23.6864,60.3632,36676.841,2195.730,12.229,3.706,3.3000,PASSED
Plankonvex-Singlets (LA),LA4043-1064,125.192,125.1922,125.3725,180.246,7.594,3.512,7.813,0.4495,PASSED
Plankonvex-Singlets (LA),LA4043-1550,125.192,125.1922,125.3725,180.246,7.594,3.512,7.813,0.4495,PASSED
Plankonvex-Singlets (LA),LA4043-532,125.192,125.1922,125.3725,180.246,7.594,3.512,7.813,0.4495,PASSED
Plankonvex-Singlets (LA),LA4043-A,125.192,125.1922,125.3725,180.246,7.594,3.512,7.813,0.4495,PASSED
Plankonvex-Singlets (LA),LA4043-AB,125.192,125.1922,125.3725,180.246,7.594,3.512,7.813,0.4495,PASSED
Plankonvex-Singlets (LA),LA4043-B,125.192,125.1922,125.3725,180.246,7.594,3.512,7.813,0.4495,PASSED
Plankonvex-Singlets (LA),LA4043-C,125.192,125.1922,125.3725,180.246,7.594,3.512,7.813,0.4495,PASSED
Plankonvex-Singlets (LA),LA4043-UV,125.192,125.1922,125.3725,180.246,7.594,3.512,7.813,0.4495,PASSED
Plankonvex-Singlets (LA),LA4043-YAG,125.192,125.1922,125.3725,180.246,7.594,3.512,7.813,0.4495,PASSED
Plankonvex-Singlets (LA),LA4043,125.192,125.1922,125.3725,180.246,7.594,3.512,7.813,0.4495,PASSED
Plankonvex-Singlets (LA),LA4052-1064,33.639,33.6385,32.3601,-1278.486,664.257,495.233,0.821,603.3079,ATTENTION
Plankonvex-Singlets (LA),LA4052-1550,33.639,33.6385,32.3601,-1278.486,664.257,495.233,0.821,603.3079,ATTENTION
Plankonvex-Singlets (LA),LA4052-405,33.639,33.6385,32.3601,-1278.486,664.257,495.233,0.821,603.3079,ATTENTION
Plankonvex-Singlets (LA),LA4052-532,33.639,33.6385,32.3601,-1278.486,664.257,495.233,0.821,603.3079,ATTENTION
Plankonvex-Singlets (LA),LA4052-633,33.639,33.6385,32.3601,-1278.486,664.257,495.233,0.821,603.3079,ATTENTION
Plankonvex-Singlets (LA),LA4052-A,33.639,33.6385,32.3601,-1278.486,664.257,495.233,0.821,603.3079,ATTENTION
Plankonvex-Singlets (LA),LA4052-AB,33.686,33.6856,32.4592,-1226.371,651.193,495.076,0.886,558.6740,ATTENTION
Plankonvex-Singlets (LA),LA4052-B,33.639,33.6385,32.3601,-1278.486,664.257,495.233,0.821,603.3079,ATTENTION
Plankonvex-Singlets (LA),LA4052-C,33.639,33.6385,32.3601,-1278.486,664.257,495.233,0.821,603.3079,ATTENTION
Plankonvex-Singlets (LA),LA4052-UV,33.639,33.6385,32.3601,-1278.486,664.257,495.233,0.821,603.3079,ATTENTION
Plankonvex-Singlets (LA),LA4052-YAG,33.639,33.6385,32.3601,-1278.486,664.257,495.233,0.821,603.3079,ATTENTION
Plankonvex-Singlets (LA),LA4052,33.639,33.6385,32.3601,-1278.486,664.257,495.233,0.821,603.3079,ATTENTION
Plankonvex-Singlets (LA),LA4078-A,72.356,72.3555,70.2071,-2148.408,1052.672,819.741,0.983,833.5411,ATTENTION
Plankonvex-Singlets (LA),LA4078-AB,72.346,72.3455,70.1780,-2167.502,1057.079,820.414,0.983,834.5759,ATTENTION
Plankonvex-Singlets (LA),LA4078-B,72.356,72.3555,70.2071,-2148.408,1052.672,819.741,0.983,833.5411,ATTENTION
Plankonvex-Singlets (LA),LA4078-C,72.356,72.3555,70.2071,-2148.408,1052.672,819.741,0.983,833.5411,ATTENTION
Plankonvex-Singlets (LA),LA4078-UV,72.266,72.2659,69.9827,-2283.242,1081.069,819.989,0.911,900.1674,ATTENTION
Plankonvex-Singlets (LA),LA4078,72.266,72.2659,69.9827,-2283.242,1081.069,819.989,0.911,900.1674,ATTENTION
Plankonvex-Singlets (LA),LA4102-1064,200.317,200.3174,200.1482,-169.224,13.502,10.937,5.798,1.8863,PASSED
Plankonvex-Singlets (LA),LA4102-1550,200.317,200.3174,200.1482,-169.224,13.502,10.937,5.798,1.8863,PASSED
Plankonvex-Singlets (LA),LA4102-405,33.639,33.6385,32.3601,-1278.486,664.257,495.233,0.821,603.3079,ATTENTION
Plankonvex-Singlets (LA),LA4102-532,200.317,200.3174,200.1482,-169.224,13.502,10.937,5.798,1.8863,PASSED
Plankonvex-Singlets (LA),LA4102-633,200.317,200.3174,200.1482,-169.224,13.502,10.937,5.798,1.8863,PASSED
Plankonvex-Singlets (LA),LA4102-A,200.317,200.3174,200.1482,-169.224,13.502,10.937,5.798,1.8863,PASSED
Plankonvex-Singlets (LA),LA4102-AB,200.617,200.6167,200.8275,210.857,14.709,10.940,6.260,1.7475,PASSED
Plankonvex-Singlets (LA),LA4102-B,200.317,200.3174,200.1482,-169.224,13.502,10.937,5.798,1.8863,PASSED
Plankonvex-Singlets (LA),LA4102-C,200.317,200.3174,200.1482,-169.224,13.502,10.937,5.798,1.8863,PASSED
Plankonvex-Singlets (LA),LA4102-UV,200.317,200.3174,200.1482,-169.224,13.502,10.937,5.798,1.8863,PASSED
Plankonvex-Singlets (LA),LA4102-YAG,200.317,200.3174,200.1482,-169.224,13.502,10.937,5.798,1.8863,PASSED
Plankonvex-Singlets (LA),LA4102,200.317,200.3174,200.1482,-169.224,13.502,10.937,5.798,1.8863,PASSED
Plankonvex-Singlets (LA),LA4130-1064,40.155,40.1553,39.9362,-219.090,44.409,35.644,2.253,15.8240,ATTENTION
Plankonvex-Singlets (LA),LA4130-1550,40.155,40.1553,39.9362,-219.090,44.409,35.644,2.253,15.8240,ATTENTION
Plankonvex-Singlets (LA),LA4130-405,40.155,40.1553,39.9362,-219.090,44.409,35.644,2.253,15.8240,ATTENTION
Plankonvex-Singlets (LA),LA4130-532,40.155,40.1553,39.9362,-219.090,44.409,35.644,2.253,15.8240,ATTENTION
Plankonvex-Singlets (LA),LA4130-633,40.155,40.1553,39.9362,-219.090,44.409,35.644,2.253,15.8240,ATTENTION
Plankonvex-Singlets (LA),LA4130-A,40.218,40.2176,40.0716,-145.961,39.747,35.646,2.432,14.6553,ATTENTION
Plankonvex-Singlets (LA),LA4130-AB,40.218,40.2176,40.0716,-145.961,39.747,35.646,2.432,14.6553,ATTENTION
Plankonvex-Singlets (LA),LA4130-B,40.218,40.2176,40.0716,-145.961,39.747,35.646,2.432,14.6553,ATTENTION
Plankonvex-Singlets (LA),LA4130-C,40.218,40.2176,40.0716,-145.961,39.747,35.646,2.432,14.6553,ATTENTION
Plankonvex-Singlets (LA),LA4130-UV,40.155,40.1553,39.9362,-219.090,44.409,35.644,2.253,15.8240,ATTENTION
Plankonvex-Singlets (LA),LA4130-YAG,40.155,40.1553,39.9362,-219.090,44.409,35.644,2.253,15.8240,ATTENTION
Plankonvex-Singlets (LA),LA4130,40.155,40.1553,39.9362,-219.090,44.409,35.644,2.253,15.8240,ATTENTION
Plankonvex-Singlets (LA),LA4148-1064,49.286,49.2861,48.5271,-759.046,254.991,200.656,1.327,151.2144,ATTENTION
Plankonvex-Singlets (LA),LA4148-1550,49.286,49.2861,48.5271,-759.046,254.991,200.656,1.327,151.2144,ATTENTION
Plankonvex-Singlets (LA),LA4148-405,49.286,49.2861,48.5271,-759.046,254.991,200.656,1.327,151.2144,ATTENTION
Plankonvex-Singlets (LA),LA4148-532,49.286,49.2861,48.5271,-759.046,254.991,200.656,1.327,151.2144,ATTENTION
Plankonvex-Singlets (LA),LA4148-633,49.286,49.2861,48.5271,-759.046,254.991,200.656,1.327,151.2144,ATTENTION
Plankonvex-Singlets (LA),LA4148-A,49.286,49.2861,48.5271,-759.046,254.991,200.656,1.327,151.2144,ATTENTION
Plankonvex-Singlets (LA),LA4148-AB,49.361,49.3605,48.6874,-673.178,244.109,200.641,1.433,140.0377,ATTENTION
Plankonvex-Singlets (LA),LA4148-B,49.286,49.2861,48.5271,-759.046,254.991,200.656,1.327,151.2144,ATTENTION
Plankonvex-Singlets (LA),LA4148-C,49.286,49.2861,48.5271,-759.046,254.991,200.656,1.327,151.2144,ATTENTION
Plankonvex-Singlets (LA),LA4148-UV,49.286,49.2861,48.5271,-759.046,254.991,200.656,1.327,151.2144,ATTENTION
Plankonvex-Singlets (LA),LA4148-YAG,49.286,49.2861,48.5271,-759.046,254.991,200.656,1.327,151.2144,ATTENTION
Plankonvex-Singlets (LA),LA4148,49.286,49.2861,48.5271,-759.046,254.991,200.656,1.327,151.2144,ATTENTION
Plankonvex-Singlets (LA),LA4158-1064,250.373,250.3726,250.2377,-134.912,8.610,6.980,7.261,0.9614,PASSED
Plankonvex-Singlets (LA),LA4158-1550,250.373,250.3726,250.2377,-134.912,8.610,6.980,7.261,0.9614,PASSED
Plankonvex-Singlets (LA),LA4158-405,250.373,250.3726,250.2377,-134.912,8.610,6.980,7.261,0.9614,PASSED
Plankonvex-Singlets (LA),LA4158-532,250.373,250.3726,250.2377,-134.912,8.610,6.980,7.261,0.9614,PASSED
Plankonvex-Singlets (LA),LA4158-633,250.373,250.3726,250.2377,-134.912,8.610,6.980,7.261,0.9614,PASSED
Plankonvex-Singlets (LA),LA4158-A,250.373,250.3726,250.2377,-134.912,8.610,6.980,7.261,0.9614,PASSED
Plankonvex-Singlets (LA),LA4158-AB,250.775,250.7747,251.1161,341.424,14.500,6.981,7.841,0.8903,PASSED
Plankonvex-Singlets (LA),LA4158-B,250.373,250.3726,250.2377,-134.912,8.610,6.980,7.261,0.9614,PASSED
Plankonvex-Singlets (LA),LA4158-C,250.373,250.3726,250.2377,-134.912,8.610,6.980,7.261,0.9614,PASSED
Plankonvex-Singlets (LA),LA4158-UV,250.373,250.3726,250.2377,-134.912,8.610,6.980,7.261,0.9614,PASSED
Plankonvex-Singlets (LA),LA4158-YAG,250.373,250.3726,250.2377,-134.912,8.610,6.980,7.261,0.9614,PASSED
Plankonvex-Singlets (LA),LA4158,250.373,250.3726,250.2377,-134.912,8.610,6.980,7.261,0.9614,PASSED
Plankonvex-Singlets (LA),LA4184-1064,500.503,500.5031,500.4365,-66.559,2.135,1.739,14.559,0.1194,PASSED
Plankonvex-Singlets (LA),LA4184-1550,500.503,500.5031,500.4365,-66.559,2.135,1.739,14.559,0.1194,PASSED
Plankonvex-Singlets (LA),LA4184-405,500.503,500.5031,500.4365,-66.559,2.135,1.739,14.559,0.1194,PASSED
Plankonvex-Singlets (LA),LA4184-532,500.503,500.5031,500.4365,-66.559,2.135,1.739,14.559,0.1194,PASSED
Plankonvex-Singlets (LA),LA4184-633,500.503,500.5031,500.4365,-66.559,2.135,1.739,14.559,0.1194,PASSED
Plankonvex-Singlets (LA),LA4184-A,500.503,500.5031,500.4365,-66.559,2.135,1.739,14.559,0.1194,PASSED
Plankonvex-Singlets (LA),LA4184-AB,501.310,501.3096,502.1991,889.511,16.599,1.739,15.722,0.1106,PASSED
Plankonvex-Singlets (LA),LA4184-B,500.503,500.5031,500.4365,-66.559,2.135,1.739,14.559,0.1194,PASSED
Plankonvex-Singlets (LA),LA4184-C,500.503,500.5031,500.4365,-66.559,2.135,1.739,14.559,0.1194,PASSED
Plankonvex-Singlets (LA),LA4184-UV,500.503,500.5031,500.4365,-66.559,2.135,1.739,14.559,0.1194,PASSED
Plankonvex-Singlets (LA),LA4184-YAG,500.503,500.5031,500.4365,-66.559,2.135,1.739,14.559,0.1194,PASSED
Plankonvex-Singlets (LA),LA4184,500.503,500.5031,500.4365,-66.559,2.135,1.739,14.559,0.1194,PASSED
Plankonvex-Singlets (LA),LA4194-A,20.320,20.3203,20.2599,-60.438,16.383,14.881,2.584,5.7592,ATTENTION
Plankonvex-Singlets (LA),LA4194-AB,20.320,20.3203,20.2599,-60.438,16.383,14.881,2.584,5.7592,ATTENTION
Plankonvex-Singlets (LA),LA4194-B,20.320,20.3203,20.2599,-60.438,16.383,14.881,2.584,5.7592,ATTENTION
Plankonvex-Singlets (LA),LA4194-C,20.320,20.3203,20.2599,-60.438,16.383,14.881,2.584,5.7592,ATTENTION
Plankonvex-Singlets (LA),LA4194-UV,20.289,20.2893,20.1924,-96.893,18.517,14.880,2.393,6.2181,ATTENTION
Plankonvex-Singlets (LA),LA4194,20.289,20.2893,20.1924,-96.893,18.517,14.880,2.393,6.2181,ATTENTION
Plankonvex-Singlets (LA),LA4236-1064,125.111,125.1108,124.8369,-273.923,35.113,28.360,3.593,7.8926,ATTENTION
Plankonvex-Singlets (LA),LA4236-1550,125.111,125.1108,124.8369,-273.923,35.113,28.360,3.593,7.8926,ATTENTION
Plankonvex-Singlets (LA),LA4236-405,125.111,125.1108,124.8369,-273.923,35.113,28.360,3.593,7.8926,ATTENTION
Plankonvex-Singlets (LA),LA4236-532,125.111,125.1108,124.8369,-273.923,35.113,28.360,3.593,7.8926,ATTENTION
Plankonvex-Singlets (LA),LA4236-633,125.111,125.1108,124.8369,-273.923,35.113,28.360,3.593,7.8926,ATTENTION
Plankonvex-Singlets (LA),LA4236-A,125.320,125.3201,125.2743,-45.727,28.569,28.361,3.880,7.3094,ATTENTION
Plankonvex-Singlets (LA),LA4236-AB,125.310,125.3101,125.2712,-38.884,28.512,28.361,3.880,7.3095,ATTENTION
Plankonvex-Singlets (LA),LA4236-B,125.320,125.3201,125.2743,-45.727,28.569,28.361,3.880,7.3094,ATTENTION
Plankonvex-Singlets (LA),LA4236-C,125.320,125.3201,125.2743,-45.727,28.569,28.361,3.880,7.3094,ATTENTION
Plankonvex-Singlets (LA),LA4236-UV,125.111,125.1108,124.8369,-273.923,35.113,28.360,3.593,7.8926,ATTENTION
Plankonvex-Singlets (LA),LA4236-YAG,125.111,125.1108,124.8369,-273.923,35.113,28.360,3.593,7.8926,ATTENTION
Plankonvex-Singlets (LA),LA4236,125.111,125.1108,124.8369,-273.923,35.113,28.360,3.593,7.8926,ATTENTION
Plankonvex-Singlets (LA),LA4246-A,500.631,500.6314,500.9812,349.730,49.182,45.235,5.289,8.5518,ATTENTION
Plankonvex-Singlets (LA),LA4246-AB,500.621,500.6214,500.9780,356.580,49.332,45.235,5.289,8.5519,ATTENTION
Plankonvex-Singlets (LA),LA4246-B,500.631,500.6314,500.9812,349.730,49.182,45.235,5.289,8.5518,ATTENTION
Plankonvex-Singlets (LA),LA4246-C,500.631,500.6314,500.9812,349.730,49.182,45.235,5.289,8.5518,ATTENTION
Plankonvex-Singlets (LA),LA4246-UV,499.819,499.8194,499.2268,-592.529,55.889,45.232,4.898,9.2342,ATTENTION
Plankonvex-Singlets (LA),LA4246,499.819,499.8194,499.2268,-592.529,55.889,45.232,4.898,9.2342,ATTENTION
Plankonvex-Singlets (LA),LA4249-A,10.243,10.2427,10.1089,-133.762,46.170,37.388,1.460,25.6015,ATTENTION
Plankonvex-Singlets (LA),LA4249-AB,10.233,10.2327,10.1057,-127.003,45.386,37.395,1.460,25.6057,ATTENTION
Plankonvex-Singlets (LA),LA4249-B,10.243,10.2427,10.1089,-133.762,46.170,37.388,1.460,25.6015,ATTENTION
Plankonvex-Singlets (LA),LA4249-C,10.243,10.2427,10.1089,-133.762,46.170,37.388,1.460,25.6015,ATTENTION
Plankonvex-Singlets (LA),LA4249-UV,10.250,10.2499,10.1057,-144.195,47.445,37.395,1.460,25.6057,ATTENTION
Plankonvex-Singlets (LA),LA4249,10.250,10.2499,10.1057,-144.195,47.445,37.395,1.460,25.6057,ATTENTION
Plankonvex-Singlets (LA),LA4280-A,10.118,10.1177,9.9138,-203.860,86.920,69.354,1.162,59.6828,ATTENTION
Plankonvex-Singlets (LA),LA4280-AB,10.118,10.1177,9.9138,-203.860,86.920,69.354,1.162,59.6828,ATTENTION
Plankonvex-Singlets (LA),LA4280-B,10.118,10.1177,9.9138,-203.860,86.920,69.354,1.162,59.6828,ATTENTION
Plankonvex-Singlets (LA),LA4280-C,10.118,10.1177,9.9138,-203.860,86.920,69.354,1.162,59.6828,ATTENTION
Plankonvex-Singlets (LA),LA4280-UV,10.134,10.1342,9.9138,-220.428,89.552,69.354,1.162,59.6828,ATTENTION
Plankonvex-Singlets (LA),LA4280,10.134,10.1342,9.9138,-220.428,89.552,69.354,1.162,59.6828,ATTENTION
Plankonvex-Singlets (LA),LA4306-1064,38.915,38.9152,37.8846,-1030.530,449.873,345.345,0.997,346.2839,ATTENTION
Plankonvex-Singlets (LA),LA4306-1550,38.915,38.9152,37.8846,-1030.530,449.873,345.345,0.997,346.2839,ATTENTION
Plankonvex-Singlets (LA),LA4306-405,38.915,38.9152,37.8846,-1030.530,449.873,345.345,0.997,346.2839,ATTENTION
Plankonvex-Singlets (LA),LA4306-532,38.915,38.9152,37.8846,-1030.530,449.873,345.345,0.997,346.2839,ATTENTION
Plankonvex-Singlets (LA),LA4306-633,38.915,38.9152,37.8846,-1030.530,449.873,345.345,0.997,346.2839,ATTENTION
Plankonvex-Singlets (LA),LA4306-A,38.915,38.9152,37.8846,-1030.530,449.873,345.345,0.997,346.2839,ATTENTION
Plankonvex-Singlets (LA),LA4306-AB,38.972,38.9717,38.0051,-966.579,437.952,345.279,1.077,320.6771,ATTENTION
Plankonvex-Singlets (LA),LA4306-B,38.915,38.9152,37.8846,-1030.530,449.873,345.345,0.997,346.2839,ATTENTION
Plankonvex-Singlets (LA),LA4306-C,38.915,38.9152,37.8846,-1030.530,449.873,345.345,0.997,346.2839,ATTENTION
Plankonvex-Singlets (LA),LA4306-UV,38.915,38.9152,37.8846,-1030.530,449.873,345.345,0.997,346.2839,ATTENTION
Plankonvex-Singlets (LA),LA4306-YAG,38.915,38.9152,37.8846,-1030.530,449.873,345.345,0.997,346.2839,ATTENTION
Plankonvex-Singlets (LA),LA4306,38.915,38.9152,37.8846,-1030.530,449.873,345.345,0.997,346.2839,ATTENTION
Plankonvex-Singlets (LA),LA4327-1064,75.359,75.3588,75.2455,-113.323,12.077,9.767,4.331,2.2554,PASSED
Plankonvex-Singlets (LA),LA4327-1550,75.359,75.3588,75.2455,-113.323,12.077,9.767,4.331,2.2554,PASSED
Plankonvex-Singlets (LA),LA4327-405,75.359,75.3588,75.2455,-113.323,12.077,9.767,4.331,2.2554,PASSED
Plankonvex-Singlets (LA),LA4327-532,75.359,75.3588,75.2455,-113.323,12.077,9.767,4.331,2.2554,PASSED
Plankonvex-Singlets (LA),LA4327-633,75.359,75.3588,75.2455,-113.323,12.077,9.767,4.331,2.2554,PASSED
Plankonvex-Singlets (LA),LA4327-A,75.482,75.4817,75.5099,28.147,9.925,9.768,4.676,2.0888,PASSED
Plankonvex-Singlets (LA),LA4327-AB,75.457,75.4567,75.4847,28.073,9.930,9.774,4.675,2.0906,PASSED
Plankonvex-Singlets (LA),LA4327-B,75.482,75.4817,75.5099,28.147,9.925,9.768,4.676,2.0888,PASSED
Plankonvex-Singlets (LA),LA4327-C,75.482,75.4817,75.5099,28.147,9.925,9.768,4.676,2.0888,PASSED
Plankonvex-Singlets (LA),LA4327-UV,75.359,75.3588,75.2455,-113.323,12.077,9.767,4.331,2.2554,PASSED
Plankonvex-Singlets (LA),LA4327-YAG,75.359,75.3588,75.2455,-113.323,12.077,9.767,4.331,2.2554,PASSED
Plankonvex-Singlets (LA),LA4327,75.359,75.3588,75.2455,-113.323,12.077,9.767,4.331,2.2554,PASSED
Plankonvex-Singlets (LA),LA4337-A,1002.304,1002.3043,1004.0837,1779.423,33.206,3.478,15.722,0.2213,PASSED
Plankonvex-Singlets (LA),LA4337-AB,1002.304,1002.3043,1004.0837,1779.423,33.206,3.478,15.722,0.2213,PASSED
Plankonvex-Singlets (LA),LA4337-B,1002.304,1002.3043,1004.0837,1779.423,33.206,3.478,15.722,0.2213,PASSED
Plankonvex-Singlets (LA),LA4337-C,1002.304,1002.3043,1004.0837,1779.423,33.206,3.478,15.722,0.2213,PASSED
Plankonvex-Singlets (LA),LA4337-UV,1000.691,1000.6910,1000.5578,-133.135,4.272,3.478,14.559,0.2389,PASSED
Plankonvex-Singlets (LA),LA4337,1000.691,1000.6910,1000.5578,-133.135,4.272,3.478,14.559,0.2389,PASSED
Plankonvex-Singlets (LA),LA4372-A,147.241,147.2405,145.3173,-1923.235,692.528,572.677,1.461,392.0680,ATTENTION
Plankonvex-Singlets (LA),LA4372-AB,147.271,147.2705,145.3270,-1943.512,694.830,572.658,1.461,392.0553,ATTENTION
Plankonvex-Singlets (LA),LA4372-B,147.241,147.2405,145.3173,-1923.235,692.528,572.677,1.461,392.0680,ATTENTION
Plankonvex-Singlets (LA),LA4372-C,147.241,147.2405,145.3173,-1923.235,692.528,572.677,1.461,392.0680,ATTENTION
Plankonvex-Singlets (LA),LA4372-UV,147.979,147.9795,145.7529,-2226.622,727.910,572.614,1.578,362.9356,ATTENTION
Plankonvex-Singlets (LA),LA4372,147.979,147.9795,145.7529,-2226.622,727.910,572.614,1.578,362.9356,ATTENTION
Plankonvex-Singlets (LA),LA4380-1064,99.985,99.9847,99.6388,-345.874,55.664,44.850,2.852,15.7253,ATTENTION
Plankonvex-Singlets (LA),LA4380-1550,99.985,99.9847,99.6388,-345.874,55.664,44.850,2.852,15.7253,ATTENTION
Plankonvex-Singlets (LA),LA4380-405,99.985,99.9847,99.6388,-345.874,55.664,44.850,2.852,15.7253,ATTENTION
Plankonvex-Singlets (LA),LA4380-532,99.985,99.9847,99.6388,-345.874,55.664,44.850,2.852,15.7253,ATTENTION
Plankonvex-Singlets (LA),LA4380-633,99.985,99.9847,99.6388,-345.874,55.664,44.850,2.852,15.7253,ATTENTION
Plankonvex-Singlets (LA),LA4380-A,99.985,99.9847,99.6388,-345.874,55.664,44.850,2.852,15.7253,ATTENTION
Plankonvex-Singlets (LA),LA4380-AB,100.121,100.1208,99.9613,-159.565,47.363,44.872,3.079,14.5733,ATTENTION
Plankonvex-Singlets (LA),LA4380-B,99.985,99.9847,99.6388,-345.874,55.664,44.850,2.852,15.7253,ATTENTION
Plankonvex-Singlets (LA),LA4380-C,99.985,99.9847,99.6388,-345.874,55.664,44.850,2.852,15.7253,ATTENTION
Plankonvex-Singlets (LA),LA4380-UV,99.985,99.9847,99.6388,-345.874,55.664,44.850,2.852,15.7253,ATTENTION
Plankonvex-Singlets (LA),LA4380-YAG,99.985,99.9847,99.6388,-345.874,55.664,44.850,2.852,15.7253,ATTENTION
Plankonvex-Singlets (LA),LA4380,99.985,99.9847,99.6388,-345.874,55.664,44.850,2.852,15.7253,ATTENTION
Plankonvex-Singlets (LA),LA4384-A,84.192,84.1915,91.2172,7025.729,1780.311,435.014,1.284,338.9210,ATTENTION
Plankonvex-Singlets (LA),LA4384-AB,84.182,84.1815,91.1900,7008.481,1776.803,435.263,1.283,339.2181,ATTENTION
Plankonvex-Singlets (LA),LA4384-B,84.192,84.1915,91.2172,7025.729,1780.311,435.014,1.284,338.9210,ATTENTION
Plankonvex-Singlets (LA),LA4384-C,84.192,84.1915,91.2172,7025.729,1780.311,435.014,1.284,338.9210,ATTENTION
Plankonvex-Singlets (LA),LA4384-UV,84.097,84.0970,90.9456,6848.651,1744.107,434.909,1.189,365.8454,ATTENTION
Plankonvex-Singlets (LA),LA4384,84.097,84.0970,90.9456,6848.651,1744.107,434.909,1.189,365.8454,ATTENTION
Plankonvex-Singlets (LA),LA4464-A,56.340,56.3404,54.9501,-1390.261,1812.564,1737.020,0.676,2569.2995,ATTENTION
Plankonvex-Singlets (LA),LA4464-AB,56.340,56.3404,54.9501,-1390.261,1812.564,1737.020,0.676,2569.2995,ATTENTION
Plankonvex-Singlets (LA),LA4464-B,56.340,56.3404,54.9501,-1390.261,1812.564,1737.020,0.676,2569.2995,ATTENTION
Plankonvex-Singlets (LA),LA4464-C,56.340,56.3404,54.9501,-1390.261,1812.564,1737.020,0.676,2569.2995,ATTENTION
Plankonvex-Singlets (LA),LA4464-UV,56.267,56.2669,54.7907,-1476.204,1823.826,1738.260,0.626,2775.1725,ATTENTION
Plankonvex-Singlets (LA),LA4464,56.267,56.2669,54.7907,-1476.204,1823.826,1738.260,0.626,2775.1725,ATTENTION
Plankonvex-Singlets (LA),LA4538-A,250.318,250.3175,250.2330,-84.489,57.108,56.753,3.880,14.6267,ATTENTION
Plankonvex-Singlets (LA),LA4538-AB,250.308,250.3075,250.2299,-77.646,57.053,56.753,3.880,14.6268,ATTENTION
Plankonvex-Singlets (LA),LA4538-B,250.318,250.3175,250.2330,-84.489,57.108,56.753,3.880,14.6267,ATTENTION
Plankonvex-Singlets (LA),LA4538-C,250.318,250.3175,250.2330,-84.489,57.108,56.753,3.880,14.6267,ATTENTION
Plankonvex-Singlets (LA),LA4538-UV,249.909,249.9086,249.3605,-548.145,70.264,56.750,3.593,15.7938,ATTENTION
Plankonvex-Singlets (LA),LA4538,249.909,249.9086,249.3605,-548.145,70.264,56.750,3.593,15.7938,ATTENTION
Plankonvex-Singlets (LA),LA4545-A,98.399,98.3987,97.0502,-1348.477,489.005,401.937,1.433,280.5318,ATTENTION
Plankonvex-Singlets (LA),LA4545-AB,98.399,98.3987,97.0502,-1348.477,489.005,401.937,1.433,280.5318,ATTENTION
Plankonvex-Singlets (LA),LA4545-B,98.399,98.3987,97.0502,-1348.477,489.005,401.937,1.433,280.5318,ATTENTION
Plankonvex-Singlets (LA),LA4545-C,98.399,98.3987,97.0502,-1348.477,489.005,401.937,1.433,280.5318,ATTENTION
Plankonvex-Singlets (LA),LA4545-UV,98.272,98.2724,96.7522,-1520.258,510.567,401.770,1.327,302.6939,ATTENTION
Plankonvex-Singlets (LA),LA4545,98.272,98.2724,96.7522,-1520.258,510.567,401.770,1.327,302.6939,ATTENTION
Plankonvex-Singlets (LA),LA4579-1064,300.406,300.4063,300.2942,-112.124,5.965,4.841,8.722,0.5550,PASSED
Plankonvex-Singlets (LA),LA4579-1550,300.406,300.4063,300.2942,-112.124,5.965,4.841,8.722,0.5550,PASSED
Plankonvex-Singlets (LA),LA4579-405,300.406,300.4063,300.2942,-112.124,5.965,4.841,8.722,0.5550,PASSED
Plankonvex-Singlets (LA),LA4579-532,300.406,300.4063,300.2942,-112.124,5.965,4.841,8.722,0.5550,PASSED
Plankonvex-Singlets (LA),LA4579-633,300.406,300.4063,300.2942,-112.124,5.965,4.841,8.722,0.5550,PASSED
Plankonvex-Singlets (LA),LA4579-A,300.406,300.4063,300.2942,-112.124,5.965,4.841,8.722,0.5550,PASSED
Plankonvex-Singlets (LA),LA4579-AB,300.889,300.8894,301.3496,460.258,15.060,4.841,9.419,0.5140,PASSED
Plankonvex-Singlets (LA),LA4579-B,300.406,300.4063,300.2942,-112.124,5.965,4.841,8.722,0.5550,PASSED
Plankonvex-Singlets (LA),LA4579-C,300.406,300.4063,300.2942,-112.124,5.965,4.841,8.722,0.5550,PASSED
Plankonvex-Singlets (LA),LA4579-UV,300.406,300.4063,300.2942,-112.124,5.965,4.841,8.722,0.5550,PASSED
Plankonvex-Singlets (LA),LA4579-YAG,300.406,300.4063,300.2942,-112.124,5.965,4.841,8.722,0.5550,PASSED
Plankonvex-Singlets (LA),LA4579,300.406,300.4063,300.2942,-112.124,5.965,4.841,8.722,0.5550,PASSED
Plankonvex-Singlets (LA),LA4600-1064,100.411,100.4111,100.3266,-84.521,6.744,5.463,5.798,0.9422,PASSED
Plankonvex-Singlets (LA),LA4600-1550,100.411,100.4111,100.3266,-84.521,6.744,5.463,5.798,0.9422,PASSED
Plankonvex-Singlets (LA),LA4600-405,100.411,100.4111,100.3266,-84.521,6.744,5.463,5.798,0.9422,PASSED
Plankonvex-Singlets (LA),LA4600-532,100.411,100.4111,100.3266,-84.521,6.744,5.463,5.798,0.9422,PASSED
Plankonvex-Singlets (LA),LA4600-633,100.411,100.4111,100.3266,-84.521,6.744,5.463,5.798,0.9422,PASSED
Plankonvex-Singlets (LA),LA4600-A,100.550,100.5496,100.6766,127.049,8.058,5.463,6.261,0.8726,PASSED
Plankonvex-Singlets (LA),LA4600-AB,100.550,100.5496,100.6547,105.153,7.343,5.465,6.260,0.8731,PASSED
Plankonvex-Singlets (LA),LA4600-B,100.550,100.5496,100.6766,127.049,8.058,5.463,6.261,0.8726,PASSED
Plankonvex-Singlets (LA),LA4600-C,100.550,100.5496,100.6766,127.049,8.058,5.463,6.261,0.8726,PASSED
Plankonvex-Singlets (LA),LA4600-UV,100.411,100.4111,100.3266,-84.521,6.744,5.463,5.798,0.9422,PASSED
Plankonvex-Singlets (LA),LA4600-YAG,100.411,100.4111,100.3266,-84.521,6.744,5.463,5.798,0.9422,PASSED
Plankonvex-Singlets (LA),LA4600,100.411,100.4111,100.3266,-84.521,6.744,5.463,5.798,0.9422,PASSED
Plankonvex-Singlets (LA),LA4647-1064,19.721,19.7206,19.2095,-511.086,223.175,171.354,0.997,171.8195,ATTENTION
Plankonvex-Singlets (LA),LA4647-1550,19.721,19.7206,19.2095,-511.086,223.175,171.354,0.997,171.8195,ATTENTION
Plankonvex-Singlets (LA),LA4647-405,19.721,19.7206,19.2095,-511.086,223.175,171.354,0.997,171.8195,ATTENTION
Plankonvex-Singlets (LA),LA4647-532,19.721,19.7206,19.2095,-511.086,223.175,171.354,0.997,171.8195,ATTENTION
Plankonvex-Singlets (LA),LA4647-633,19.721,19.7206,19.2095,-511.086,223.175,171.354,0.997,171.8195,ATTENTION
Plankonvex-Singlets (LA),LA4647-A,19.721,19.7206,19.2095,-511.086,223.175,171.354,0.997,171.8195,ATTENTION
Plankonvex-Singlets (LA),LA4647-AB,19.749,19.7485,19.2690,-479.526,217.303,171.336,1.077,159.1277,ATTENTION
Plankonvex-Singlets (LA),LA4647-B,19.721,19.7206,19.2095,-511.086,223.175,171.354,0.997,171.8195,ATTENTION
Plankonvex-Singlets (LA),LA4647-C,19.721,19.7206,19.2095,-511.086,223.175,171.354,0.997,171.8195,ATTENTION
Plankonvex-Singlets (LA),LA4647-UV,19.721,19.7206,19.2095,-511.086,223.175,171.354,0.997,171.8195,ATTENTION
Plankonvex-Singlets (LA),LA4647-YAG,19.721,19.7206,19.2095,-511.086,223.175,171.354,0.997,171.8195,ATTENTION
Plankonvex-Singlets (LA),LA4647,19.721,19.7206,19.2095,-511.086,223.175,171.354,0.997,171.8195,ATTENTION
Plankonvex-Singlets (LA),LA4663-1064,1000.568,1000.5679,1000.5360,-31.845,0.526,0.434,29.137,0.0149,PASSED
Plankonvex-Singlets (LA),LA4663-1550,1000.568,1000.5679,1000.5360,-31.845,0.526,0.434,29.137,0.0149,PASSED
Plankonvex-Singlets (LA),LA4663-405,1000.568,1000.5679,1000.5360,-31.845,0.526,0.434,29.137,0.0149,PASSED
Plankonvex-Singlets (LA),LA4663-532,1000.568,1000.5679,1000.5360,-31.845,0.526,0.434,29.137,0.0149,PASSED
Plankonvex-Singlets (LA),LA4663-633,1000.568,1000.5679,1000.5360,-31.845,0.526,0.434,29.137,0.0149,PASSED
Plankonvex-Singlets (LA),LA4663-A,1002.185,1002.1855,1004.0679,1882.407,17.460,0.434,31.463,0.0138,PASSED
Plankonvex-Singlets (LA),LA4663-AB,1002.182,1002.1823,1004.0647,1882.411,17.461,0.434,31.463,0.0138,PASSED
Plankonvex-Singlets (LA),LA4663-B,1002.185,1002.1855,1004.0679,1882.407,17.460,0.434,31.463,0.0138,PASSED
Plankonvex-Singlets (LA),LA4663-C,1002.185,1002.1855,1004.0679,1882.407,17.460,0.434,31.463,0.0138,PASSED
Plankonvex-Singlets (LA),LA4663-UV,1000.568,1000.5679,1000.5360,-31.845,0.526,0.434,29.137,0.0149,PASSED
Plankonvex-Singlets (LA),LA4663-YAG,1000.568,1000.5679,1000.5360,-31.845,0.526,0.434,29.137,0.0149,PASSED
Plankonvex-Singlets (LA),LA4663,1000.568,1000.5679,1000.5360,-31.845,0.526,0.434,29.137,0.0149,PASSED
Plankonvex-Singlets (LA),LA4716-1064,750.546,750.5460,750.5024,-43.567,0.943,0.772,21.849,0.0354,PASSED
Plankonvex-Singlets (LA),LA4716-1550,750.546,750.5460,750.5024,-43.567,0.943,0.772,21.849,0.0354,PASSED
Plankonvex-Singlets (LA),LA4716-405,750.546,750.5460,750.5024,-43.567,0.943,0.772,21.849,0.0354,PASSED
Plankonvex-Singlets (LA),LA4716-532,750.546,750.5460,750.5024,-43.567,0.943,0.772,21.849,0.0354,PASSED
Plankonvex-Singlets (LA),LA4716-633,750.546,750.5460,750.5024,-43.567,0.943,0.772,21.849,0.0354,PASSED
Plankonvex-Singlets (LA),LA4716-A,751.756,751.7565,753.1482,1391.655,17.226,0.772,23.594,0.0327,PASSED
Plankonvex-Singlets (LA),LA4716-AB,751.756,751.7565,753.1482,1391.655,17.226,0.772,23.594,0.0327,PASSED
Plankonvex-Singlets (LA),LA4716-B,751.756,751.7565,753.1482,1391.655,17.226,0.772,23.594,0.0327,PASSED
Plankonvex-Singlets (LA),LA4716-C,751.756,751.7565,753.1482,1391.655,17.226,0.772,23.594,0.0327,PASSED
Plankonvex-Singlets (LA),LA4716-UV,750.546,750.5460,750.5024,-43.567,0.943,0.772,21.849,0.0354,PASSED
Plankonvex-Singlets (LA),LA4716-YAG,750.546,750.5460,750.5024,-43.567,0.943,0.772,21.849,0.0354,PASSED
Plankonvex-Singlets (LA),LA4716,750.546,750.5460,750.5024,-43.567,0.943,0.772,21.849,0.0354,PASSED
Plankonvex-Singlets (LA),LA4725-1064,74.769,74.7687,74.2971,-471.567,102.219,81.917,2.102,38.9708,ATTENTION
Plankonvex-Singlets (LA),LA4725-1550,74.769,74.7687,74.2971,-471.567,102.219,81.917,2.102,38.9708,ATTENTION
Plankonvex-Singlets (LA),LA4725-405,74.769,74.7687,74.2971,-471.567,102.219,81.917,2.102,38.9708,ATTENTION
Plankonvex-Singlets (LA),LA4725-532,74.769,74.7687,74.2971,-471.567,102.219,81.917,2.102,38.9708,ATTENTION
Plankonvex-Singlets (LA),LA4725-633,74.769,74.7687,74.2971,-471.567,102.219,81.917,2.102,38.9708,ATTENTION
Plankonvex-Singlets (LA),LA4725-A,74.769,74.7687,74.2971,-471.567,102.219,81.917,2.102,38.9708,ATTENTION
Plankonvex-Singlets (LA),LA4725-AB,74.863,74.8633,74.5286,-334.721,92.683,81.969,2.269,36.1249,ATTENTION
Plankonvex-Singlets (LA),LA4725-B,74.769,74.7687,74.2971,-471.567,102.219,81.917,2.102,38.9708,ATTENTION
Plankonvex-Singlets (LA),LA4725-C,74.769,74.7687,74.2971,-471.567,102.219,81.917,2.102,38.9708,ATTENTION
Plankonvex-Singlets (LA),LA4725-UV,74.769,74.7687,74.2971,-471.567,102.219,81.917,2.102,38.9708,ATTENTION
Plankonvex-Singlets (LA),LA4725-YAG,74.769,74.7687,74.2971,-471.567,102.219,81.917,2.102,38.9708,ATTENTION
Plankonvex-Singlets (LA),LA4725,74.769,74.7687,74.2971,-471.567,102.219,81.917,2.102,38.9708,ATTENTION
Plankonvex-Singlets (LA),LA4745-A,751.822,751.8218,753.0694,1247.607,31.509,6.190,11.784,0.5253,PASSED
Plankonvex-Singlets (LA),LA4745-AB,751.812,751.8118,753.0663,1254.462,31.675,6.190,11.784,0.5253,PASSED
Plankonvex-Singlets (LA),LA4745-B,751.822,751.8218,753.0694,1247.607,31.509,6.190,11.784,0.5253,PASSED
Plankonvex-Singlets (LA),LA4745-C,751.822,751.8218,753.0694,1247.607,31.509,6.190,11.784,0.5253,PASSED
Plankonvex-Singlets (LA),LA4745-UV,750.603,750.6028,750.4240,-178.746,7.618,6.189,10.912,0.5672,PASSED
Plankonvex-Singlets (LA),LA4745,750.603,750.6028,750.4240,-178.746,7.618,6.189,10.912,0.5672,PASSED
Plankonvex-Singlets (LA),LA4765-1064,50.235,50.2347,50.0621,-172.588,27.782,22.385,2.851,7.8504,ATTENTION
Plankonvex-Singlets (LA),LA4765-1550,50.235,50.2347,50.0621,-172.588,27.782,22.385,2.851,7.8504,ATTENTION
Plankonvex-Singlets (LA),LA4765-405,50.235,50.2347,50.0621,-172.588,27.782,22.385,2.851,7.8504,ATTENTION
Plankonvex-Singlets (LA),LA4765-532,50.235,50.2347,50.0621,-172.588,27.782,22.385,2.851,7.8504,ATTENTION
Plankonvex-Singlets (LA),LA4765-633,50.235,50.2347,50.0621,-172.588,27.782,22.385,2.851,7.8504,ATTENTION
Plankonvex-Singlets (LA),LA4765-A,50.314,50.3135,50.2338,-79.737,23.633,22.386,3.079,7.2706,ATTENTION
Plankonvex-Singlets (LA),LA4765-AB,50.314,50.3135,50.2338,-79.737,23.633,22.386,3.079,7.2706,ATTENTION
Plankonvex-Singlets (LA),LA4765-B,50.314,50.3135,50.2338,-79.737,23.633,22.386,3.079,7.2706,ATTENTION
Plankonvex-Singlets (LA),LA4765-C,50.314,50.3135,50.2338,-79.737,23.633,22.386,3.079,7.2706,ATTENTION
Plankonvex-Singlets (LA),LA4765-UV,50.235,50.2347,50.0621,-172.588,27.782,22.385,2.851,7.8504,ATTENTION
Plankonvex-Singlets (LA),LA4765-YAG,50.235,50.2347,50.0621,-172.588,27.782,22.385,2.851,7.8504,ATTENTION
Plankonvex-Singlets (LA),LA4765,50.235,50.2347,50.0621,-172.588,27.782,22.385,2.851,7.8504,ATTENTION
Plankonvex-Singlets (LA),LA4782-A,501.244,501.2444,501.9207,676.342,28.790,13.965,7.841,1.7811,PASSED
Plankonvex-Singlets (LA),LA4782-AB,501.234,501.2344,501.9176,683.195,29.013,13.965,7.841,1.7811,PASSED
Plankonvex-Singlets (LA),LA4782-B,501.244,501.2444,501.9207,676.342,28.790,13.965,7.841,1.7811,PASSED
Plankonvex-Singlets (LA),LA4782-C,501.244,501.2444,501.9207,676.342,28.790,13.965,7.841,1.7811,PASSED
Plankonvex-Singlets (LA),LA4782-UV,500.430,500.4298,500.1599,-269.895,17.224,13.965,7.261,1.9232,PASSED
Plankonvex-Singlets (LA),LA4782,500.430,500.4298,500.1599,-269.895,17.224,13.965,7.261,1.9232,PASSED
Plankonvex-Singlets (LA),LA4795-A,198.384,198.3837,197.1982,-1185.495,346.909,301.587,2.031,148.5206,ATTENTION
Plankonvex-Singlets (LA),LA4795-AB,198.374,198.3737,197.1724,-1201.326,348.120,301.660,2.030,148.5745,ATTENTION
Plankonvex-Singlets (LA),LA4795-B,198.384,198.3837,197.1982,-1185.495,346.909,301.587,2.031,148.5206,ATTENTION
Plankonvex-Singlets (LA),LA4795-C,198.384,198.3837,197.1982,-1185.495,346.909,301.587,2.031,148.5206,ATTENTION
Plankonvex-Singlets (LA),LA4795-UV,198.086,198.0859,196.5220,-1563.931,377.461,301.595,1.881,160.3759,ATTENTION
Plankonvex-Singlets (LA),LA4795,198.086,198.0859,196.5220,-1563.931,377.461,301.595,1.881,160.3759,ATTENTION
Plankonvex-Singlets (LA),LA4855-A,300.565,300.5649,300.6714,106.502,39.718,39.157,4.676,8.3744,ATTENTION
Plankonvex-Singlets (LA),LA4855-AB,300.555,300.5549,300.6682,113.349,39.792,39.157,4.676,8.3745,ATTENTION
Plankonvex-Singlets (LA),LA4855-B,300.565,300.5649,300.6714,106.502,39.718,39.157,4.676,8.3744,ATTENTION
Plankonvex-Singlets (LA),LA4855-C,300.565,300.5649,300.6714,106.502,39.718,39.157,4.676,8.3744,ATTENTION
Plankonvex-Singlets (LA),LA4855-UV,300.075,300.0747,299.6205,-454.218,48.414,39.155,4.330,9.0426,ATTENTION
Plankonvex-Singlets (LA),LA4855,300.075,300.0747,299.6205,-454.218,48.414,39.155,4.330,9.0426,ATTENTION
Plankonvex-Singlets (LA),LA4874-1064,150.194,150.1937,149.9667,-227.007,24.196,19.569,4.330,4.5193,PASSED
Plankonvex-Singlets (LA),LA4874-1550,150.194,150.1937,149.9667,-227.007,24.196,19.569,4.330,4.5193,PASSED
Plankonvex-Singlets (LA),LA4874-405,150.194,150.1937,149.9667,-227.007,24.196,19.569,4.330,4.5193,PASSED
Plankonvex-Singlets (LA),LA4874-532,150.194,150.1937,149.9667,-227.007,24.196,19.569,4.330,4.5193,PASSED
Plankonvex-Singlets (LA),LA4874-633,150.194,150.1937,149.9667,-227.007,24.196,19.569,4.330,4.5193,PASSED
Plankonvex-Singlets (LA),LA4874-A,150.194,150.1937,149.9667,-227.007,24.196,19.569,4.330,4.5193,PASSED
Plankonvex-Singlets (LA),LA4874-AB,150.434,150.4336,150.4902,56.567,19.886,19.570,4.676,4.1854,PASSED
Plankonvex-Singlets (LA),LA4874-B,150.194,150.1937,149.9667,-227.007,24.196,19.569,4.330,4.5193,PASSED
Plankonvex-Singlets (LA),LA4874-C,150.194,150.1937,149.9667,-227.007,24.196,19.569,4.330,4.5193,PASSED
Plankonvex-Singlets (LA),LA4874-UV,150.194,150.1937,149.9667,-227.007,24.196,19.569,4.330,4.5193,PASSED
Plankonvex-Singlets (LA),LA4874-YAG,150.194,150.1937,149.9667,-227.007,24.196,19.569,4.330,4.5193,PASSED
Plankonvex-Singlets (LA),LA4874,150.194,150.1937,149.9667,-227.007,24.196,19.569,4.330,4.5193,PASSED
Plankonvex-Singlets (LA),LA4904-A,149.431,149.4311,148.7613,-669.736,185.472,164.044,2.269,72.2853,ATTENTION
Plankonvex-Singlets (LA),LA4904-AB,149.431,149.4311,148.7613,-669.736,185.472,164.044,2.269,72.2853,ATTENTION
Plankonvex-Singlets (LA),LA4904-B,149.431,149.4311,148.7613,-669.736,185.472,164.044,2.269,72.2853,ATTENTION
Plankonvex-Singlets (LA),LA4904-C,149.431,149.4311,148.7613,-669.736,185.472,164.044,2.269,72.2853,ATTENTION
Plankonvex-Singlets (LA),LA4904-UV,149.197,149.1970,148.2528,-944.213,204.701,164.043,2.102,78.0534,ATTENTION
Plankonvex-Singlets (LA),LA4904,149.197,149.1970,148.2528,-944.213,204.701,164.043,2.102,78.0534,ATTENTION
Plankonvex-Singlets (LA),LA4917-A,15.261,15.2609,15.1475,-113.375,32.607,27.426,1.890,14.5130,ATTENTION
Plankonvex-Singlets (LA),LA4917-AB,15.251,15.2509,15.1443,-106.576,32.050,27.429,1.890,14.5144,ATTENTION
Plankonvex-Singlets (LA),LA4917-B,15.261,15.2609,15.1475,-113.375,32.607,27.426,1.890,14.5130,ATTENTION
Plankonvex-Singlets (LA),LA4917-C,15.261,15.2609,15.1475,-113.375,32.607,27.426,1.890,14.5130,ATTENTION
Plankonvex-Singlets (LA),LA4917-UV,15.228,15.2282,15.0952,-133.009,34.400,27.425,1.750,15.6707,ATTENTION
Plankonvex-Singlets (LA),LA4917,15.228,15.2282,15.0952,-133.009,34.400,27.425,1.750,15.6707,ATTENTION
Plankonvex-Singlets (LA),LA4924-1064,175.251,175.2514,175.0575,-193.898,17.694,14.323,5.064,2.8281,PASSED
Plankonvex-Singlets (LA),LA4924-1550,175.251,175.2514,175.0575,-193.898,17.694,14.323,5.064,2.8281,PASSED
Plankonvex-Singlets (LA),LA4924-405,175.251,175.2514,175.0575,-193.898,17.694,14.323,5.064,2.8281,PASSED
Plankonvex-Singlets (LA),LA4924-532,175.251,175.2514,175.0575,-193.898,17.694,14.323,5.064,2.8281,PASSED
Plankonvex-Singlets (LA),LA4924-633,175.251,175.2514,175.0575,-193.898,17.694,14.323,5.064,2.8281,PASSED
Plankonvex-Singlets (LA),LA4924-A,175.251,175.2514,175.0575,-193.898,17.694,14.323,5.064,2.8281,PASSED
Plankonvex-Singlets (LA),LA4924-AB,175.532,175.5319,175.6699,138.005,16.108,14.324,5.469,2.6191,PASSED
Plankonvex-Singlets (LA),LA4924-B,175.251,175.2514,175.0575,-193.898,17.694,14.323,5.064,2.8281,PASSED
Plankonvex-Singlets (LA),LA4924-C,175.251,175.2514,175.0575,-193.898,17.694,14.323,5.064,2.8281,PASSED
Plankonvex-Singlets (LA),LA4924-UV,175.251,175.2514,175.0575,-193.898,17.694,14.323,5.064,2.8281,PASSED
Plankonvex-Singlets (LA),LA4924-YAG,175.251,175.2514,175.0575,-193.898,17.694,14.323,5.064,2.8281,PASSED
Plankonvex-Singlets (LA),LA4924,175.251,175.2514,175.0575,-193.898,17.694,14.323,5.064,2.8281,PASSED
Plankonvex-Singlets (LA),LA4936-1064,30.014,30.0145,29.7118,-302.652,83.188,66.162,1.642,40.2972,ATTENTION
Plankonvex-Singlets (LA),LA4936-1550,30.014,30.0145,29.7118,-302.652,83.188,66.162,1.642,40.2972,ATTENTION
Plankonvex-Singlets (LA),LA4936-405,30.014,30.0145,29.7118,-302.652,83.188,66.162,1.642,40.2972,ATTENTION
Plankonvex-Singlets (LA),LA4936-532,30.014,30.0145,29.7118,-302.652,83.188,66.162,1.642,40.2972,ATTENTION
Plankonvex-Singlets (LA),LA4936-633,30.014,30.0145,29.7118,-302.652,83.188,66.162,1.642,40.2972,ATTENTION
Plankonvex-Singlets (LA),LA4936-A,30.070,30.0700,29.8135,-256.457,78.676,66.161,1.773,37.3191,ATTENTION
Plankonvex-Singlets (LA),LA4936-AB,30.060,30.0600,29.8103,-249.665,78.075,66.164,1.773,37.3210,ATTENTION
Plankonvex-Singlets (LA),LA4936-B,30.070,30.0700,29.8135,-256.457,78.676,66.161,1.773,37.3191,ATTENTION
Plankonvex-Singlets (LA),LA4936-C,30.070,30.0700,29.8135,-256.457,78.676,66.161,1.773,37.3191,ATTENTION
Plankonvex-Singlets (LA),LA4936-UV,30.014,30.0145,29.7118,-302.652,83.188,66.162,1.642,40.2972,ATTENTION
Plankonvex-Singlets (LA),LA4936-YAG,30.014,30.0145,29.7118,-302.652,83.188,66.162,1.642,40.2972,ATTENTION
Plankonvex-Singlets (LA),LA4936,30.014,30.0145,29.7118,-302.652,83.188,66.162,1.642,40.2972,ATTENTION
Plankonvex-Singlets (LA),LA4966-A,30.403,30.4027,30.3885,-14.177,6.543,6.458,3.943,1.6378,PASSED
Plankonvex-Singlets (LA),LA4966-AB,30.393,30.3927,30.3854,-7.334,6.481,6.458,3.943,1.6379,PASSED
Plankonvex-Singlets (LA),LA4966-B,30.403,30.4027,30.3885,-14.177,6.543,6.458,3.943,1.6378,PASSED
Plankonvex-Singlets (LA),LA4966-C,30.403,30.4027,30.3885,-14.177,6.543,6.458,3.943,1.6378,PASSED
Plankonvex-Singlets (LA),LA4966-UV,30.345,30.3453,30.2819,-63.366,7.994,6.458,3.652,1.7684,PASSED
Plankonvex-Singlets (LA),LA4966,30.345,30.3453,30.2819,-63.366,7.994,6.458,3.652,1.7684,PASSED
Plankonvex-Singlets (LA),LA4984-A,199.960,199.9604,199.6567,-303.735,94.286,89.764,3.080,29.1466,ATTENTION
Plankonvex-Singlets (LA),LA4984-AB,199.950,199.9504,199.6314,-319.065,94.763,89.785,3.079,29.1566,ATTENTION
Plankonvex-Singlets (LA),LA4984-B,199.960,199.9604,199.6567,-303.735,94.286,89.764,3.080,29.1466,ATTENTION
Plankonvex-Singlets (LA),LA4984-C,199.960,199.9604,199.6567,-303.735,94.286,89.764,3.080,29.1466,ATTENTION
Plankonvex-Singlets (LA),LA4984-UV,199.656,199.6557,198.9635,-692.229,111.405,89.761,2.852,31.4723,ATTENTION
Plankonvex-Singlets (LA),LA4984,199.656,199.6557,198.9635,-692.229,111.405,89.761,2.852,31.4723,ATTENTION
Plankonvex-Singlets (LA),LA5010,100.398,100.3983,100.3025,-95.776,7.626,6.168,6.233,0.9895,PASSED
Plankonvex-Singlets (LA),LA5012-D,150.085,150.0851,149.8282,-256.907,27.360,22.104,4.653,4.7504,PASSED
Plankonvex-Singlets (LA),LA5012-E1,150.085,150.0851,149.8282,-256.907,27.360,22.104,4.653,4.7504,PASSED
Plankonvex-Singlets (LA),LA5012,150.085,150.0851,149.8282,-256.907,27.360,22.104,4.653,4.7504,PASSED
Plankonvex-Singlets (LA),LA5025,24.798,24.7980,24.3666,-431.383,145.918,114.369,1.407,81.2711,ATTENTION
Plankonvex-Singlets (LA),LA5030,29.944,29.9443,29.6001,-344.242,94.998,75.370,1.750,43.0566,ATTENTION
Plankonvex-Singlets (LA),LA5040,40.098,40.0982,39.8498,-248.396,50.458,40.444,2.411,16.7737,ATTENTION
Plankonvex-Singlets (LA),LA5042-D,74.540,74.5404,74.0052,-535.166,116.306,93.064,2.248,41.3944,ATTENTION
Plankonvex-Singlets (LA),LA5042-E1,74.540,74.5404,74.0052,-535.166,116.306,93.064,2.248,41.3944,ATTENTION
Plankonvex-Singlets (LA),LA5042,74.540,74.5404,74.0052,-535.166,116.306,93.064,2.248,41.3944,ATTENTION
Plankonvex-Singlets (LA),LA5183-D,50.052,50.0521,49.8565,-195.613,31.516,25.367,3.059,8.2937,ATTENTION
Plankonvex-Singlets (LA),LA5183-E1,50.052,50.0521,49.8565,-195.613,31.516,25.367,3.059,8.2937,ATTENTION
Plankonvex-Singlets (LA),LA5183,50.052,50.0521,49.8565,-195.613,31.516,25.367,3.059,8.2937,ATTENTION
Plankonvex-Singlets (LA),LA5200,1000.666,1000.6660,1000.5121,-153.944,4.859,3.923,15.666,0.2504,PASSED
Plankonvex-Singlets (LA),LA5210,97.604,97.6042,95.8645,-1739.797,588.632,461.293,1.407,327.9472,ATTENTION
Plankonvex-Singlets (LA),LA5215,148.775,148.7755,147.7042,-1071.263,232.813,186.288,2.248,82.8595,ATTENTION
Plankonvex-Singlets (LA),LA5220,199.319,199.3192,198.5354,-783.811,126.265,101.630,3.059,33.2238,ATTENTION
Plankonvex-Singlets (LA),LA5230,299.844,299.8438,299.3297,-514.059,54.750,44.233,4.653,9.5067,ATTENTION
Plankonvex-Singlets (LA),LA5250,500.314,500.3138,500.0074,-306.390,19.477,15.756,7.810,2.0174,PASSED
Plankonvex-Singlets (LA),LA5255-D,250.307,250.3068,250.1536,-153.159,9.736,7.876,7.810,1.0085,PASSED
Plankonvex-Singlets (LA),LA5255-E1,250.307,250.3068,250.1536,-153.159,9.736,7.876,7.810,1.0085,PASSED
Plankonvex-Singlets (LA),LA5255,250.307,250.3068,250.1536,-153.159,9.736,7.876,7.810,1.0085,PASSED
Plankonvex-Singlets (LA),LA5315-D,19.420,19.4203,18.8238,-596.474,263.681,200.543,1.126,178.1753,ATTENTION
Plankonvex-Singlets (LA),LA5315-E1,19.420,19.4203,18.8238,-596.474,263.681,200.543,1.126,178.1753,ATTENTION
Plankonvex-Singlets (LA),LA5315,19.420,19.4203,18.8238,-596.474,263.681,200.543,1.126,178.1753,ATTENTION
Plankonvex-Singlets (LA),LA5370-D,38.474,38.4741,37.2801,-1194.042,528.745,402.222,1.044,385.3192,ATTENTION
Plankonvex-Singlets (LA),LA5370-E1,38.474,38.4741,37.2801,-1194.042,528.745,402.222,1.044,385.3192,ATTENTION
Plankonvex-Singlets (LA),LA5370,38.474,38.4741,37.2801,-1194.042,528.745,402.222,1.044,385.3192,ATTENTION
Plankonvex-Singlets (LA),LA5458-D,80.211,80.2109,80.0907,-120.162,11.987,9.687,4.970,1.9491,PASSED
Plankonvex-Singlets (LA),LA5458-E1,80.211,80.2109,80.0907,-120.162,11.987,9.687,4.970,1.9491,PASSED
Plankonvex-Singlets (LA),LA5458,80.211,80.2109,80.0907,-120.162,11.987,9.687,4.970,1.9491,PASSED
Plankonvex-Singlets (LA),LA5464-D,500.484,500.4837,500.4068,-76.963,2.429,1.961,15.666,0.1252,PASSED
Plankonvex-Singlets (LA),LA5464-E1,500.484,500.4837,500.4068,-76.963,2.429,1.961,15.666,0.1252,PASSED
Plankonvex-Singlets (LA),LA5464,500.484,500.4837,500.4068,-76.963,2.429,1.961,15.666,0.1252,PASSED
Plankonvex-Singlets (LA),LA5714-D,200.211,200.2108,200.0190,-191.757,15.267,12.347,6.234,1.9807,PASSED
Plankonvex-Singlets (LA),LA5714-E1,200.211,200.2108,200.0190,-191.757,15.267,12.347,6.234,1.9807,PASSED
Plankonvex-Singlets (LA),LA5714,200.211,200.2108,200.0190,-191.757,15.267,12.347,6.234,1.9807,PASSED
Plankonvex-Singlets (LA),LA5763-D,48.951,48.9508,48.0821,-868.672,293.943,230.358,1.406,163.7874,ATTENTION
Plankonvex-Singlets (LA),LA5763-E1,48.951,48.9508,48.0821,-868.672,293.943,230.358,1.406,163.7874,ATTENTION
Plankonvex-Singlets (LA),LA5763,48.951,48.9508,48.0821,-868.672,293.943,230.358,1.406,163.7874,ATTENTION
Plankonvex-Singlets (LA),LA5817-D,99.800,99.8000,99.4083,-391.711,63.109,50.796,3.059,16.6077,ATTENTION
Plankonvex-Singlets (LA),LA5817-E1,99.800,99.8000,99.4083,-391.711,63.109,50.796,3.059,16.6077,ATTENTION
Plankonvex-Singlets (LA),LA5817,99.800,99.8000,99.4083,-391.711,63.109,50.796,3.059,16.6077,ATTENTION
Plankonvex-Singlets (LA),LA5835-D,1000.598,1000.5976,1000.5579,-39.710,0.614,0.490,31.354,0.0156,PASSED
Plankonvex-Singlets (LA),LA5835-E1,1000.598,1000.5976,1000.5579,-39.710,0.614,0.490,31.354,0.0156,PASSED
Plankonvex-Singlets (LA),LA5835,1000.598,1000.5976,1000.5579,-39.710,0.614,0.490,31.354,0.0156,PASSED
Plankonvex-Singlets (LA),LA5956-D,750.553,750.5526,750.5006,-51.979,1.084,0.871,23.511,0.0370,PASSED
Plankonvex-Singlets (LA),LA5956-E1,750.553,750.5526,750.5006,-51.979,1.084,0.871,23.511,0.0370,PASSED
Plankonvex-Singlets (LA),LA5956,750.553,750.5526,750.5006,-51.979,1.084,0.871,23.511,0.0370,PASSED
Plankonvex-Singlets (LA),LA6002,47.880,47.8800,46.6552,-1224.782,425.043,328.956,1.443,227.9200,ATTENTION
Plankonvex-Singlets (LA),LA6004,73.834,73.8344,73.1045,-729.933,160.826,128.508,2.377,54.0617,ATTENTION
Plankonvex-Singlets (LA),LA6005,99.316,99.3162,98.7961,-520.114,85.371,69.099,3.030,22.8070,ATTENTION
Plankonvex-Singlets (LA),LA6006,149.657,149.6572,149.3206,-336.648,36.748,30.015,4.991,6.0144,ATTENTION
Plankonvex-Singlets (LA),LA6007,199.969,199.9694,199.7257,-243.721,20.259,16.724,6.698,2.4967,PASSED
Plankonvex-Singlets (LA),LA6008,250.046,250.0463,249.8590,-187.301,12.756,10.659,8.399,1.2692,PASSED
Plankonvex-Singlets (LA),LA6009,500.368,500.3683,500.3042,-64.042,2.906,2.650,16.865,0.1571,PASSED
Plankonvex-Singlets (LA),LA6010,1000.517,1000.5169,1000.5432,26.368,0.706,0.662,33.764,0.0196,PASSED
Plankonvex-Singlets (LA),LA7028-E2,151.072,151.0722,154.9187,3846.472,234.748,6.172,86.465,0.0714,PASSED
Plankonvex-Singlets (LA),LA7028-E3,151.072,151.0722,154.9187,3846.472,234.748,6.172,86.465,0.0714,PASSED
Plankonvex-Singlets (LA),LA7028-E4,151.072,151.0722,154.9187,3846.472,234.748,6.172,86.465,0.0714,PASSED
Plankonvex-Singlets (LA),LA7228-E2,202.114,202.1141,207.3252,5211.109,236.598,3.427,116.078,0.0295,PASSED
Plankonvex-Singlets (LA),LA7228-E3,202.114,202.1141,207.3252,5211.109,236.598,3.427,116.078,0.0295,PASSED
Plankonvex-Singlets (LA),LA7228-E4,202.114,202.1141,207.3252,5211.109,236.598,3.427,116.078,0.0295,PASSED
Plankonvex-Singlets (LA),LA7234-E2,751.159,751.1593,770.9594,19800.164,239.312,0.244,435.483,0.0006,PASSED
Plankonvex-Singlets (LA),LA7234-E3,751.159,751.1593,770.9594,19800.164,239.312,0.244,435.483,0.0006,PASSED
Plankonvex-Singlets (LA),LA7234-E4,751.159,751.1593,770.9594,19800.164,239.312,0.244,435.483,0.0006,PASSED
Plankonvex-Singlets (LA),LA7261-E2,102.108,102.1077,104.6303,2522.618,230.165,13.685,58.081,0.2356,PASSED
Plankonvex-Singlets (LA),LA7261-E3,102.108,102.1077,104.6303,2522.618,230.165,13.685,58.081,0.2356,PASSED
Plankonvex-Singlets (LA),LA7261-E4,102.108,102.1077,104.6303,2522.618,230.165,13.685,58.081,0.2356,PASSED
Plankonvex-Singlets (LA),LA7270-E2,501.155,501.1552,514.3395,13184.328,239.061,0.550,290.313,0.0019,PASSED
Plankonvex-Singlets (LA),LA7270-E3,501.155,501.1552,514.3395,13184.328,239.061,0.550,290.313,0.0019,PASSED
Plankonvex-Singlets (LA),LA7270-E4,501.155,501.1552,514.3395,13184.328,239.061,0.550,290.313,0.0019,PASSED
Plankonvex-Singlets (LA),LA7477-E2,16.079,16.0790,16.2797,200.717,105.020,81.973,17.144,4.7814,PASSED
Plankonvex-Singlets (LA),LA7477-E3,16.079,16.0790,16.2797,200.717,105.020,81.973,17.144,4.7814,PASSED
Plankonvex-Singlets (LA),LA7477-E4,16.079,16.0790,16.2797,200.717,105.020,81.973,17.144,4.7814,PASSED
Plankonvex-Singlets (LA),LA7542-E2,26.302,26.3017,26.4997,198.011,258.793,246.344,14.421,17.0818,ATTENTION
Plankonvex-Singlets (LA),LA7542-E3,26.302,26.3017,26.4997,198.011,258.793,246.344,14.421,17.0818,ATTENTION
Plankonvex-Singlets (LA),LA7542-E4,26.302,26.3017,26.4997,198.011,258.793,246.344,14.421,17.0818,ATTENTION
Plankonvex-Singlets (LA),LA7656-E2,51.591,51.5909,52.6846,1093.770,211.053,56.098,28.897,1.9413,PASSED
Plankonvex-Singlets (LA),LA7656-E3,51.591,51.5909,52.6846,1093.770,211.053,56.098,28.897,1.9413,PASSED
Plankonvex-Singlets (LA),LA7656-E4,51.591,51.5909,52.6846,1093.770,211.053,56.098,28.897,1.9413,PASSED
Plankonvex-Singlets (LA),LA7660-E2,76.809,76.8091,78.6323,1823.276,224.284,24.528,43.441,0.5646,PASSED
Plankonvex-Singlets (LA),LA7660-E3,76.809,76.8091,78.6323,1823.276,224.284,24.528,43.441,0.5646,PASSED
Plankonvex-Singlets (LA),LA7660-E4,76.809,76.8091,78.6323,1823.276,224.284,24.528,43.441,0.5646,PASSED
Plankonvex-Singlets (LA),LA7673-E2,41.132,41.1322,42.1121,979.891,112.677,10.727,46.351,0.2314,PASSED
Plankonvex-Singlets (LA),LA7673-E3,41.132,41.1322,42.1121,979.891,112.677,10.727,46.351,0.2314,PASSED
Plankonvex-Singlets (LA),LA7673-E4,41.132,41.1322,42.1121,979.891,112.677,10.727,46.351,0.2314,PASSED
Plankonvex-Singlets (LA),LA7733-E2,21.101,21.1008,21.4840,383.165,100.840,44.248,23.021,1.9221,PASSED
Plankonvex-Singlets (LA),LA7733-E3,21.101,21.1008,21.4840,383.165,100.840,44.248,23.021,1.9221,PASSED
Plankonvex-Singlets (LA),LA7733-E4,21.101,21.1008,21.4840,383.165,100.840,44.248,23.021,1.9221,PASSED
Plankonvex-Singlets (LA),LA7753-E2,1001.161,1001.1613,1027.5739,26412.540,239.412,0.138,580.651,0.0002,PASSED
Plankonvex-Singlets (LA),LA7753-E3,1001.161,1001.1613,1027.5739,26412.540,239.412,0.138,580.651,0.0002,PASSED
Plankonvex-Singlets (LA),LA7753-E4,1001.161,1001.1613,1027.5739,26412.540,239.412,0.138,580.651,0.0002,PASSED
Plankonvex-Singlets (LA),LA8019-E,202.631,202.6308,202.8210,190.218,9.574,3.652,42.744,0.0854,PASSED
Plankonvex-Singlets (LA),LA8020-E,102.430,102.4303,102.4401,9.811,14.657,14.628,21.367,0.6846,PASSED
Plankonvex-Singlets (LA),LA8023-E,501.382,501.3823,501.9785,596.155,11.097,0.586,106.867,0.0055,PASSED
Plankonvex-Singlets (LA),LA8126-E,21.209,21.2088,21.0887,-120.064,55.244,47.034,8.532,5.5126,ATTENTION
Plankonvex-Singlets (LA),LA8281-E,26.097,26.0968,25.6347,-462.104,317.769,256.763,5.401,47.5359,ATTENTION
Plankonvex-Singlets (LA),LA8308-E,16.135,16.1346,15.9547,-179.885,105.291,86.669,6.389,13.5656,ATTENTION
Plankonvex-Singlets (LA),LA8336-E,152.566,152.5660,152.6755,109.479,9.401,6.491,32.056,0.2025,PASSED
Plankonvex-Singlets (LA),LA8599-E,751.394,751.3936,752.3070,913.386,11.320,0.260,160.302,0.0016,PASSED
Plankonvex-Singlets (LA),LA8810-E,1001.399,1001.3992,1002.6260,1226.839,11.401,0.146,213.737,0.0007,PASSED
Plankonvex-Singlets (LA),LA8862-E,52.033,52.0328,51.8647,-168.153,67.609,59.553,10.674,5.5791,ATTENTION
Plankonvex-Singlets (LA),LA8943-E,41.313,41.3127,41.2910,-21.679,11.719,11.441,17.090,0.6694,PASSED
Plankonvex-Singlets (LA),LA8949-E,77.298,77.2976,77.2383,-59.213,27.134,26.102,16.021,1.6292,PASSED
Plankonvex-Singlets (LA),LA9015-E3,21.240,21.2399,21.0913,-148.600,59.953,48.028,22.602,2.1250,PASSED
Plankonvex-Singlets (LA),LA9280-E3,41.371,41.3712,41.2972,-74.068,14.557,11.677,45.242,0.2581,PASSED
Plankonvex-Singlets (LA),LA9410-E3,16.146,16.1464,15.9432,-203.201,111.300,88.474,16.936,5.2239,ATTENTION
Plankonvex-Singlets (LA),LA9509-E3,26.012,26.0118,25.5083,-503.546,331.191,261.040,14.328,18.2190,ATTENTION
Plankonvex-Singlets (LA),LA9659-E3,52.222,52.2217,51.9938,-227.954,74.553,60.629,26.690,2.2716,PASSED
Plankonvex-Singlets (LA),LA9701-E3,152.846,152.8462,152.7878,-58.435,7.540,6.608,80.119,0.0825,PASSED
Plankonvex-Singlets (LA),LA9702-E3,751.474,751.4742,751.4267,-47.493,0.646,0.265,424.260,0.0006,PASSED
Plankonvex-Singlets (LA),LA9792-E3,202.955,202.9547,202.9217,-33.000,4.022,3.717,106.830,0.0348,PASSED
Plankonvex-Singlets (LA),LA9942-E3,1001.482,1001.4817,1001.4274,-54.313,0.527,0.149,565.680,0.0003,PASSED
Plankonvex-Singlets (LA),LA9953-E3,501.460,501.4597,501.4151,-44.534,1.022,0.597,282.839,0.0021,PASSED
Plankonvex-Singlets (LA),LA9977-E3,77.529,77.5293,77.3716,-157.713,33.110,26.577,42.454,0.6260,PASSED
Bikonvex-Singlets (LB),LB1014-A,25.847,25.8475,25.4215,-425.957,139.581,110.624,1.601,69.1117,ATTENTION
Bikonvex-Singlets (LB),LB1014-AB,25.719,25.7193,25.3420,-377.306,134.364,111.038,1.481,74.9535,ATTENTION
Bikonvex-Singlets (LB),LB1014-B,25.847,25.8475,25.4215,-425.957,139.581,110.624,1.601,69.1117,ATTENTION
Bikonvex-Singlets (LB),LB1014-C,25.847,25.8475,25.4215,-425.957,139.581,110.624,1.601,69.1117,ATTENTION
Bikonvex-Singlets (LB),LB1014,25.847,25.8475,25.4215,-425.957,139.581,110.624,1.601,69.1117,ATTENTION
Bikonvex-Singlets (LB),LB1027-A,40.365,40.3646,39.2156,-1149.078,481.119,375.359,1.237,303.3335,ATTENTION
Bikonvex-Singlets (LB),LB1027-AB,40.159,40.1587,39.0874,-1071.327,470.476,376.871,1.145,329.0895,ATTENTION
Bikonvex-Singlets (LB),LB1027-B,40.365,40.3646,39.2156,-1149.078,481.119,375.359,1.237,303.3335,ATTENTION
Bikonvex-Singlets (LB),LB1027-C,40.365,40.3646,39.2156,-1149.078,481.119,375.359,1.237,303.3335,ATTENTION
Bikonvex-Singlets (LB),LB1027,40.365,40.3646,39.2156,-1149.078,481.119,375.359,1.237,303.3335,ATTENTION
Bikonvex-Singlets (LB),LB1056-A,251.190,251.1904,251.0182,-172.161,10.424,8.209,8.425,0.9743,PASSED
Bikonvex-Singlets (LB),LB1056-AB,249.879,249.8789,250.2060,327.134,14.759,8.238,7.798,1.0564,PASSED
Bikonvex-Singlets (LB),LB1056-B,251.190,251.1904,251.0182,-172.161,10.424,8.209,8.425,0.9743,PASSED
Bikonvex-Singlets (LB),LB1056-C,251.190,251.1904,251.0182,-172.161,10.424,8.209,8.425,0.9743,PASSED
Bikonvex-Singlets (LB),LB1056,251.190,251.1904,251.0182,-172.161,10.424,8.209,8.425,0.9743,PASSED
Bikonvex-Singlets (LB),LB1092-A,15.559,15.5589,14.6917,-867.204,512.621,380.282,0.853,445.6685,ATTENTION
Bikonvex-Singlets (LB),LB1092-AB,15.471,15.4709,14.6305,-840.389,508.593,382.755,0.789,485.2254,ATTENTION
Bikonvex-Singlets (LB),LB1092-B,15.559,15.5589,14.6917,-867.204,512.621,380.282,0.853,445.6685,ATTENTION
Bikonvex-Singlets (LB),LB1092-C,15.559,15.5589,14.6917,-867.204,512.621,380.282,0.853,445.6685,ATTENTION
Bikonvex-Singlets (LB),LB1092,15.559,15.5589,14.6917,-867.204,512.621,380.282,0.853,445.6685,ATTENTION
Bikonvex-Singlets (LB),LB1106-A,125.826,125.8263,124.4786,-1347.773,348.541,278.412,2.041,136.3947,ATTENTION
Bikonvex-Singlets (LB),LB1106-AB,125.176,125.1759,124.0754,-1100.504,328.029,279.445,1.889,147.9181,ATTENTION
Bikonvex-Singlets (LB),LB1106-B,125.826,125.8263,124.4786,-1347.773,348.541,278.412,2.041,136.3947,ATTENTION
Bikonvex-Singlets (LB),LB1106-C,125.826,125.8263,124.4786,-1347.773,348.541,278.412,2.041,136.3947,ATTENTION
Bikonvex-Singlets (LB),LB1106,125.826,125.8263,124.4786,-1347.773,348.541,278.412,2.041,136.3947,ATTENTION
Bikonvex-Singlets (LB),LB1157-A,10.823,10.8234,10.5863,-237.128,93.107,73.057,1.326,55.0941,ATTENTION
Bikonvex-Singlets (LB),LB1157-AB,10.773,10.7734,10.5552,-218.171,90.649,73.328,1.227,59.7489,ATTENTION
Bikonvex-Singlets (LB),LB1157-B,10.823,10.8234,10.5863,-237.128,93.107,73.057,1.326,55.0941,ATTENTION
Bikonvex-Singlets (LB),LB1157-C,10.823,10.8234,10.5863,-237.128,93.107,73.057,1.326,55.0941,ATTENTION
Bikonvex-Singlets (LB),LB1157,10.823,10.8234,10.5863,-237.128,93.107,73.057,1.326,55.0941,ATTENTION
Bikonvex-Singlets (LB),LB1187-A,101.110,101.1097,101.0052,-104.428,8.046,6.398,6.733,0.9503,PASSED
Bikonvex-Singlets (LB),LB1187-AB,100.586,100.5864,100.6812,94.780,7.807,6.421,6.231,1.0304,PASSED
Bikonvex-Singlets (LB),LB1187-B,101.110,101.1097,101.0052,-104.428,8.046,6.398,6.733,0.9503,PASSED
Bikonvex-Singlets (LB),LB1187-C,101.110,101.1097,101.0052,-104.428,8.046,6.398,6.733,0.9503,PASSED
Bikonvex-Singlets (LB),LB1187,101.110,101.1097,101.0052,-104.428,8.046,6.398,6.733,0.9503,PASSED
Bikonvex-Singlets (LB),LB1199-A,201.283,201.2830,200.4629,-820.079,130.222,104.592,3.334,31.3679,ATTENTION
Bikonvex-Singlets (LB),LB1199-AB,200.237,200.2372,199.8152,-422.051,112.351,104.968,3.086,34.0135,ATTENTION
Bikonvex-Singlets (LB),LB1199-B,201.283,201.2830,200.4629,-820.079,130.222,104.592,3.334,31.3679,ATTENTION
Bikonvex-Singlets (LB),LB1199-C,201.283,201.2830,200.4629,-820.079,130.222,104.592,3.334,31.3679,ATTENTION
Bikonvex-Singlets (LB),LB1199,201.283,201.2830,200.4629,-820.079,130.222,104.592,3.334,31.3679,ATTENTION
Bikonvex-Singlets (LB),LB1212-A,20.991,20.9912,20.7322,-259.036,74.571,59.397,1.830,32.4636,ATTENTION
Bikonvex-Singlets (LB),LB1212-AB,20.889,20.8890,20.6688,-220.186,70.940,59.612,1.693,35.2027,ATTENTION
Bikonvex-Singlets (LB),LB1212-B,20.991,20.9912,20.7322,-259.036,74.571,59.397,1.830,32.4636,ATTENTION
Bikonvex-Singlets (LB),LB1212-C,20.991,20.9912,20.7322,-259.036,74.571,59.397,1.830,32.4636,ATTENTION
Bikonvex-Singlets (LB),LB1212,20.991,20.9912,20.7322,-259.036,74.571,59.397,1.830,32.4636,ATTENTION
Bikonvex-Singlets (LB),LB1247-A,751.799,751.7995,751.5485,-251.015,9.596,7.294,12.652,0.5765,PASSED
Bikonvex-Singlets (LB),LB1247-AB,747.861,747.8606,749.1093,1248.635,31.966,7.320,11.710,0.6251,PASSED
Bikonvex-Singlets (LB),LB1247-B,751.799,751.7995,751.5485,-251.015,9.596,7.294,12.652,0.5765,PASSED
Bikonvex-Singlets (LB),LB1247-C,751.799,751.7995,751.5485,-251.015,9.596,7.294,12.652,0.5765,PASSED
Bikonvex-Singlets (LB),LB1247,751.799,751.7995,751.5485,-251.015,9.596,7.294,12.652,0.5765,PASSED
Bikonvex-Singlets (LB),LB1258-A,30.910,30.9101,30.5638,-346.352,93.485,74.598,1.954,38.1733,ATTENTION
Bikonvex-Singlets (LB),LB1258-AB,30.755,30.7555,30.4679,-287.566,88.368,74.871,1.809,41.3957,ATTENTION
Bikonvex-Singlets (LB),LB1258-B,30.910,30.9101,30.5638,-346.352,93.485,74.598,1.954,38.1733,ATTENTION
Bikonvex-Singlets (LB),LB1258-C,30.910,30.9101,30.5638,-346.352,93.485,74.598,1.954,38.1733,ATTENTION
Bikonvex-Singlets (LB),LB1258,30.910,30.9101,30.5638,-346.352,93.485,74.598,1.954,38.1733,ATTENTION
Bikonvex-Singlets (LB),LB1294-A,176.129,176.1286,175.8915,-237.075,21.043,16.800,5.885,2.8546,PASSED
Bikonvex-Singlets (LB),LB1294-AB,175.212,175.2116,175.3236,111.979,17.897,16.860,5.447,3.0951,PASSED
Bikonvex-Singlets (LB),LB1294-B,176.129,176.1286,175.8915,-237.075,21.043,16.800,5.885,2.8546,PASSED
Bikonvex-Singlets (LB),LB1294-C,176.129,176.1286,175.8915,-237.075,21.043,16.800,5.885,2.8546,PASSED
Bikonvex-Singlets (LB),LB1294,176.129,176.1286,175.8915,-237.075,21.043,16.800,5.885,2.8546,PASSED
Bikonvex-Singlets (LB),LB1309-A,74.859,74.8592,72.3267,-2532.515,1141.224,883.969,1.144,772.7536,ATTENTION
Bikonvex-Singlets (LB),LB1309-AB,74.472,74.4718,72.0850,-2386.737,1119.881,887.644,1.059,838.5035,ATTENTION
Bikonvex-Singlets (LB),LB1309-B,74.859,74.8592,72.3267,-2532.515,1141.224,883.969,1.144,772.7536,ATTENTION
Bikonvex-Singlets (LB),LB1309-C,74.859,74.8592,72.3267,-2532.515,1141.224,883.969,1.144,772.7536,ATTENTION
Bikonvex-Singlets (LB),LB1309,74.859,74.8592,72.3267,-2532.515,1141.224,883.969,1.144,772.7536,ATTENTION
Bikonvex-Singlets (LB),LB1374-A,151.032,151.0323,149.9267,-1105.649,236.408,189.499,2.475,76.5528,ATTENTION
Bikonvex-Singlets (LB),LB1374-AB,150.250,150.2501,149.4420,-808.050,216.600,190.191,2.291,83.0145,ATTENTION
Bikonvex-Singlets (LB),LB1374-B,151.032,151.0323,149.9267,-1105.649,236.408,189.499,2.475,76.5528,ATTENTION
Bikonvex-Singlets (LB),LB1374-C,151.032,151.0323,149.9267,-1105.649,236.408,189.499,2.475,76.5528,ATTENTION
Bikonvex-Singlets (LB),LB1374,151.032,151.0323,149.9267,-1105.649,236.408,189.499,2.475,76.5528,ATTENTION
Bikonvex-Singlets (LB),LB1378-A,40.983,40.9834,40.7285,-254.829,50.962,40.882,2.648,15.4391,ATTENTION
Bikonvex-Singlets (LB),LB1378-AB,40.776,40.7760,40.6001,-175.910,46.124,41.029,2.451,16.7410,ATTENTION
Bikonvex-Singlets (LB),LB1378-B,40.983,40.9834,40.7285,-254.829,50.962,40.882,2.648,15.4391,ATTENTION
Bikonvex-Singlets (LB),LB1378-C,40.983,40.9834,40.7285,-254.829,50.962,40.882,2.648,15.4391,ATTENTION
Bikonvex-Singlets (LB),LB1378,40.983,40.9834,40.7285,-254.829,50.962,40.882,2.648,15.4391,ATTENTION
Bikonvex-Singlets (LB),LB1391-A,401.234,401.2338,401.1137,-120.091,4.252,3.203,13.497,0.2373,PASSED
Bikonvex-Singlets (LB),LB1391-AB,399.134,399.1335,399.8131,679.538,16.196,3.214,12.492,0.2573,PASSED
Bikonvex-Singlets (LB),LB1391-B,401.234,401.2338,401.1137,-120.091,4.252,3.203,13.497,0.2373,PASSED
Bikonvex-Singlets (LB),LB1391-C,401.234,401.2338,401.1137,-120.091,4.252,3.203,13.497,0.2373,PASSED
Bikonvex-Singlets (LB),LB1391,401.234,401.2338,401.1137,-120.091,4.252,3.203,13.497,0.2373,PASSED
Bikonvex-Singlets (LB),LB1406-A,12.845,12.8449,12.6532,-191.787,61.779,49.008,1.630,30.0684,ATTENTION
Bikonvex-Singlets (LB),LB1406-AB,10.603,10.6034,12.6156,2012.147,399.037,49.185,1.509,32.6049,ATTENTION
Bikonvex-Singlets (LB),LB1406-B,12.845,12.8449,12.6532,-191.787,61.779,49.008,1.630,30.0684,ATTENTION
Bikonvex-Singlets (LB),LB1406-C,12.845,12.8449,12.6532,-191.787,61.779,49.008,1.630,30.0684,ATTENTION
Bikonvex-Singlets (LB),LB1406,12.845,12.8449,12.6532,-191.787,61.779,49.008,1.630,30.0684,ATTENTION
Bikonvex-Singlets (LB),LB1409-A,1001.285,1001.2853,1001.1939,-91.391,0.993,0.512,33.765,0.0152,PASSED
Bikonvex-Singlets (LB),LB1409-AB,996.031,996.0305,997.9398,1909.283,17.832,0.514,31.251,0.0165,PASSED
Bikonvex-Singlets (LB),LB1409-B,1001.285,1001.2853,1001.1939,-91.391,0.993,0.512,33.765,0.0152,PASSED
Bikonvex-Singlets (LB),LB1409-C,1001.285,1001.2853,1001.1939,-91.391,0.993,0.512,33.765,0.0152,PASSED
Bikonvex-Singlets (LB),LB1409,1001.285,1001.2853,1001.1939,-91.391,0.993,0.512,33.765,0.0152,PASSED
Bikonvex-Singlets (LB),LB1437-A,151.094,151.0943,150.8200,-274.297,28.617,22.918,5.037,4.5498,PASSED
Bikonvex-Singlets (LB),LB1437-AB,150.309,150.3088,150.3335,24.674,23.051,22.999,4.662,4.9333,PASSED
Bikonvex-Singlets (LB),LB1437-B,151.094,151.0943,150.8200,-274.297,28.617,22.918,5.037,4.5498,PASSED
Bikonvex-Singlets (LB),LB1437-C,151.094,151.0943,150.8200,-274.297,28.617,22.918,5.037,4.5498,PASSED
Bikonvex-Singlets (LB),LB1437,151.094,151.0943,150.8200,-274.297,28.617,22.918,5.037,4.5498,PASSED
Bikonvex-Singlets (LB),LB1450-A,20.759,20.7590,20.1979,-561.094,234.818,183.259,1.239,147.9456,ATTENTION
Bikonvex-Singlets (LB),LB1450-AB,20.657,20.6573,20.1346,-522.641,229.537,183.979,1.146,160.4884,ATTENTION
Bikonvex-Singlets (LB),LB1450-B,20.759,20.7590,20.1979,-561.094,234.818,183.259,1.239,147.9456,ATTENTION
Bikonvex-Singlets (LB),LB1450-C,20.759,20.7590,20.1979,-561.094,234.818,183.259,1.239,147.9456,ATTENTION
Bikonvex-Singlets (LB),LB1450,20.759,20.7590,20.1979,-561.094,234.818,183.259,1.239,147.9456,ATTENTION
Bikonvex-Singlets (LB),LB1471-A,50.597,50.5974,49.7308,-866.517,283.909,224.988,1.601,140.5713,ATTENTION
Bikonvex-Singlets (LB),LB1471-AB,50.339,50.3388,49.5704,-768.384,273.402,225.845,1.481,152.4661,ATTENTION
Bikonvex-Singlets (LB),LB1471-B,50.597,50.5974,49.7308,-866.517,283.909,224.988,1.601,140.5713,ATTENTION
Bikonvex-Singlets (LB),LB1471-C,50.597,50.5974,49.7308,-866.517,283.909,224.988,1.601,140.5713,ATTENTION
Bikonvex-Singlets (LB),LB1471,50.597,50.5974,49.7308,-866.517,283.909,224.988,1.601,140.5713,ATTENTION
Bikonvex-Singlets (LB),LB1475-A,751.275,751.2748,751.1831,-91.743,1.458,0.911,25.321,0.0360,PASSED
Bikonvex-Singlets (LB),LB1475-AB,747.334,747.3344,748.7429,1408.494,17.559,0.914,23.436,0.0390,PASSED
Bikonvex-Singlets (LB),LB1475-B,751.275,751.2748,751.1831,-91.743,1.458,0.911,25.321,0.0360,PASSED
Bikonvex-Singlets (LB),LB1475-C,751.275,751.2748,751.1831,-91.743,1.458,0.911,25.321,0.0360,PASSED
Bikonvex-Singlets (LB),LB1475,751.275,751.2748,751.1831,-91.743,1.458,0.911,25.321,0.0360,PASSED
Bikonvex-Singlets (LB),LB1494-A,12.848,12.8475,12.3586,-488.877,248.208,189.611,1.008,188.1232,ATTENTION
Bikonvex-Singlets (LB),LB1494-AB,12.218,12.2182,12.3213,103.052,193.377,190.384,0.933,204.1089,ATTENTION
Bikonvex-Singlets (LB),LB1494-B,12.848,12.8475,12.3586,-488.877,248.208,189.611,1.008,188.1232,ATTENTION
Bikonvex-Singlets (LB),LB1494-C,12.848,12.8475,12.3586,-488.877,248.208,189.611,1.008,188.1232,ATTENTION
Bikonvex-Singlets (LB),LB1494,12.848,12.8475,12.3586,-488.877,248.208,189.611,1.008,188.1232,ATTENTION
Bikonvex-Singlets (LB),LB1596-A,60.734,60.7339,60.0316,-702.244,189.536,151.237,1.954,77.3953,ATTENTION
Bikonvex-Singlets (LB),LB1596-AB,60.412,60.4124,59.8284,-584.027,179.306,151.852,1.808,83.9782,ATTENTION
Bikonvex-Singlets (LB),LB1596-B,60.734,60.7339,60.0316,-702.244,189.536,151.237,1.954,77.3953,ATTENTION
Bikonvex-Singlets (LB),LB1596-C,60.734,60.7339,60.0316,-702.244,189.536,151.237,1.954,77.3953,ATTENTION
Bikonvex-Singlets (LB),LB1596,60.734,60.7339,60.0316,-702.244,189.536,151.237,1.954,77.3953,ATTENTION
Bikonvex-Singlets (LB),LB1607-A,176.172,176.1719,175.2314,-940.472,171.425,137.620,2.906,47.3587,ATTENTION
Bikonvex-Singlets (LB),LB1607-AB,175.258,175.2578,174.6652,-592.639,152.488,138.118,2.690,51.3541,ATTENTION
Bikonvex-Singlets (LB),LB1607-B,176.172,176.1719,175.2314,-940.472,171.425,137.620,2.906,47.3587,ATTENTION
Bikonvex-Singlets (LB),LB1607-C,176.172,176.1719,175.2314,-940.472,171.425,137.620,2.906,47.3587,ATTENTION
Bikonvex-Singlets (LB),LB1607,176.172,176.1719,175.2314,-940.472,171.425,137.620,2.906,47.3587,ATTENTION
Bikonvex-Singlets (LB),LB1630-A,100.502,100.5020,98.7598,-1742.230,570.842,452.357,1.600,282.6545,ATTENTION
Bikonvex-Singlets (LB),LB1630-AB,99.983,99.9835,98.4380,-1545.458,549.782,454.089,1.481,306.5798,ATTENTION
Bikonvex-Singlets (LB),LB1630-B,100.502,100.5020,98.7598,-1742.230,570.842,452.357,1.600,282.6545,ATTENTION
Bikonvex-Singlets (LB),LB1630-C,100.502,100.5020,98.7598,-1742.230,570.842,452.357,1.600,282.6545,ATTENTION
Bikonvex-Singlets (LB),LB1630,100.502,100.5020,98.7598,-1742.230,570.842,452.357,1.600,282.6545,ATTENTION
Bikonvex-Singlets (LB),LB1676-A,100.974,100.9741,100.5650,-409.064,64.958,52.173,3.334,15.6475,ATTENTION
Bikonvex-Singlets (LB),LB1676-AB,113.033,113.0330,100.2415,-12791.475,1215.215,52.360,3.086,16.9670,ATTENTION
Bikonvex-Singlets (LB),LB1676-B,100.974,100.9741,100.5650,-409.064,64.958,52.173,3.334,15.6475,ATTENTION
Bikonvex-Singlets (LB),LB1676-C,100.974,100.9741,100.5650,-409.064,64.958,52.173,3.334,15.6475,ATTENTION
Bikonvex-Singlets (LB),LB1676,100.974,100.9741,100.5650,-409.064,64.958,52.173,3.334,15.6475,ATTENTION
Bikonvex-Singlets (LB),LB1723-A,58.980,58.9796,57.8405,-1139.082,1712.062,1672.206,0.850,1968.0723,ATTENTION
Bikonvex-Singlets (LB),LB1723-AB,58.667,58.6669,56.4274,-2239.500,1887.182,1711.841,0.786,2177.4714,ATTENTION
Bikonvex-Singlets (LB),LB1723-B,58.980,58.9796,57.8405,-1139.082,1712.062,1672.206,0.850,1968.0723,ATTENTION
Bikonvex-Singlets (LB),LB1723-C,58.980,58.9796,57.8405,-1139.082,1712.062,1672.206,0.850,1968.0723,ATTENTION
Bikonvex-Singlets (LB),LB1723,58.980,58.9796,57.8405,-1139.082,1712.062,1672.206,0.850,1968.0723,ATTENTION
Bikonvex-Singlets (LB),LB1757-A,29.873,29.8733,28.0701,-1803.212,1067.864,790.857,0.850,930.1006,ATTENTION
Bikonvex-Singlets (LB),LB1757-AB,29.718,29.7179,27.9715,-1746.408,1057.608,794.609,0.787,1009.9886,ATTENTION
Bikonvex-Singlets (LB),LB1757-B,29.873,29.8733,28.0701,-1803.212,1067.864,790.857,0.850,930.1006,ATTENTION
Bikonvex-Singlets (LB),LB1757-C,29.873,29.8733,28.0701,-1803.212,1067.864,790.857,0.850,930.1006,ATTENTION
Bikonvex-Singlets (LB),LB1757,29.873,29.8733,28.0701,-1803.212,1067.864,790.857,0.850,930.1006,ATTENTION
Bikonvex-Singlets (LB),LB1761-A,24.545,24.5453,22.5974,-1947.821,1770.472,1486.326,0.645,2304.1587,ATTENTION
Bikonvex-Singlets (LB),LB1761-AB,24.405,24.4054,22.5022,-1903.209,1769.573,1495.930,0.597,2507.5463,ATTENTION
Bikonvex-Singlets (LB),LB1761-B,24.545,24.5453,22.5974,-1947.821,1770.472,1486.326,0.645,2304.1587,ATTENTION
Bikonvex-Singlets (LB),LB1761-C,24.545,24.5453,22.5974,-1947.821,1770.472,1486.326,0.645,2304.1587,ATTENTION
Bikonvex-Singlets (LB),LB1761,24.545,24.5453,22.5974,-1947.821,1770.472,1486.326,0.645,2304.1587,ATTENTION
Bikonvex-Singlets (LB),LB1779-A,301.213,301.2130,301.0649,-148.128,7.324,5.697,10.117,0.5631,PASSED
Bikonvex-Singlets (LB),LB1779-AB,299.639,299.6386,300.0899,451.299,15.185,5.717,9.364,0.6106,PASSED
Bikonvex-Singlets (LB),LB1779-B,301.213,301.2130,301.0649,-148.128,7.324,5.697,10.117,0.5631,PASSED
Bikonvex-Singlets (LB),LB1779-C,301.213,301.2130,301.0649,-148.128,7.324,5.697,10.117,0.5631,PASSED
Bikonvex-Singlets (LB),LB1779,301.213,301.2130,301.0649,-148.128,7.324,5.697,10.117,0.5631,PASSED
Bikonvex-Singlets (LB),LB1811-A,35.189,35.1893,33.7987,-1390.580,679.184,521.079,1.049,496.6621,ATTENTION
Bikonvex-Singlets (LB),LB1811-AB,35.009,35.0093,33.6861,-1323.144,668.566,523.299,0.971,538.9888,ATTENTION
Bikonvex-Singlets (LB),LB1811-B,35.189,35.1893,33.7987,-1390.580,679.184,521.079,1.049,496.6621,ATTENTION
Bikonvex-Singlets (LB),LB1811-C,35.189,35.1893,33.7987,-1390.580,679.184,521.079,1.049,496.6621,ATTENTION
Bikonvex-Singlets (LB),LB1811,35.189,35.1893,33.7987,-1390.580,679.184,521.079,1.049,496.6621,ATTENTION
Bikonvex-Singlets (LB),LB1844-A,51.023,51.0227,50.8197,-202.951,32.228,25.884,3.334,7.7632,ATTENTION
Bikonvex-Singlets (LB),LB1844-AB,50.763,50.7625,50.6586,-103.940,27.787,25.976,3.086,8.4175,ATTENTION
Bikonvex-Singlets (LB),LB1844-B,51.023,51.0227,50.8197,-202.951,32.228,25.884,3.334,7.7632,ATTENTION
Bikonvex-Singlets (LB),LB1844-C,51.023,51.0227,50.8197,-202.951,32.228,25.884,3.334,7.7632,ATTENTION
Bikonvex-Singlets (LB),LB1844,51.023,51.0227,50.8197,-202.951,32.228,25.884,3.334,7.7632,ATTENTION
Bikonvex-Singlets (LB),LB1859-A,1001.847,1001.8466,1001.6359,-210.796,5.677,4.101,16.876,0.2430,PASSED
Bikonvex-Singlets (LB),LB1859-AB,996.593,996.5934,998.3826,1789.281,33.678,4.116,15.620,0.2635,PASSED
Bikonvex-Singlets (LB),LB1859-B,1001.847,1001.8466,1001.6359,-210.796,5.677,4.101,16.876,0.2430,PASSED
Bikonvex-Singlets (LB),LB1859-C,1001.847,1001.8466,1001.6359,-210.796,5.677,4.101,16.876,0.2430,PASSED
Bikonvex-Singlets (LB),LB1859,1001.847,1001.8466,1001.6359,-210.796,5.677,4.101,16.876,0.2430,PASSED
Bikonvex-Singlets (LB),LB1862-A,401.636,401.6358,401.2160,-419.756,32.342,25.721,6.733,3.8203,PASSED
Bikonvex-Singlets (LB),LB1862-AB,399.538,399.5376,399.9166,378.999,31.333,25.812,6.231,4.1423,PASSED
Bikonvex-Singlets (LB),LB1862-B,401.636,401.6358,401.2160,-419.756,32.342,25.721,6.733,3.8203,PASSED
Bikonvex-Singlets (LB),LB1862-C,401.636,401.6358,401.2160,-419.756,32.342,25.721,6.733,3.8203,PASSED
Bikonvex-Singlets (LB),LB1862,401.636,401.6358,401.2160,-419.756,32.342,25.721,6.733,3.8203,PASSED
Bikonvex-Singlets (LB),LB1869-A,501.249,501.2493,501.1439,-105.355,2.837,2.050,16.876,0.1215,PASSED
Bikonvex-Singlets (LB),LB1869-AB,498.623,498.6233,499.5177,894.447,16.835,2.057,15.619,0.1317,PASSED
Bikonvex-Singlets (LB),LB1869-B,501.249,501.2493,501.1439,-105.355,2.837,2.050,16.876,0.1215,PASSED
Bikonvex-Singlets (LB),LB1869-C,501.249,501.2493,501.1439,-105.355,2.837,2.050,16.876,0.1215,PASSED
Bikonvex-Singlets (LB),LB1869,501.249,501.2493,501.1439,-105.355,2.837,2.050,16.876,0.1215,PASSED
Bikonvex-Singlets (LB),LB1889-A,251.419,251.4190,250.7629,-656.065,82.726,66.393,4.187,15.8567,ATTENTION
Bikonvex-Singlets (LB),LB1889-AB,250.110,250.1100,249.9522,-157.776,67.686,66.630,3.875,17.1935,ATTENTION
Bikonvex-Singlets (LB),LB1889-B,251.419,251.4190,250.7629,-656.065,82.726,66.393,4.187,15.8567,ATTENTION
Bikonvex-Singlets (LB),LB1889-C,251.419,251.4190,250.7629,-656.065,82.726,66.393,4.187,15.8567,ATTENTION
Bikonvex-Singlets (LB),LB1889,251.419,251.4190,250.7629,-656.065,82.726,66.393,4.187,15.8567,ATTENTION
Bikonvex-Singlets (LB),LB1901-A,75.851,75.8510,75.3000,-551.027,117.823,94.445,2.475,38.1540,ATTENTION
Bikonvex-Singlets (LB),LB1901-AB,75.461,75.4605,75.0580,-402.470,107.935,94.788,2.291,41.3739,ATTENTION
Bikonvex-Singlets (LB),LB1901-B,75.851,75.8510,75.3000,-551.027,117.823,94.445,2.475,38.1540,ATTENTION
Bikonvex-Singlets (LB),LB1901-C,75.851,75.8510,75.3000,-551.027,117.823,94.445,2.475,38.1540,ATTENTION
Bikonvex-Singlets (LB),LB1901,75.851,75.8510,75.3000,-551.027,117.823,94.445,2.475,38.1540,ATTENTION
Bikonvex-Singlets (LB),LB1904-A,126.046,126.0460,125.7186,-327.404,41.283,33.132,4.187,7.9128,ATTENTION
Bikonvex-Singlets (LB),LB1904-AB,125.558,125.5585,125.3136,-244.897,38.042,33.250,3.875,8.5799,ATTENTION
Bikonvex-Singlets (LB),LB1904-B,126.046,126.0460,125.7186,-327.404,41.283,33.132,4.187,7.9128,ATTENTION
Bikonvex-Singlets (LB),LB1904-C,126.046,126.0460,125.7186,-327.404,41.283,33.132,4.187,7.9128,ATTENTION
Bikonvex-Singlets (LB),LB1904,126.046,126.0460,125.7186,-327.404,41.283,33.132,4.187,7.9128,ATTENTION
Bikonvex-Singlets (LB),LB1909-A,501.710,501.7103,501.3656,-344.639,20.867,16.434,8.425,1.9505,PASSED
Bikonvex-Singlets (LB),LB1909-AB,499.086,499.0861,499.7405,654.407,29.532,16.492,7.798,2.1149,PASSED
Bikonvex-Singlets (LB),LB1909-B,501.710,501.7103,501.3656,-344.639,20.867,16.434,8.425,1.9505,PASSED
Bikonvex-Singlets (LB),LB1909-C,501.710,501.7103,501.3656,-344.639,20.867,16.434,8.425,1.9505,PASSED
Bikonvex-Singlets (LB),LB1909,501.710,501.7103,501.3656,-344.639,20.867,16.434,8.425,1.9505,PASSED
Bikonvex-Singlets (LB),LB1917-A,301.517,301.5166,300.9671,-549.462,57.326,45.909,5.037,9.1144,ATTENTION
Bikonvex-Singlets (LB),LB1917-AB,299.945,299.9445,299.9935,48.939,46.175,46.073,4.662,9.8827,ATTENTION
Bikonvex-Singlets (LB),LB1917-B,301.517,301.5166,300.9671,-549.462,57.326,45.909,5.037,9.1144,ATTENTION
Bikonvex-Singlets (LB),LB1917-C,301.517,301.5166,300.9671,-549.462,57.326,45.909,5.037,9.1144,ATTENTION
Bikonvex-Singlets (LB),LB1917,301.517,301.5166,300.9671,-549.462,57.326,45.909,5.037,9.1144,ATTENTION
Bikonvex-Singlets (LB),LB1945-A,201.153,201.1527,200.9431,-209.635,16.152,12.845,6.732,1.9080,PASSED
Bikonvex-Singlets (LB),LB1945-AB,200.104,200.1042,200.2937,189.504,15.654,12.891,6.231,2.0688,PASSED
Bikonvex-Singlets (LB),LB1945-B,201.153,201.1527,200.9431,-209.635,16.152,12.845,6.732,1.9080,PASSED
Bikonvex-Singlets (LB),LB1945-C,201.153,201.1527,200.9431,-209.635,16.152,12.845,6.732,1.9080,PASSED
Bikonvex-Singlets (LB),LB1945,201.153,201.1527,200.9431,-209.635,16.152,12.845,6.732,1.9080,PASSED
Bikonvex-Singlets (LB),LB4003-1064,11.928,11.9282,31.4934,19565.147,2097.724,23.425,2.780,8.4255,ATTENTION
Bikonvex-Singlets (LB),LB4003-1550,30.893,30.8934,30.5591,-334.393,99.695,83.455,1.808,46.1491,ATTENTION
Bikonvex-Singlets (LB),LB4003-532,11.928,11.9282,31.4934,19565.147,2097.724,23.425,2.780,8.4255,ATTENTION
Bikonvex-Singlets (LB),LB4003-A,30.892,30.8921,30.5591,-332.995,99.570,83.455,1.808,46.1491,ATTENTION
Bikonvex-Singlets (LB),LB4003-AB,30.892,30.8923,30.5591,-333.293,99.597,83.455,1.808,46.1491,ATTENTION
Bikonvex-Singlets (LB),LB4003-B,30.892,30.8921,30.5591,-332.995,99.570,83.455,1.808,46.1491,ATTENTION
Bikonvex-Singlets (LB),LB4003-C,30.892,30.8921,30.5591,-332.995,99.570,83.455,1.808,46.1491,ATTENTION
Bikonvex-Singlets (LB),LB4003-UV,30.843,30.8426,30.4557,-386.883,105.009,83.763,1.675,50.0195,ATTENTION
Bikonvex-Singlets (LB),LB4003-YAG,11.928,11.9282,31.4934,19565.147,2097.724,23.425,2.780,8.4255,ATTENTION
Bikonvex-Singlets (LB),LB4003,30.843,30.8426,30.4557,-386.883,105.009,83.763,1.675,50.0195,ATTENTION
Bikonvex-Singlets (LB),LB4030-1064,40.261,40.2608,39.0261,-1234.770,537.639,426.230,1.133,376.3152,ATTENTION
Bikonvex-Singlets (LB),LB4030-1550,40.261,40.2608,39.0261,-1234.770,537.639,426.230,1.133,376.3152,ATTENTION
Bikonvex-Singlets (LB),LB4030-532,40.261,40.2608,39.0261,-1234.770,537.639,426.230,1.133,376.3152,ATTENTION
Bikonvex-Singlets (LB),LB4030-A,40.261,40.2608,39.0261,-1234.770,537.639,426.230,1.133,376.3152,ATTENTION
Bikonvex-Singlets (LB),LB4030-AB,40.258,40.2578,39.0261,-1231.731,537.147,426.230,1.133,376.3152,ATTENTION
Bikonvex-Singlets (LB),LB4030-B,40.261,40.2608,39.0261,-1234.770,537.639,426.230,1.133,376.3152,ATTENTION
Bikonvex-Singlets (LB),LB4030-C,40.261,40.2608,39.0261,-1234.770,537.639,426.230,1.133,376.3152,ATTENTION
Bikonvex-Singlets (LB),LB4030-UV,40.196,40.1956,38.8886,-1306.982,551.765,427.987,1.049,408.0936,ATTENTION
Bikonvex-Singlets (LB),LB4030-YAG,40.261,40.2608,39.0261,-1234.770,537.639,426.230,1.133,376.3152,ATTENTION
Bikonvex-Singlets (LB),LB4030,40.196,40.1956,38.8886,-1306.982,551.765,427.987,1.049,408.0936,ATTENTION
Bikonvex-Singlets (LB),LB4096-1064,50.528,50.5284,49.6437,-884.618,309.373,253.143,1.476,171.5572,ATTENTION
Bikonvex-Singlets (LB),LB4096-1550,50.528,50.5284,49.6437,-884.618,309.373,253.143,1.476,171.5572,ATTENTION
Bikonvex-Singlets (LB),LB4096-532,50.528,50.5284,49.6437,-884.618,309.373,253.143,1.476,171.5572,ATTENTION
Bikonvex-Singlets (LB),LB4096-A,50.446,50.4459,49.4711,-974.836,321.372,254.123,1.366,185.9858,ATTENTION
Bikonvex-Singlets (LB),LB4096-AB,50.525,50.5245,49.6437,-880.794,308.932,253.143,1.476,171.5572,ATTENTION
Bikonvex-Singlets (LB),LB4096-B,50.446,50.4459,49.4711,-974.836,321.372,254.123,1.366,185.9858,ATTENTION
Bikonvex-Singlets (LB),LB4096-C,50.446,50.4459,49.4711,-974.836,321.372,254.123,1.366,185.9858,ATTENTION
Bikonvex-Singlets (LB),LB4096-UV,50.446,50.4459,49.4711,-974.836,321.372,254.123,1.366,185.9858,ATTENTION
Bikonvex-Singlets (LB),LB4096-YAG,50.528,50.5284,49.6437,-884.618,309.373,253.143,1.476,171.5572,ATTENTION
Bikonvex-Singlets (LB),LB4096,50.446,50.4459,49.4711,-974.836,321.372,254.123,1.366,185.9858,ATTENTION
Bikonvex-Singlets (LB),LB4140-1064,151.100,151.1005,150.1449,-955.594,244.153,211.384,2.297,92.0289,ATTENTION
Bikonvex-Singlets (LB),LB4140-1550,151.100,151.1005,150.1449,-955.594,244.153,211.384,2.297,92.0289,ATTENTION
Bikonvex-Singlets (LB),LB4140-532,151.100,151.1005,150.1449,-955.594,244.153,211.384,2.297,92.0289,ATTENTION
Bikonvex-Singlets (LB),LB4140-A,151.100,151.1005,150.1449,-955.594,244.153,211.384,2.297,92.0289,ATTENTION
Bikonvex-Singlets (LB),LB4140-AB,151.089,151.0889,150.1494,-939.458,243.119,211.378,2.299,91.9606,ATTENTION
Bikonvex-Singlets (LB),LB4140-B,151.100,151.1005,150.1449,-955.594,244.153,211.384,2.297,92.0289,ATTENTION
Bikonvex-Singlets (LB),LB4140-C,151.100,151.1005,150.1449,-955.594,244.153,211.384,2.297,92.0289,ATTENTION
Bikonvex-Singlets (LB),LB4140-UV,150.850,150.8495,149.6210,-1228.557,264.322,212.165,2.127,99.7470,ATTENTION
Bikonvex-Singlets (LB),LB4140-YAG,151.100,151.1005,150.1449,-955.594,244.153,211.384,2.297,92.0289,ATTENTION
Bikonvex-Singlets (LB),LB4140,150.850,150.8495,149.6210,-1228.557,264.322,212.165,2.127,99.7470,ATTENTION
Bikonvex-Singlets (LB),LB4223-1064,752.519,752.5195,753.8389,1319.374,16.345,1.010,23.596,0.0428,PASSED
Bikonvex-Singlets (LB),LB4223-1550,752.519,752.5195,753.8389,1319.374,16.345,1.010,23.596,0.0428,PASSED
Bikonvex-Singlets (LB),LB4223-532,752.519,752.5195,753.8389,1319.374,16.345,1.010,23.596,0.0428,PASSED
Bikonvex-Singlets (LB),LB4223-A,752.519,752.5195,753.8389,1319.374,16.345,1.010,23.596,0.0428,PASSED
Bikonvex-Singlets (LB),LB4223-AB,752.461,752.4609,753.8389,1377.968,17.068,1.010,23.596,0.0428,PASSED
Bikonvex-Singlets (LB),LB4223-B,752.519,752.5195,753.8389,1319.374,16.345,1.010,23.596,0.0428,PASSED
Bikonvex-Singlets (LB),LB4223-C,752.519,752.5195,753.8389,1319.374,16.345,1.010,23.596,0.0428,PASSED
Bikonvex-Singlets (LB),LB4223-UV,751.250,751.2501,751.1925,-57.646,1.241,1.014,21.851,0.0464,PASSED
Bikonvex-Singlets (LB),LB4223-YAG,752.519,752.5195,753.8389,1319.374,16.345,1.010,23.596,0.0428,PASSED
Bikonvex-Singlets (LB),LB4223,751.250,751.2501,751.1925,-57.646,1.241,1.014,21.851,0.0464,PASSED
Bikonvex-Singlets (LB),LB4265-1064,152.281,152.2813,151.2707,-1010.623,67.921,25.450,4.689,5.4273,ATTENTION
Bikonvex-Singlets (LB),LB4265-1550,152.281,152.2813,151.2707,-1010.623,67.921,25.450,4.689,5.4273,ATTENTION
Bikonvex-Singlets (LB),LB4265-532,152.281,152.2813,151.2707,-1010.623,67.921,25.450,4.689,5.4273,ATTENTION
Bikonvex-Singlets (LB),LB4265-A,151.293,151.2931,151.2707,-22.457,25.489,25.450,4.689,5.4273,ATTENTION
Bikonvex-Singlets (LB),LB4265-AB,151.281,151.2814,151.2707,-10.783,25.459,25.450,4.689,5.4273,ATTENTION
Bikonvex-Singlets (LB),LB4265-B,151.293,151.2931,151.2707,-22.457,25.489,25.450,4.689,5.4273,ATTENTION
Bikonvex-Singlets (LB),LB4265-C,151.293,151.2931,151.2707,-22.457,25.489,25.450,4.689,5.4273,ATTENTION
Bikonvex-Singlets (LB),LB4265-UV,151.040,151.0403,150.7435,-296.815,31.573,25.542,4.343,5.8817,ATTENTION
Bikonvex-Singlets (LB),LB4265-YAG,152.281,152.2813,151.2707,-1010.623,67.921,25.450,4.689,5.4273,ATTENTION
Bikonvex-Singlets (LB),LB4265,151.040,151.0403,150.7435,-296.815,31.573,25.542,4.343,5.8817,ATTENTION
Bikonvex-Singlets (LB),LB4280-1064,11.178,11.1782,10.5383,-639.978,177.883,82.522,1.216,67.8759,ATTENTION
Bikonvex-Singlets (LB),LB4280-1550,11.178,11.1782,10.5383,-639.978,177.883,82.522,1.216,67.8759,ATTENTION
Bikonvex-Singlets (LB),LB4280-532,11.178,11.1782,10.5383,-639.978,177.883,82.522,1.216,67.8759,ATTENTION
Bikonvex-Singlets (LB),LB4280-A,10.789,10.7887,10.5383,-250.406,103.013,82.522,1.216,67.8759,ATTENTION
Bikonvex-Singlets (LB),LB4280-AB,10.789,10.7888,10.5383,-250.501,103.027,82.522,1.216,67.8759,ATTENTION
Bikonvex-Singlets (LB),LB4280-B,10.789,10.7887,10.5383,-250.406,103.013,82.522,1.216,67.8759,ATTENTION
Bikonvex-Singlets (LB),LB4280-C,10.789,10.7887,10.5383,-250.406,103.013,82.522,1.216,67.8759,ATTENTION
Bikonvex-Singlets (LB),LB4280-UV,10.806,10.8059,10.5383,-267.638,105.607,82.522,1.216,67.8759,ATTENTION
Bikonvex-Singlets (LB),LB4280-YAG,11.178,11.1782,10.5383,-639.978,177.883,82.522,1.216,67.8759,ATTENTION
Bikonvex-Singlets (LB),LB4280,10.806,10.8059,10.5383,-267.638,105.607,82.522,1.216,67.8759,ATTENTION
Bikonvex-Singlets (LB),LB4282-1064,201.438,201.4377,201.5823,144.601,15.768,14.258,6.270,2.2738,PASSED
Bikonvex-Singlets (LB),LB4282-1550,201.438,201.4377,201.5823,144.601,15.768,14.258,6.270,2.2738,PASSED
Bikonvex-Singlets (LB),LB4282-532,201.438,201.4377,201.5823,144.601,15.768,14.258,6.270,2.2738,PASSED
Bikonvex-Singlets (LB),LB4282-A,201.438,201.4377,201.5823,144.601,15.768,14.258,6.270,2.2738,PASSED
Bikonvex-Singlets (LB),LB4282-AB,201.422,201.4221,201.5823,160.200,16.091,14.258,6.270,2.2738,PASSED
Bikonvex-Singlets (LB),LB4282-B,201.438,201.4377,201.5823,144.601,15.768,14.258,6.270,2.2738,PASSED
Bikonvex-Singlets (LB),LB4282-C,201.438,201.4377,201.5823,144.601,15.768,14.258,6.270,2.2738,PASSED
Bikonvex-Singlets (LB),LB4282-UV,201.100,201.1000,200.8784,-221.670,17.665,14.309,5.807,2.4641,PASSED
Bikonvex-Singlets (LB),LB4282-YAG,201.438,201.4377,201.5823,144.601,15.768,14.258,6.270,2.2738,PASSED
Bikonvex-Singlets (LB),LB4282,201.100,201.1000,200.8784,-221.670,17.665,14.309,5.807,2.4641,PASSED
Bikonvex-Singlets (LB),LB4293-1064,1003.493,1003.4925,1005.1530,1660.404,31.143,4.549,15.726,0.2893,PASSED
Bikonvex-Singlets (LB),LB4293-1550,1003.493,1003.4925,1005.1530,1660.404,31.143,4.549,15.726,0.2893,PASSED
Bikonvex-Singlets (LB),LB4293-532,1003.493,1003.4925,1005.1530,1660.404,31.143,4.549,15.726,0.2893,PASSED
Bikonvex-Singlets (LB),LB4293-A,1003.493,1003.4925,1005.1530,1660.404,31.143,4.549,15.726,0.2893,PASSED
Bikonvex-Singlets (LB),LB4293-AB,1003.414,1003.4144,1005.1835,1769.018,33.137,4.549,15.737,0.2891,PASSED
Bikonvex-Singlets (LB),LB4293-B,1003.493,1003.4925,1005.1530,1660.404,31.143,4.549,15.726,0.2893,PASSED
Bikonvex-Singlets (LB),LB4293-C,1003.493,1003.4925,1005.1530,1660.404,31.143,4.549,15.726,0.2893,PASSED
Bikonvex-Singlets (LB),LB4293-UV,1001.800,1001.8003,1001.6250,-175.369,5.613,4.566,14.563,0.3135,PASSED
Bikonvex-Singlets (LB),LB4293-YAG,1003.493,1003.4925,1005.1530,1660.404,31.143,4.549,15.726,0.2893,PASSED
Bikonvex-Singlets (LB),LB4293,1001.800,1001.8003,1001.6250,-175.369,5.613,4.566,14.563,0.3135,PASSED
Bikonvex-Singlets (LB),LB4330-1064,75.877,75.8775,75.4015,-475.961,121.658,105.343,2.297,45.8643,ATTENTION
Bikonvex-Singlets (LB),LB4330-1550,75.877,75.8775,75.4015,-475.961,121.658,105.343,2.297,45.8643,ATTENTION
Bikonvex-Singlets (LB),LB4330-532,75.877,75.8775,75.4015,-475.961,121.658,105.343,2.297,45.8643,ATTENTION
Bikonvex-Singlets (LB),LB4330-A,75.877,75.8775,75.4015,-475.961,121.658,105.343,2.297,45.8643,ATTENTION
Bikonvex-Singlets (LB),LB4330-AB,75.872,75.8717,75.4015,-470.168,121.289,105.343,2.297,45.8643,ATTENTION
Bikonvex-Singlets (LB),LB4330-B,75.877,75.8775,75.4015,-475.961,121.658,105.343,2.297,45.8643,ATTENTION
Bikonvex-Singlets (LB),LB4330-C,75.877,75.8775,75.4015,-475.961,121.658,105.343,2.297,45.8643,ATTENTION
Bikonvex-Singlets (LB),LB4330-UV,75.752,75.7522,75.1400,-612.198,131.721,105.731,2.127,49.7099,ATTENTION
Bikonvex-Singlets (LB),LB4330-YAG,75.877,75.8775,75.4015,-475.961,121.658,105.343,2.297,45.8643,ATTENTION
Bikonvex-Singlets (LB),LB4330,75.752,75.7522,75.1400,-612.198,131.721,105.731,2.127,49.7099,ATTENTION
Bikonvex-Singlets (LB),LB4374-1064,1002.966,1002.9656,1004.7596,1793.972,16.644,0.568,31.465,0.0181,PASSED
Bikonvex-Singlets (LB),LB4374-1550,1002.966,1002.9656,1004.7596,1793.972,16.644,0.568,31.465,0.0181,PASSED
Bikonvex-Singlets (LB),LB4374-532,1002.966,1002.9656,1004.7596,1793.972,16.644,0.568,31.465,0.0181,PASSED
Bikonvex-Singlets (LB),LB4374-A,1002.966,1002.9656,1004.7596,1793.972,16.644,0.568,31.465,0.0181,PASSED
Bikonvex-Singlets (LB),LB4374-AB,1002.887,1002.8875,1004.7596,1872.103,17.368,0.568,31.465,0.0181,PASSED
Bikonvex-Singlets (LB),LB4374-B,1002.966,1002.9656,1004.7596,1793.972,16.644,0.568,31.465,0.0181,PASSED
Bikonvex-Singlets (LB),LB4374-C,1002.966,1002.9656,1004.7596,1793.972,16.644,0.568,31.465,0.0181,PASSED
Bikonvex-Singlets (LB),LB4374-UV,1001.273,1001.2728,1001.2304,-42.414,0.694,0.570,29.138,0.0196,PASSED
Bikonvex-Singlets (LB),LB4374-YAG,1002.966,1002.9656,1004.7596,1793.972,16.644,0.568,31.465,0.0181,PASSED
Bikonvex-Singlets (LB),LB4374,1001.273,1001.2728,1001.2304,-42.414,0.694,0.570,29.138,0.0196,PASSED
Bikonvex-Singlets (LB),LB4453-1064,502.068,502.0681,502.8981,830.020,15.568,2.274,15.725,0.1446,PASSED
Bikonvex-Singlets (LB),LB4453-1550,502.068,502.0681,502.8981,830.020,15.568,2.274,15.725,0.1446,PASSED
Bikonvex-Singlets (LB),LB4453-532,502.068,502.0681,502.8981,830.020,15.568,2.274,15.725,0.1446,PASSED
Bikonvex-Singlets (LB),LB4453-A,502.074,502.0736,502.8981,824.578,15.468,2.274,15.725,0.1446,PASSED
Bikonvex-Singlets (LB),LB4453-AB,502.029,502.0291,502.8981,869.068,16.285,2.274,15.725,0.1446,PASSED
Bikonvex-Singlets (LB),LB4453-B,502.074,502.0736,502.8981,824.578,15.468,2.274,15.725,0.1446,PASSED
Bikonvex-Singlets (LB),LB4453-C,502.074,502.0736,502.8981,824.578,15.468,2.274,15.725,0.1446,PASSED
Bikonvex-Singlets (LB),LB4453-UV,501.233,501.2331,501.1454,-87.641,2.805,2.282,14.563,0.1567,PASSED
Bikonvex-Singlets (LB),LB4453-YAG,502.068,502.0681,502.8981,830.020,15.568,2.274,15.725,0.1446,PASSED
Bikonvex-Singlets (LB),LB4453,501.233,501.2331,501.1454,-87.641,2.805,2.282,14.563,0.1567,PASSED
Bikonvex-Singlets (LB),LB4537-1064,10.798,10.7982,15.7167,4918.495,754.368,34.149,1.923,17.7627,ATTENTION
Bikonvex-Singlets (LB),LB4537-1550,10.798,10.7982,15.7167,4918.495,754.368,34.149,1.923,17.7627,ATTENTION
Bikonvex-Singlets (LB),LB4537-532,10.798,10.7982,15.7167,4918.495,754.368,34.149,1.923,17.7627,ATTENTION
Bikonvex-Singlets (LB),LB4537-A,15.858,15.8577,15.7167,-140.913,40.402,34.149,1.923,17.7627,ATTENTION
Bikonvex-Singlets (LB),LB4537-AB,15.858,15.8578,15.7167,-141.061,40.414,34.149,1.923,17.7627,ATTENTION
Bikonvex-Singlets (LB),LB4537-B,15.858,15.8577,15.7167,-140.913,40.402,34.149,1.923,17.7627,ATTENTION
Bikonvex-Singlets (LB),LB4537-C,15.858,15.8577,15.7167,-140.913,40.402,34.149,1.923,17.7627,ATTENTION
Bikonvex-Singlets (LB),LB4537-UV,15.884,15.8842,15.7167,-167.455,42.713,34.149,1.923,17.7627,ATTENTION
Bikonvex-Singlets (LB),LB4537-YAG,10.798,10.7982,15.7167,4918.495,754.368,34.149,1.923,17.7627,ATTENTION
Bikonvex-Singlets (LB),LB4537,15.884,15.8842,15.7167,-167.455,42.713,34.149,1.923,17.7627,ATTENTION
Bikonvex-Singlets (LB),LB4545-A,301.677,301.6768,302.0798,402.957,13.987,6.321,9.425,0.6706,PASSED
Bikonvex-Singlets (LB),LB4545-AB,301.654,301.6542,302.0810,426.730,14.630,6.304,9.433,0.6683,PASSED
Bikonvex-Singlets (LB),LB4545-B,301.677,301.6768,302.0798,402.957,13.987,6.321,9.425,0.6706,PASSED
Bikonvex-Singlets (LB),LB4545-C,301.677,301.6768,302.0798,402.957,13.987,6.321,9.425,0.6706,PASSED
Bikonvex-Singlets (LB),LB4545-UV,301.170,301.1697,301.0226,-147.162,7.820,6.343,8.728,0.7268,PASSED
Bikonvex-Singlets (LB),LB4545,301.170,301.1697,301.0226,-147.162,7.820,6.343,8.728,0.7268,PASSED
Bikonvex-Singlets (LB),LB4553-A,74.240,74.2395,71.4667,-2772.816,1293.485,1013.353,1.043,971.4311,ATTENTION
Bikonvex-Singlets (LB),LB4553-AB,74.234,74.2338,71.4667,-2767.088,1292.454,1013.353,1.043,971.4311,ATTENTION
Bikonvex-Singlets (LB),LB4553-B,74.240,74.2395,71.4667,-2772.816,1293.485,1013.353,1.043,971.4311,ATTENTION
Bikonvex-Singlets (LB),LB4553-C,74.240,74.2395,71.4667,-2772.816,1293.485,1013.353,1.043,971.4311,ATTENTION
Bikonvex-Singlets (LB),LB4553-UV,74.117,74.1168,71.2070,-2909.719,1324.082,1017.710,0.966,1053.7010,ATTENTION
Bikonvex-Singlets (LB),LB4553,74.117,74.1168,71.2070,-2909.719,1324.082,1017.710,0.966,1053.7010,ATTENTION
Bikonvex-Singlets (LB),LB4592-1064,58.103,58.1030,59.9104,1807.403,1707.086,1629.746,0.759,2148.2193,ATTENTION
Bikonvex-Singlets (LB),LB4592-1550,58.103,58.1030,59.9104,1807.403,1707.086,1629.746,0.759,2148.2193,ATTENTION
Bikonvex-Singlets (LB),LB4592-532,58.103,58.1030,59.9104,1807.403,1707.086,1629.746,0.759,2148.2193,ATTENTION
Bikonvex-Singlets (LB),LB4592-A,58.103,58.1030,59.9104,1807.403,1707.086,1629.746,0.759,2148.2193,ATTENTION
Bikonvex-Singlets (LB),LB4592-AB,58.098,58.0984,59.9104,1812.043,1707.475,1629.746,0.759,2148.2193,ATTENTION
Bikonvex-Singlets (LB),LB4592-B,58.103,58.1030,59.9104,1807.403,1707.086,1629.746,0.759,2148.2193,ATTENTION
Bikonvex-Singlets (LB),LB4592-C,58.103,58.1030,59.9104,1807.403,1707.086,1629.746,0.759,2148.2193,ATTENTION
Bikonvex-Singlets (LB),LB4592-UV,58.005,58.0049,59.7001,1695.176,1707.477,1639.065,0.702,2334.0470,ATTENTION
Bikonvex-Singlets (LB),LB4592-YAG,58.103,58.1030,59.9104,1807.403,1707.086,1629.746,0.759,2148.2193,ATTENTION
Bikonvex-Singlets (LB),LB4592,58.005,58.0049,59.7001,1695.176,1707.477,1639.065,0.702,2334.0470,ATTENTION
Bikonvex-Singlets (LB),LB4700-1064,11.538,11.5382,41.5423,30004.083,2060.567,14.936,3.738,3.9961,PASSED
Bikonvex-Singlets (LB),LB4700-1550,11.538,11.5382,41.5423,30004.083,2060.567,14.936,3.738,3.9961,PASSED
Bikonvex-Singlets (LB),LB4700-532,11.538,11.5382,41.5423,30004.083,2060.567,14.936,3.738,3.9961,PASSED
Bikonvex-Singlets (LB),LB4700-A,19.461,19.4614,41.2441,21782.727,1964.344,35.996,2.459,14.6407,ATTENTION
Bikonvex-Singlets (LB),LB4700-AB,40.998,40.9976,40.7871,-210.509,52.009,45.539,2.459,18.5220,ATTENTION
Bikonvex-Singlets (LB),LB4700-B,19.461,19.4614,41.2441,21782.727,1964.344,35.996,2.459,14.6407,ATTENTION
Bikonvex-Singlets (LB),LB4700-C,19.461,19.4614,41.2441,21782.727,1964.344,35.996,2.459,14.6407,ATTENTION
Bikonvex-Singlets (LB),LB4700-UV,40.931,40.9306,40.6482,-282.464,56.863,45.704,2.277,20.0735,ATTENTION
Bikonvex-Singlets (LB),LB4700-YAG,11.538,11.5382,41.5423,30004.083,2060.567,14.936,3.738,3.9961,PASSED
Bikonvex-Singlets (LB),LB4700,40.931,40.9306,40.6482,-282.464,56.863,45.704,2.277,20.0735,ATTENTION
Bikonvex-Singlets (LB),LB4710-1064,301.921,301.9211,301.8756,-45.473,51.065,50.986,4.689,10.8728,ATTENTION
Bikonvex-Singlets (LB),LB4710-1550,301.921,301.9211,301.8756,-45.473,51.065,50.986,4.689,10.8728,ATTENTION
Bikonvex-Singlets (LB),LB4710-532,301.921,301.9211,301.8756,-45.473,51.065,50.986,4.689,10.8728,ATTENTION
Bikonvex-Singlets (LB),LB4710-A,301.921,301.9211,301.8756,-45.473,51.065,50.986,4.689,10.8728,ATTENTION
Bikonvex-Singlets (LB),LB4710-AB,301.898,301.8977,301.8756,-22.107,51.005,50.986,4.689,10.8728,ATTENTION
Bikonvex-Singlets (LB),LB4710-B,301.921,301.9211,301.8756,-45.473,51.065,50.986,4.689,10.8728,ATTENTION
Bikonvex-Singlets (LB),LB4710-C,301.921,301.9211,301.8756,-45.473,51.065,50.986,4.689,10.8728,ATTENTION
Bikonvex-Singlets (LB),LB4710-UV,301.415,301.4151,300.8205,-594.628,63.253,51.169,4.343,11.7833,ATTENTION
Bikonvex-Singlets (LB),LB4710-YAG,301.921,301.9211,301.8756,-45.473,51.065,50.986,4.689,10.8728,ATTENTION
Bikonvex-Singlets (LB),LB4710,301.415,301.4151,300.8205,-594.628,63.253,51.169,4.343,11.7833,ATTENTION
Bikonvex-Singlets (LB),LB4738-1064,10.618,10.6182,20.8174,10199.156,1146.563,18.816,2.609,7.2126,ATTENTION
Bikonvex-Singlets (LB),LB4738-1550,10.618,10.6182,20.8174,10199.156,1146.563,18.816,2.609,7.2126,ATTENTION
Bikonvex-Singlets (LB),LB4738-532,10.618,10.6182,20.8174,10199.156,1146.563,18.816,2.609,7.2126,ATTENTION
Bikonvex-Singlets (LB),LB4738-A,21.002,21.0016,20.8174,-184.177,27.975,18.816,2.609,7.2126,ATTENTION
Bikonvex-Singlets (LB),LB4738-AB,20.905,20.9052,20.8174,-87.840,21.250,18.816,2.609,7.2126,ATTENTION
Bikonvex-Singlets (LB),LB4738-B,21.002,21.0016,20.8174,-184.177,27.975,18.816,2.609,7.2126,ATTENTION
Bikonvex-Singlets (LB),LB4738-C,21.002,21.0016,20.8174,-184.177,27.975,18.816,2.609,7.2126,ATTENTION
Bikonvex-Singlets (LB),LB4738-UV,20.872,20.8720,20.7484,-123.553,23.469,18.883,2.416,7.8160,ATTENTION
Bikonvex-Singlets (LB),LB4738-YAG,10.618,10.6182,20.8174,10199.156,1146.563,18.816,2.609,7.2126,ATTENTION
Bikonvex-Singlets (LB),LB4738,20.872,20.8720,20.7484,-123.553,23.469,18.883,2.416,7.8160,ATTENTION
Bikonvex-Singlets (LB),LB4743-1064,10.838,10.8382,10.6917,-146.516,53.597,45.143,1.504,30.0216,ATTENTION
Bikonvex-Singlets (LB),LB4743-1550,10.838,10.8382,10.6917,-146.516,53.597,45.143,1.504,30.0216,ATTENTION
Bikonvex-Singlets (LB),LB4743-532,10.838,10.8382,10.6917,-146.516,53.597,45.143,1.504,30.0216,ATTENTION
Bikonvex-Singlets (LB),LB4743-A,10.838,10.8382,10.6917,-146.516,53.597,45.143,1.504,30.0216,ATTENTION
Bikonvex-Singlets (LB),LB4743-AB,10.850,10.8501,10.6917,-158.332,54.888,45.143,1.504,30.0216,ATTENTION
Bikonvex-Singlets (LB),LB4743-B,10.838,10.8382,10.6917,-146.516,53.597,45.143,1.504,30.0216,ATTENTION
Bikonvex-Singlets (LB),LB4743-C,10.838,10.8382,10.6917,-146.516,53.597,45.143,1.504,30.0216,ATTENTION
Bikonvex-Singlets (LB),LB4743-UV,10.868,10.8682,10.6917,-176.424,56.993,45.143,1.504,30.0216,ATTENTION
Bikonvex-Singlets (LB),LB4743-YAG,10.838,10.8382,10.6917,-146.516,53.597,45.143,1.504,30.0216,ATTENTION
Bikonvex-Singlets (LB),LB4743,10.868,10.8682,10.6917,-176.424,56.993,45.143,1.504,30.0216,ATTENTION
Bikonvex-Singlets (LB),LB4821-1064,100.388,100.3884,98.6091,-1779.299,622.077,508.952,1.476,344.9048,ATTENTION
Bikonvex-Singlets (LB),LB4821-1550,100.388,100.3884,98.6091,-1779.299,622.077,508.952,1.476,344.9048,ATTENTION
Bikonvex-Singlets (LB),LB4821-532,100.388,100.3884,98.6091,-1779.299,622.077,508.952,1.476,344.9048,ATTENTION
Bikonvex-Singlets (LB),LB4821-A,100.388,100.3884,98.6091,-1779.299,622.077,508.952,1.476,344.9048,ATTENTION
Bikonvex-Singlets (LB),LB4821-AB,100.381,100.3807,98.6091,-1771.627,621.192,508.952,1.476,344.9048,ATTENTION
Bikonvex-Singlets (LB),LB4821-B,100.388,100.3884,98.6091,-1779.299,622.077,508.952,1.476,344.9048,ATTENTION
Bikonvex-Singlets (LB),LB4821-C,100.388,100.3884,98.6091,-1779.299,622.077,508.952,1.476,344.9048,ATTENTION
Bikonvex-Singlets (LB),LB4821-UV,100.229,100.2287,98.2684,-1960.303,646.129,510.902,1.366,373.8789,ATTENTION
Bikonvex-Singlets (LB),LB4821-YAG,100.388,100.3884,98.6091,-1779.299,622.077,508.952,1.476,344.9048,ATTENTION
Bikonvex-Singlets (LB),LB4821,100.229,100.2287,98.2684,-1960.303,646.129,510.902,1.366,373.8789,ATTENTION
Bikonvex-Singlets (LB),LB4837-A,251.565,251.5654,251.8467,281.305,13.872,9.109,7.849,1.1606,PASSED
Bikonvex-Singlets (LB),LB4837-AB,251.546,251.5459,251.8467,300.810,14.427,9.109,7.849,1.1606,PASSED
Bikonvex-Singlets (LB),LB4837-B,251.565,251.5654,251.8467,281.305,13.872,9.109,7.849,1.1606,PASSED
Bikonvex-Singlets (LB),LB4837-C,251.565,251.5654,251.8467,281.305,13.872,9.109,7.849,1.1606,PASSED
Bikonvex-Singlets (LB),LB4837-UV,251.143,251.1430,250.9661,-176.914,11.277,9.142,7.268,1.2577,PASSED
Bikonvex-Singlets (LB),LB4837,251.143,251.1430,250.9661,-176.914,11.277,9.142,7.268,1.2577,PASSED
Bikonvex-Singlets (LB),LB4842-1064,201.465,201.4645,200.9258,-538.667,127.013,116.378,3.100,37.5430,ATTENTION
Bikonvex-Singlets (LB),LB4842-1550,201.465,201.4645,200.9258,-538.667,127.013,116.378,3.100,37.5430,ATTENTION
Bikonvex-Singlets (LB),LB4842-532,201.465,201.4645,200.9258,-538.667,127.013,116.378,3.100,37.5430,ATTENTION
Bikonvex-Singlets (LB),LB4842-A,201.465,201.4645,200.9258,-538.667,127.013,116.378,3.100,37.5430,ATTENTION
Bikonvex-Singlets (LB),LB4842-AB,201.449,201.4490,200.9258,-523.137,126.433,116.378,3.100,37.5430,ATTENTION
Bikonvex-Singlets (LB),LB4842-B,201.465,201.4645,200.9258,-538.667,127.013,116.378,3.100,37.5430,ATTENTION
Bikonvex-Singlets (LB),LB4842-C,201.465,201.4645,200.9258,-538.667,127.013,116.378,3.100,37.5430,ATTENTION
Bikonvex-Singlets (LB),LB4842-UV,201.128,201.1284,200.2246,-903.752,144.849,116.801,2.871,40.6886,ATTENTION
Bikonvex-Singlets (LB),LB4842-YAG,201.465,201.4645,200.9258,-538.667,127.013,116.378,3.100,37.5430,ATTENTION
Bikonvex-Singlets (LB),LB4842,201.128,201.1284,200.2246,-903.752,144.849,116.801,2.871,40.6886,ATTENTION
Bikonvex-Singlets (LB),LB4854-1064,12.768,12.7682,20.0896,7321.368,1952.525,207.928,1.134,183.4159,ATTENTION
Bikonvex-Singlets (LB),LB4854-1550,12.768,12.7682,20.0896,7321.368,1952.525,207.928,1.134,183.4159,ATTENTION
Bikonvex-Singlets (LB),LB4854-532,12.768,12.7682,20.0896,7321.368,1952.525,207.928,1.134,183.4159,ATTENTION
Bikonvex-Singlets (LB),LB4854-A,20.659,20.6592,20.0218,-637.363,269.020,208.760,1.050,198.8752,ATTENTION
Bikonvex-Singlets (LB),LB4854-AB,20.692,20.6916,20.0896,-601.992,262.138,207.928,1.134,183.4159,ATTENTION
Bikonvex-Singlets (LB),LB4854-B,20.659,20.6592,20.0218,-637.363,269.020,208.760,1.050,198.8752,ATTENTION
Bikonvex-Singlets (LB),LB4854-C,20.659,20.6592,20.0218,-637.363,269.020,208.760,1.050,198.8752,ATTENTION
Bikonvex-Singlets (LB),LB4854-UV,20.659,20.6592,20.0218,-637.363,269.020,208.760,1.050,198.8752,ATTENTION
Bikonvex-Singlets (LB),LB4854-YAG,12.768,12.7682,20.0896,7321.368,1952.525,207.928,1.134,183.4159,ATTENTION
Bikonvex-Singlets (LB),LB4854,20.659,20.6592,20.0218,-637.363,269.020,208.760,1.050,198.8752,ATTENTION
Bikonvex-Singlets (LB),LB4879-1064,35.023,35.0234,33.4862,-1537.272,774.833,598.343,0.953,628.1756,ATTENTION
Bikonvex-Singlets (LB),LB4879-1550,35.023,35.0234,33.4862,-1537.272,774.833,598.343,0.953,628.1756,ATTENTION
Bikonvex-Singlets (LB),LB4879-532,35.023,35.0234,33.4862,-1537.272,774.833,598.343,0.953,628.1756,ATTENTION
Bikonvex-Singlets (LB),LB4879-A,34.967,34.9667,33.3657,-1601.059,791.381,600.976,0.882,681.4642,ATTENTION
Bikonvex-Singlets (LB),LB4879-AB,35.031,35.0308,33.5006,-1530.245,771.415,596.302,0.954,625.2808,ATTENTION
Bikonvex-Singlets (LB),LB4879-B,34.967,34.9667,33.3657,-1601.059,791.381,600.976,0.882,681.4642,ATTENTION
Bikonvex-Singlets (LB),LB4879-C,34.967,34.9667,33.3657,-1601.059,791.381,600.976,0.882,681.4642,ATTENTION
Bikonvex-Singlets (LB),LB4879-UV,34.967,34.9667,33.3657,-1601.059,791.381,600.976,0.882,681.4642,ATTENTION
Bikonvex-Singlets (LB),LB4879-YAG,35.023,35.0234,33.4862,-1537.272,774.833,598.343,0.953,628.1756,ATTENTION
Bikonvex-Singlets (LB),LB4879,34.967,34.9667,33.3657,-1601.059,791.381,600.976,0.882,681.4642,ATTENTION
Bikonvex-Singlets (LB),LB4910-1064,502.484,502.4839,503.0466,562.696,27.758,18.236,7.849,2.3234,PASSED
Bikonvex-Singlets (LB),LB4910-1550,502.484,502.4839,503.0466,562.696,27.758,18.236,7.849,2.3234,PASSED
Bikonvex-Singlets (LB),LB4910-532,502.484,502.4839,503.0466,562.696,27.758,18.236,7.849,2.3234,PASSED
Bikonvex-Singlets (LB),LB4910-A,502.484,502.4839,503.0466,562.696,27.758,18.236,7.849,2.3234,PASSED
Bikonvex-Singlets (LB),LB4910-AB,502.445,502.4448,503.0466,601.724,28.868,18.236,7.849,2.3234,PASSED
Bikonvex-Singlets (LB),LB4910-B,502.484,502.4839,503.0466,562.696,27.758,18.236,7.849,2.3234,PASSED
Bikonvex-Singlets (LB),LB4910-C,502.484,502.4839,503.0466,562.696,27.758,18.236,7.849,2.3234,PASSED
Bikonvex-Singlets (LB),LB4910-UV,501.639,501.6387,501.2846,-354.172,22.576,18.301,7.268,2.5179,PASSED
Bikonvex-Singlets (LB),LB4910-YAG,502.484,502.4839,503.0466,562.696,27.758,18.236,7.849,2.3234,PASSED
Bikonvex-Singlets (LB),LB4910,501.639,501.6387,501.2846,-354.172,22.576,18.301,7.268,2.5179,PASSED
Bikonvex-Singlets (LB),LB4913-A,126.213,126.2132,126.0619,-151.328,38.528,36.816,3.896,9.4490,ATTENTION
Bikonvex-Singlets (LB),LB4913-AB,126.182,126.1815,126.0619,-119.618,37.894,36.816,3.896,9.4490,ATTENTION
Bikonvex-Singlets (LB),LB4913-B,126.213,126.2132,126.0619,-151.328,38.528,36.816,3.896,9.4490,ATTENTION
Bikonvex-Singlets (LB),LB4913-C,126.213,126.2132,126.0619,-151.328,38.528,36.816,3.896,9.4490,ATTENTION
Bikonvex-Singlets (LB),LB4913-UV,125.981,125.9809,125.6232,-357.692,45.726,36.948,3.608,10.2402,ATTENTION
Bikonvex-Singlets (LB),LB4913,125.981,125.9809,125.6232,-357.692,45.726,36.948,3.608,10.2402,ATTENTION
Bikonvex-Singlets (LB),LB4915-1064,11.308,11.3082,51.5919,40283.631,1953.626,9.327,4.689,1.9889,PASSED
Bikonvex-Singlets (LB),LB4915-1550,11.308,11.3082,51.5919,40283.631,1953.626,9.327,4.689,1.9889,PASSED
Bikonvex-Singlets (LB),LB4915-532,11.308,11.3082,51.5919,40283.631,1953.626,9.327,4.689,1.9889,PASSED
Bikonvex-Singlets (LB),LB4915-A,51.064,51.0637,50.9310,-132.713,31.394,28.783,3.100,9.2845,ATTENTION
Bikonvex-Singlets (LB),LB4915-AB,51.064,51.0642,50.9310,-133.217,31.413,28.783,3.100,9.2845,ATTENTION
Bikonvex-Singlets (LB),LB4915-B,51.064,51.0637,50.9310,-132.713,31.394,28.783,3.100,9.2845,ATTENTION
Bikonvex-Singlets (LB),LB4915-C,51.064,51.0637,50.9310,-132.713,31.394,28.783,3.100,9.2845,ATTENTION
Bikonvex-Singlets (LB),LB4915-UV,50.980,50.9801,50.7566,-223.513,35.822,28.886,2.871,10.0619,ATTENTION
Bikonvex-Singlets (LB),LB4915-YAG,11.308,11.3082,51.5919,40283.631,1953.626,9.327,4.689,1.9889,PASSED
Bikonvex-Singlets (LB),LB4915,50.980,50.9801,50.7566,-223.513,35.822,28.886,2.871,10.0619,ATTENTION
Bikonvex-Singlets (LB),LB4941-A,101.057,101.0569,100.7884,-268.450,63.346,58.049,3.100,18.7272,ATTENTION
Bikonvex-Singlets (LB),LB4941-AB,101.061,101.0607,100.7921,-268.643,63.200,57.893,3.103,18.6600,ATTENTION
Bikonvex-Singlets (LB),LB4941-B,101.057,101.0569,100.7884,-268.450,63.346,58.049,3.100,18.7272,ATTENTION
Bikonvex-Singlets (LB),LB4941-C,101.057,101.0569,100.7884,-268.450,63.346,58.049,3.100,18.7272,ATTENTION
Bikonvex-Singlets (LB),LB4941-UV,100.889,100.8890,100.4383,-450.758,72.249,58.259,2.870,20.2961,ATTENTION
Bikonvex-Singlets (LB),LB4941,100.889,100.8890,100.4383,-450.758,72.249,58.259,2.870,20.2961,ATTENTION
Bikonvex-Singlets (LB),LB4972-1064,251.713,251.7134,251.4537,-259.713,76.316,73.785,3.896,18.9381,ATTENTION
Bikonvex-Singlets (LB),LB4972-1550,251.713,251.7134,251.4537,-259.713,76.316,73.785,3.896,18.9381,ATTENTION
Bikonvex-Singlets (LB),LB4972-532,251.713,251.7134,251.4537,-259.713,76.316,73.785,3.896,18.9381,ATTENTION
Bikonvex-Singlets (LB),LB4972-A,251.713,251.7134,251.4537,-259.713,76.316,73.785,3.896,18.9381,ATTENTION
Bikonvex-Singlets (LB),LB4972-AB,251.694,251.6940,251.4537,-240.263,75.956,73.785,3.896,18.9381,ATTENTION
Bikonvex-Singlets (LB),LB4972-B,251.713,251.7134,251.4537,-259.713,76.316,73.785,3.896,18.9381,ATTENTION
Bikonvex-Singlets (LB),LB4972-C,251.713,251.7134,251.4537,-259.713,76.316,73.785,3.896,18.9381,ATTENTION
Bikonvex-Singlets (LB),LB4972-UV,251.292,251.2923,250.5755,-716.852,91.644,74.051,3.608,20.5242,ATTENTION
Bikonvex-Singlets (LB),LB4972-YAG,251.713,251.7134,251.4537,-259.713,76.316,73.785,3.896,18.9381,ATTENTION
Bikonvex-Singlets (LB),LB4972,251.292,251.2923,250.5755,-716.852,91.644,74.051,3.608,20.5242,ATTENTION
Bikonvex-Singlets (LB),LB5247-E,75.696,75.6964,75.0448,-651.607,140.295,112.515,2.283,49.2870,ATTENTION
Bikonvex-Singlets (LB),LB5247,75.696,75.6964,75.0448,-651.607,140.295,112.515,2.283,49.2870,ATTENTION
Bikonvex-Singlets (LB),LB5284-E,50.366,50.3662,49.3239,-1042.268,344.368,271.741,1.461,185.9861,ATTENTION
Bikonvex-Singlets (LB),LB5284,50.366,50.3662,49.3239,-1042.268,344.368,271.741,1.461,185.9861,ATTENTION
Bikonvex-Singlets (LB),LB5454-E,201.075,201.0751,200.8392,-235.934,18.765,15.182,6.246,2.4306,PASSED
Bikonvex-Singlets (LB),LB5454,201.075,201.0751,200.8392,-235.934,18.765,15.182,6.246,2.4306,PASSED
Bikonvex-Singlets (LB),LB5552-E,100.849,100.8495,100.3702,-479.229,76.811,61.898,3.085,20.0670,ATTENTION
Bikonvex-Singlets (LB),LB5552,100.849,100.8495,100.3702,-479.229,76.811,61.898,3.085,20.0670,ATTENTION
Bikonvex-Singlets (LB),LB5766-E,15.506,15.5056,14.4040,-1101.594,673.136,482.014,0.742,649.8148,ATTENTION
Bikonvex-Singlets (LB),LB5766,15.506,15.5056,14.4040,-1101.594,673.136,482.014,0.742,649.8148,ATTENTION
Bikonvex-Singlets (LB),LB5774-E,23.665,23.6652,28.4614,4796.255,1480.957,264.906,1.057,250.5344,ATTENTION
Bikonvex-Singlets (LB),LB5774,23.665,23.6652,28.4614,4796.255,1480.957,264.906,1.057,250.5344,ATTENTION
Bikonvex-Singlets (LB),LB5864-E,41.028,41.0282,40.7285,-299.694,60.364,48.480,2.444,19.8325,ATTENTION
Bikonvex-Singlets (LB),LB5864,41.028,41.0282,40.7285,-299.694,60.364,48.480,2.444,19.8325,ATTENTION
Bikonvex-Singlets (LB),LB5922-E,20.748,20.7484,20.0682,-680.269,288.325,222.867,1.118,199.3969,ATTENTION
Bikonvex-Singlets (LB),LB5922,20.748,20.7484,20.0682,-680.269,288.325,222.867,1.118,199.3969,ATTENTION
Bikonvex-Singlets (LB),LB7002-E3,41.505,41.5050,42.4565,951.521,97.810,14.103,52.056,0.2709,PASSED
Bikonvex-Singlets (LB),LB7436-E3,16.369,16.3693,16.4841,114.825,112.604,107.566,19.042,5.6487,ATTENTION
Bikonvex-Singlets (LB),LB7638-E3,101.462,101.4616,103.9404,2478.816,201.795,18.104,65.163,0.2778,PASSED
Bikonvex-Singlets (LB),LB7639-E3,21.430,21.4295,21.7508,321.310,89.061,58.155,25.721,2.2610,PASSED
Bikonvex-Singlets (LB),LB7834-E3,76.417,76.4166,78.1817,1765.094,194.485,32.358,48.778,0.6634,PASSED
Bikonvex-Singlets (LB),LB7887-E3,201.524,201.5240,206.7247,5200.664,209.879,4.507,130.568,0.0345,PASSED
Bikonvex-Singlets (LB),LB7896-E3,51.330,51.3298,52.3255,995.673,180.555,74.070,32.337,2.2906,PASSED
Bikonvex-Singlets (LB),LB7936-E3,26.411,26.4115,26.3945,-16.966,319.868,319.811,15.922,20.0867,ATTENTION
Bikonvex-Singlets (LB),LBF254-040-A,40.471,40.4712,39.7558,-715.384,300.438,235.368,1.153,204.0573,ATTENTION
Bikonvex-Singlets (LB),LBF254-040-B,40.471,40.4712,39.7558,-715.384,300.438,235.368,1.153,204.0573,ATTENTION
Bikonvex-Singlets (LB),LBF254-040-C,40.471,40.4712,39.7558,-715.384,300.438,235.368,1.153,204.0573,ATTENTION
Bikonvex-Singlets (LB),LBF254-040,40.471,40.4712,39.7558,-715.384,300.438,235.368,1.153,204.0573,ATTENTION
Bikonvex-Singlets (LB),LBF254-050-A,51.054,51.0541,50.5156,-538.578,176.811,140.527,1.491,94.2560,ATTENTION
Bikonvex-Singlets (LB),LBF254-050-B,51.054,51.0541,50.5156,-538.578,176.811,140.527,1.491,94.2560,ATTENTION
Bikonvex-Singlets (LB),LBF254-050-C,51.054,51.0541,50.5156,-538.578,176.811,140.527,1.491,94.2560,ATTENTION
Bikonvex-Singlets (LB),LBF254-050,51.054,51.0541,50.5156,-538.578,176.811,140.527,1.491,94.2560,ATTENTION
Bikonvex-Singlets (LB),LBF254-075-A,75.933,75.9331,75.5886,-344.455,74.042,59.532,2.299,25.8920,ATTENTION
Bikonvex-Singlets (LB),LBF254-075-B,75.933,75.9331,75.5886,-344.455,74.042,59.532,2.299,25.8920,ATTENTION
Bikonvex-Singlets (LB),LBF254-075-C,75.933,75.9331,75.5886,-344.455,74.042,59.532,2.299,25.8920,ATTENTION
Bikonvex-Singlets (LB),LBF254-075,75.933,75.9331,75.5886,-344.455,74.042,59.532,2.299,25.8920,ATTENTION
Bikonvex-Singlets (LB),LBF254-100-A,100.442,100.4424,100.1863,-256.086,41.176,33.229,3.085,10.7719,ATTENTION
Bikonvex-Singlets (LB),LBF254-100-B,100.442,100.4424,100.1863,-256.086,41.176,33.229,3.085,10.7719,ATTENTION
Bikonvex-Singlets (LB),LBF254-100-C,100.442,100.4424,100.1863,-256.086,41.176,33.229,3.085,10.7719,ATTENTION
Bikonvex-Singlets (LB),LBF254-100,100.442,100.4424,100.1863,-256.086,41.176,33.229,3.085,10.7719,ATTENTION
Bikonvex-Singlets (LB),LBF254-150-A,150.910,150.9104,150.7420,-168.380,17.922,14.500,4.671,3.1040,PASSED
Bikonvex-Singlets (LB),LBF254-150-B,150.910,150.9104,150.7420,-168.380,17.922,14.500,4.671,3.1040,PASSED
Bikonvex-Singlets (LB),LBF254-150-C,150.910,150.9104,150.7420,-168.380,17.922,14.500,4.671,3.1040,PASSED
Bikonvex-Singlets (LB),LBF254-150,150.910,150.9104,150.7420,-168.380,17.922,14.500,4.671,3.1040,PASSED
Bikonvex-Singlets (LB),LBF254-200-A,201.311,201.3108,201.1849,-125.867,10.018,8.112,6.253,1.2973,PASSED
Bikonvex-Singlets (LB),LBF254-200-B,201.311,201.3108,201.1849,-125.867,10.018,8.112,6.253,1.2973,PASSED
Bikonvex-Singlets (LB),LBF254-200-C,201.311,201.3108,201.1849,-125.867,10.018,8.112,6.253,1.2973,PASSED
Bikonvex-Singlets (LB),LBF254-200,201.311,201.3108,201.1849,-125.867,10.018,8.112,6.253,1.2973,PASSED
Bikonvex-Singlets (LB),LBF41040-A,40.237,40.2370,39.4407,-796.298,355.347,285.668,1.133,252.0712,ATTENTION
Bikonvex-Singlets (LB),LBF41040-AB,40.237,40.2370,39.4407,-796.298,355.347,285.668,1.133,252.0712,ATTENTION
Bikonvex-Singlets (LB),LBF41040-B,40.237,40.2370,39.4407,-796.298,355.347,285.668,1.133,252.0712,ATTENTION
Bikonvex-Singlets (LB),LBF41040-C,40.237,40.2370,39.4407,-796.298,355.347,285.668,1.133,252.0712,ATTENTION
Bikonvex-Singlets (LB),LBF41040-UV,40.237,40.2370,39.4407,-796.298,355.347,285.668,1.133,252.0712,ATTENTION
Bikonvex-Singlets (LB),LBF41040,40.237,40.2370,39.4407,-796.298,355.347,285.668,1.133,252.0712,ATTENTION
Bikonvex-Singlets (LB),LBF41050-A,52.518,52.5180,50.2762,-2241.849,482.317,169.258,1.473,114.9061,ATTENTION
Bikonvex-Singlets (LB),LBF41050-AB,52.518,52.5180,50.2762,-2241.849,482.317,169.258,1.473,114.9061,ATTENTION
Bikonvex-Singlets (LB),LBF41050-B,52.518,52.5180,50.2762,-2241.849,482.317,169.258,1.473,114.9061,ATTENTION
Bikonvex-Singlets (LB),LBF41050-C,52.518,52.5180,50.2762,-2241.849,482.317,169.258,1.473,114.9061,ATTENTION
Bikonvex-Singlets (LB),LBF41050-UV,52.518,52.5180,50.2762,-2241.849,482.317,169.258,1.473,114.9061,ATTENTION
Bikonvex-Singlets (LB),LBF41050,52.518,52.5180,50.2762,-2241.849,482.317,169.258,1.473,114.9061,ATTENTION
Bikonvex-Singlets (LB),LBF41075-A,76.266,76.2660,75.3568,-909.228,136.568,71.028,2.289,31.0267,ATTENTION
Bikonvex-Singlets (LB),LBF41075-AB,76.266,76.2660,75.3568,-909.228,136.568,71.028,2.289,31.0267,ATTENTION
Bikonvex-Singlets (LB),LBF41075-B,76.266,76.2660,75.3568,-909.228,136.568,71.028,2.289,31.0267,ATTENTION
Bikonvex-Singlets (LB),LBF41075-C,76.266,76.2660,75.3568,-909.228,136.568,71.028,2.289,31.0267,ATTENTION
Bikonvex-Singlets (LB),LBF41075-UV,76.266,76.2660,75.3568,-909.228,136.568,71.028,2.289,31.0267,ATTENTION
Bikonvex-Singlets (LB),LBF41075,76.266,76.2660,75.3568,-909.228,136.568,71.028,2.289,31.0267,ATTENTION
Bikonvex-Singlets (LB),LBF41100-A,100.576,100.5760,100.3893,-186.750,43.007,39.196,3.089,12.6882,ATTENTION
Bikonvex-Singlets (LB),LBF41100-AB,100.576,100.5760,100.3893,-186.750,43.007,39.196,3.089,12.6882,ATTENTION
Bikonvex-Singlets (LB),LBF41100-B,100.576,100.5760,100.3893,-186.750,43.007,39.196,3.089,12.6882,ATTENTION
Bikonvex-Singlets (LB),LBF41100-C,100.576,100.5760,100.3893,-186.750,43.007,39.196,3.089,12.6882,ATTENTION
Bikonvex-Singlets (LB),LBF41100-UV,100.576,100.5760,100.3893,-186.750,43.007,39.196,3.089,12.6882,ATTENTION
Bikonvex-Singlets (LB),LBF41100,100.576,100.5760,100.3893,-186.750,43.007,39.196,3.089,12.6882,ATTENTION
Bikonvex-Singlets (LB),LBF41150-A,149.981,149.9810,150.8453,864.321,56.706,17.164,4.673,3.6732,PASSED
Bikonvex-Singlets (LB),LBF41150-AB,149.981,149.9810,150.8453,864.321,56.706,17.164,4.673,3.6732,PASSED
Bikonvex-Singlets (LB),LBF41150-B,149.981,149.9810,150.8453,864.321,56.706,17.164,4.673,3.6732,PASSED
Bikonvex-Singlets (LB),LBF41150-C,149.981,149.9810,150.8453,864.321,56.706,17.164,4.673,3.6732,PASSED
Bikonvex-Singlets (LB),LBF41150-UV,149.981,149.9810,150.8453,864.321,56.706,17.164,4.673,3.6732,PASSED
Bikonvex-Singlets (LB),LBF41150,149.981,149.9810,150.8453,864.321,56.706,17.164,4.673,3.6732,PASSED
Bikonvex-Singlets (LB),LBF41200-A,199.442,199.4420,201.0730,1630.979,76.817,9.610,6.248,1.5380,PASSED
Bikonvex-Singlets (LB),LBF41200-AB,199.442,199.4420,201.0730,1630.979,76.817,9.610,6.248,1.5380,PASSED
Bikonvex-Singlets (LB),LBF41200-B,199.442,199.4420,201.0730,1630.979,76.817,9.610,6.248,1.5380,PASSED
Bikonvex-Singlets (LB),LBF41200-C,199.442,199.4420,201.0730,1630.979,76.817,9.610,6.248,1.5380,PASSED
Bikonvex-Singlets (LB),LBF41200-UV,199.442,199.4420,201.0730,1630.979,76.817,9.610,6.248,1.5380,PASSED
Bikonvex-Singlets (LB),LBF41200,199.442,199.4420,201.0730,1630.979,76.817,9.610,6.248,1.5380,PASSED
Sonstige Fokussierlinsen,MAP051919-A,31.275,31.2749,31.3945,119.518,29.859,16.799,1.451,11.5811,ATTENTION
Sonstige Fokussierlinsen,MAP051919-B,30.257,30.2573,30.3568,99.437,23.977,11.575,2.068,5.5965,ATTENTION
Sonstige Fokussierlinsen,MAP051925-A,37.867,37.8673,38.0249,157.571,29.788,16.051,1.863,8.6169,ATTENTION
Sonstige Fokussierlinsen,MAP051925-B,36.945,36.9454,37.1166,171.225,29.162,10.753,2.727,3.9427,PASSED
Sonstige Fokussierlinsen,MAP051950-A,56.714,56.7138,57.1837,469.930,47.900,23.966,3.320,7.2182,ATTENTION
Sonstige Fokussierlinsen,MAP051950-B,59.249,59.2489,59.7823,533.403,45.060,16.775,5.434,3.0870,PASSED
Sonstige Fokussierlinsen,MAP052550-A,61.892,61.8921,62.3624,470.232,38.872,9.640,3.655,2.6378,PASSED
Sonstige Fokussierlinsen,MAP052550-B,61.968,61.9685,62.4698,501.307,39.928,5.180,5.396,0.9598,PASSED
Sonstige Fokussierlinsen,MAP10100100-A,112.794,112.7935,113.3856,592.126,50.794,5.173,3.434,1.5061,PASSED
Sonstige Fokussierlinsen,MAP10100100-B,115.670,115.6696,116.2891,619.515,54.052,1.508,4.892,0.3083,PASSED
Sonstige Fokussierlinsen,MAP1030100-A,112.394,112.3939,113.7622,1368.290,155.256,118.474,3.965,29.8800,ATTENTION
Sonstige Fokussierlinsen,MAP1030100-B,121.742,121.7422,123.0181,1275.928,143.126,113.104,6.154,18.3782,ATTENTION
Sonstige Fokussierlinsen,MAP103030-A,55.086,55.0855,55.2860,200.486,85.939,70.863,1.245,56.8996,ATTENTION
Sonstige Fokussierlinsen,MAP103030-B,52.414,52.4142,52.5402,126.030,74.769,67.933,1.776,38.2442,ATTENTION
Sonstige Fokussierlinsen,MAP103040-A,61.595,61.5945,61.8917,297.200,95.462,77.562,1.588,48.8305,ATTENTION
Sonstige Fokussierlinsen,MAP103040-B,61.532,61.5316,61.7513,219.685,68.120,54.567,2.334,23.3837,ATTENTION
Sonstige Fokussierlinsen,MAP103050-A,71.879,71.8791,72.3494,470.317,91.976,64.957,2.127,30.5348,ATTENTION
Sonstige Fokussierlinsen,MAP103050-B,70.720,70.7203,71.0776,357.294,80.568,61.437,2.944,20.8705,ATTENTION
Sonstige Fokussierlinsen,MAP103075-A,93.098,93.0982,93.9620,863.830,123.380,91.876,3.064,29.9866,ATTENTION
Sonstige Fokussierlinsen,MAP103075-B,91.126,91.1264,91.7748,648.446,104.738,82.932,4.309,19.2445,ATTENTION
Sonstige Fokussierlinsen,MAP1040100-A,115.367,115.3673,116.3286,961.314,110.251,82.690,3.845,21.5057,ATTENTION
Sonstige Fokussierlinsen,MAP1040100-B,118.453,118.4527,119.4570,1004.278,81.025,25.738,5.571,4.6202,PASSED
Sonstige Fokussierlinsen,MAP104040-A,60.978,60.9781,61.1762,198.092,73.208,62.594,1.554,40.2722,ATTENTION
Sonstige Fokussierlinsen,MAP104040-B,62.083,62.0827,62.2790,196.280,42.573,18.311,2.222,8.2417,ATTENTION
Sonstige Fokussierlinsen,MAP1050100-A,116.848,116.8478,117.6962,848.396,69.888,19.968,3.710,5.3825,ATTENTION
Sonstige Fokussierlinsen,MAP1050100-B,117.294,117.2940,118.2845,990.512,79.873,9.724,5.328,1.8251,PASSED
Sonstige Fokussierlinsen,MAP105050-A,70.157,70.1573,70.4349,277.681,46.936,17.485,1.889,9.2578,ATTENTION
Sonstige Fokussierlinsen,MAP105050-B,69.105,69.1054,69.4174,312.089,49.760,9.760,2.759,3.5382,PASSED
Sonstige Fokussierlinsen,MAP105075-A,96.598,96.5980,97.1688,570.866,60.807,16.714,2.868,5.8285,ATTENTION
Sonstige Fokussierlinsen,MAP105075-B,90.919,90.9189,91.4918,572.853,62.799,7.905,3.931,2.0111,PASSED
Sonstige Fokussierlinsen,MAP1075150-A,160.923,160.9225,162.2088,1286.248,73.238,7.664,5.162,1.4847,PASSED
Sonstige Fokussierlinsen,MAP1075150-B,164.482,164.4822,165.8013,1319.116,76.101,3.656,7.394,0.4945,PASSED
Sonstige Fokussierlinsen,MAP107575-A,94.890,94.8895,95.3593,469.763,51.213,7.155,2.723,2.6280,PASSED
Sonstige Fokussierlinsen,MAP107575-B,89.040,89.0399,89.4403,400.339,46.845,2.609,3.667,0.7115,PASSED
Sonstige Fokussierlinsen,N414-A,5.895,5.8947,5.8762,-18.482,9.001,0.743,0.789,0.9412,PASSED
Sonstige Fokussierlinsen,N414-B,5.895,5.8947,5.8762,-18.482,9.001,0.743,0.789,0.9412,PASSED
Sonstige Fokussierlinsen,N414-C,5.895,5.8947,5.8762,-18.482,9.001,0.743,0.789,0.9412,PASSED
Sonstige Fokussierlinsen,N414TM-A,5.895,5.8947,5.8762,-18.482,9.001,0.743,0.789,0.9412,PASSED
Sonstige Fokussierlinsen,N414TM-B,5.895,5.8947,5.8762,-18.482,9.001,0.743,0.789,0.9412,PASSED
Sonstige Fokussierlinsen,N414TM-C,5.895,5.8947,5.8762,-18.482,9.001,0.743,0.789,0.9412,PASSED
Sonstige Fokussierlinsen,TRH064-010-A,13.732,13.7322,13.7130,-19.178,3.505,2.589,2.391,1.0827,PASSED
Sonstige Fokussierlinsen,TRH127-020-A,27.811,27.8111,27.7597,-51.359,7.681,5.667,2.906,1.9501,PASSED
Sonstige Fokussierlinsen,TRH254-040-A,54.204,54.2037,54.1745,-29.213,4.715,4.078,3.616,1.1279,PASSED
Sonstige Fokussierlinsen,TRS064-010-A,23.488,23.4877,23.4852,-2.561,1.441,1.431,4.501,0.3180,PASSED
Sonstige Fokussierlinsen,TRS127-020-A,47.256,47.2564,47.3370,80.543,4.472,0.860,5.363,0.1603,PASSED
Sonstige Fokussierlinsen,TRS254-040-A,99.479,99.4788,99.3299,-148.905,9.102,5.807,6.201,0.9364,PASSED
